Workbook

Sheet JAN25
C1: LGSP - Lufthansa Ground Services Portugal NIF : 509 842 593 Atividade: CAE 52230.R3 Sede e local de trabalho: Avenida da Boavista ED.Burgo, 1837 sala 13.1 Horario de Funcionamento: 24/7 IRT: Não Aplicável
A2: Hubs Services | C2: Janeiro | AI2: Ferias 2024 | AM2: Ferias 2025
C3: Qua | D3: Qui | E3: Sex | F3: Sab | G3: Dom | H3: Seg | I3: Ter | J3: Qua | K3: Qui | L3: Sex | M3: Sab | N3: Dom | O3: Seg | P3: Ter | Q3: Qua | R3: Qui | S3: Sex | T3: Sab | U3: Dom | V3: Seg | W3: Ter | X3: Qua | Y3: Qui | Z3: Sex | AA3: Sab | AB3: Dom | AC3: Seg | AD3: Ter | AE3: Qua | AF3: Qui | AG3: Sex | AI3: 2024 | AJ3: Used | AK3: LEFT | AM3: 2025 | AN3: Used | AO3: LEFT
A4: NOME | B4: NOME GENESYS | C4: 1 | D4: 2 | E4: 3 | F4: 4 | G4: 5 | H4: 6 | I4: 7 | J4: 8 | K4: 9 | L4: 10 | M4: 11 | N4: 12 | O4: 13 | P4: 14 | Q4: 15 | R4: 16 | S4: 17 | T4: 18 | U4: 19 | V4: 20 | W4: 21 | X4: 22 | Y4: 23 | Z4: 24 | AA4: 25 | AB4: 26 | AC4: 27 | AD4: 28 | AE4: 29 | AF4: 30 | AG4: 31
A5: Diana Reisinho | B5: REISINHO, DIANA | C5: K | D5: K | E5: K | F5: K | G5: K | H5: K | I5: K | J5: K | K5: K | L5: K | M5: K | N5: K | O5: K | P5: K | Q5: K | R5: K | S5: K | T5: K | U5: K | V5: K | W5: K | X5: K | Y5: K | Z5: K | AA5: K | AB5: K | AC5: K | AD5: K | AE5: K | AF5: K | AG5: K | AI5: 3 | AJ5: =COUNTIF(C5:AG5,"UA") -> 0 | AK5: =AI5-AJ5 -> 3 | AM5: 22 | AN5: =COUNTIF(C5:AG5,"U") -> 0 | AO5: =AM5-AN5 -> 22
A6: Catarina Ferreira | B6: FERREIRA, CATARINA | C6: P06 | D6: F | E6: F | F6: K | G6: K | H6: P14 | I6: P14 | J6: F | K6: F | L6: P06 | M6: P06 | N6: P06 | O6: P06 | P6: F | Q6: F | R6: P14 | S6: P14 | T6: F | U6: F | V6: TR-P08 | W6: TR-P08 | X6: TR-P08 | Y6: K | Z6: F | AA6: F | AB6: P06 | AC6: P06 | AD6: P06 | AE6: P06 | AF6: P14 | AG6: F | AI6: 0 | AJ6: =COUNTIF(C6:AG6,"UA") -> 0 | AK6: =AI6-AJ6 -> 0 | AM6: 19 | AN6: =COUNTIF(C6:AG6,"U") -> 0 | AO6: =AM6-AN6 -> 19
A7: João Santos Silva | B7: SANTOS SILVA, JOAO | E7: F | F7: F | G7: F | H7: K | I7: K | J7: K | K7: K | L7: K | M7: K | N7: K | O7: K | P7: K | Q7: K | R7: K | S7: K | T7: K | U7: K | V7: K | W7: K | X7: F | Y7: F | Z7: P06 | AA7: P06 | AB7: P06 | AC7: P06 | AD7: F | AE7: F | AF7: P06 | AG7: P06 | AI7: 0 | AJ7: =COUNTIF(C7:AG7,"UA") -> 0 | AK7: =AI7-AJ7 -> 0 | AM7: 22 | AN7: =COUNTIF(C7:AG7,"U") -> 0 | AO7: =AM7-AN7 -> 22
A8: Ana Magalhães | B8: MAGALHAES, ANA CATARINA | C8: H | D8: F | E8: F | F8: UA | G8: UA | H8: P14 | I8: P14 | J8: F | K8: F | L8: P06 | M8: P06 | N8: P06 | O8: P06 | P8: F | Q8: F | R8: P14 | S8: P14 | T8: P14 | U8: P14 | V8: F | W8: F | X8: P06 | Y8: P06 | Z8: P06 | AA8: P06 | AB8: F | AC8: F | AD8: P06 | AE8: P06 | AF8: P06 | AG8: P06 | AI8: 2 | AJ8: =COUNTIF(C8:AG8,"UA") -> 2 | AK8: =AI8-AJ8 -> 0 | AM8: 23 | AN8: =COUNTIF(C8:AG8,"U") -> 0 | AO8: =AM8-AN8 -> 23
A9: Jorge Gonçalves | B9: GONCALVES, JORGE | C9: F | D9: P06 | E9: P06 | F9: P06 | G9: P06 | H9: F | I9: F | J9: P14 | K9: P14 | L9: P14 | M9: P14 | N9: F | O9: F | P9: P06 | Q9: P06 | R9: P06 | S9: P06 | T9: F | U9: F | V9: P14 | W9: P14 | X9: P14 | Y9: U | Z9: F | AA9: F | AB9: U | AC9: U | AD9: U | AE9: U | AF9: F | AG9: F | AI9: 0 | AJ9: =COUNTIF(C9:AG9,"UA") -> 0 | AK9: =AI9-AJ9 -> 0 | AM9: 22 | AN9: =COUNTIF(C9:AG9,"U") -> 5 | AO9: =AM9-AN9 -> 17
A10: Catarina Pereira | B10: PEREIRA, CATARINA | C10: P14 | D10: P14 | E10: P14 | F10: F | G10: F | H10: P06 | I10: P06 | J10: P06 | K10: P06 | L10: F | M10: F | N10: P14 | O10: P14 | P10: P14 | Q10: P14 | R10: P14 | S10: F | T10: F | U10: P06 | V10: P06 | W10: P06 | X10: F | Y10: F | Z10: P14 | AA10: P14 | AB10: P14 | AC10: P14 | AD10: F | AE10: F | AF10: P06 | AG10: P06 | AI10: 0 | AJ10: =COUNTIF(C10:AG10,"UA") -> 0 | AK10: =AI10-AJ10 -> 0 | AM10: 22 | AN10: =COUNTIF(C10:AG10,"U") -> 0 | AO10: =AM10-AN10 -> 22
A11: Sara Medeiros | B11: MEDEIROS, SARA | C11: F | D11: P14 | E11: P14 | F11: P14 | G11: S3 | H11: P14 | I11: F | J11: F | K11: TR-P08/ | L11: TR-P07 | M11: P06 | N11: P06 | O11: P06 | P11: F | Q11: F | R11: P14 | S11: P14 | T11: P09 | U11: P14 | V11: F | W11: F | X11: P06 | Y11: P06 | Z11: P06 | AA11: P06 | AB11: F | AC11: F | AD11: P14 | AE11: P14 | AF11: P14 | AG11: P14 | AI11: 0 | AJ11: =COUNTIF(C11:AG11,"UA") -> 0 | AK11: =AI11-AJ11 -> 0 | AM11: 22 | AN11: =COUNTIF(C11:AG11,"U") -> 0 | AO11: =AM11-AN11 -> 22
A12: Catia Martins | B12: MARTINS, CATIA | C12: F | D12: P06 | E12: P06 | F12: P06 | G12: P14 | H12: F | I12: F | J12: P14 | K12: P14 | L12: P14 | M12: P14 | N12: F | O12: F | P12: P06 | Q12: P06 | R12: P06 | S12: P09 | T12: F | U12: F | V12: P14 | W12: P14 | X12: P14 | Y12: P14 | Z12: F | AA12: F | AB12: P14 | AC12: P14 | AD12: P14 | AE12: P14 | AF12: F | AG12: F | AI12: 0 | AJ12: =COUNTIF(C12:AG12,"UA") -> 0 | AK12: =AI12-AJ12 -> 0 | AM12: 22 | AN12: =COUNTIF(C12:AG12,"U") -> 0 | AO12: =AM12-AN12 -> 22
A14: INAD HUBs RST
A15: Cristiana Ferreira | B15: FERREIRA, CRISTIANA MARGARIDA | C15: H | D15: UA | E15: UA | F15: F | G15: F | H15: P09/ | I15: P09/ | J15: P09/ | K15: P09/ | L15: P09/ | M15: F | N15: F | O15: P09/ | P15: P09/ | Q15: K1 | R15: K1 | S15: K1 | T15: F | U15: F | V15: TR-P08 | W15: TR-P08 | X15: TR-P08 | Y15: TR-P08 | Z15: H06 | AA15: F | AB15: F | AC15: P09/ | AD15: P09/ | AE15: P09/ | AF15: P09/ | AG15: P09/ | AI15: 4 | AJ15: 2 | AK15: =AI15-AJ15 -> 2 | AM15: 22 | AN15: =COUNTIF(C15:AG15,"U") -> 0 | AO15: =AM15-AN15 -> 22
A16: Tiago Abreu | B16: ABREU, TIAGO | C16: H | D16: F | E16: P06 | F16: P14 | G16: P14 | H16: F | I16: P06 | J16: P06 | K16: P14 | L16: P14 | M16: F | N16: F | O16: S3 | P16: B | Q16: P14 | R16: P14 | S16: F | T16: F | U16: P06 | V16: P06 | W16: P14 | X16: P14 | Y16: F | Z16: F | AA16: P14 | AB16: P14 | AC16: P14 | AD16: P14 | AE16: F | AF16: F | AG16: U | AI16: 0 | AJ16: =COUNTIF(C16:AG16,"UA") -> 0 | AK16: =AI16-AJ16 -> 0 | AM16: 22 | AN16: =COUNTIF(C16:AG16,"U") -> 1 | AO16: =AM16-AN16 -> 21
A17: Maria Burca | B17: BURCA, MARIA | C17: H | D17: P06 | E17: F | F17: P06 | G17: P06 | H17: P06 | I17: F | J17: F | K17: P06 | L17: P06 | M17: P14 | N17: P14 | O17: F | P17: F | Q17: P06 | R17: P06 | S17: P06 | T17: P06 | U17: F | V17: F | W17: P06 | X17: P06 | Y17: P14 | Z17: S3 | AA17: F | AB17: F | AC17: P06 | AD17: P06 | AE17: P06 | AF17: P06 | AG17: F | AI17: 1 | AJ17: =COUNTIF(C17:AG17,"UA") -> 0 | AK17: =AI17-AJ17 -> 1 | AM17: 23 | AN17: =COUNTIF(C17:AG17,"U") -> 0 | AO17: =AM17-AN17 -> 23
A18: Catarina Mendes | B18: MENDES, CATARINA | C18: P10M | D18: P10M | E18: P10M | F18: F | G18: F | H18: P10M | I18: P10M | J18: P10M | K18: TR-P10/ | L18: TR-P10/ | M18: F | N18: F | O18: P10M | P18: P10M | Q18: F | R18: F | S18: P10M | T18: K | U18: P10M | V18: P10M | W18: F | X18: F | Y18: P10M | Z18: P10M | AA18: P10M | AB18: P10M | AC18: F | AD18: F | AE18: P10M | AF18: P10M | AG18: P10M | AI18: 0 | AJ18: =COUNTIF(C18:AG18,"UA") -> 0 | AK18: =AI18-AJ18 -> 0 | AM18: 22 | AN18: =COUNTIF(C18:AG18,"U") -> 0 | AO18: =AM18-AN18 -> 22
A20: RST Team
A21: Diana Salome Sousa | B21: SOUSA, DIANA SALOME | C21: P06 | D21: P06 | E21: P06 | F21: F | G21: F | H21: UA | I21: UA | J21: UA | K21: UA | L21: F | M21: F | N21: P06 | O21: P06 | P21: P06 | Q21: P06 | R21: F | S21: F | T21: P14 | U21: P14 | V21: P14 | W21: P14 | X21: F | Y21: F | Z21: P06 | AA21: P06 | AB21: P06 | AC21: P06 | AD21: F | AE21: F | AF21: P22 | AG21: P22 | AI21: 4 | AJ21: =COUNTIF(C21:AG21,"ua") -> 4 | AK21: =AI21-AJ21 -> 0 | AM21: 22 | AN21: =COUNTIF(C21:AG21,"U") -> 0 | AO21: =AM21-AN21 -> 22
A22: Ricardo Medeiros | B22: MEDEIROS, RICARDO | C22: H | D22: F | E22: F | F22: P22 | G22: P22 | H22: P22 | I22: P22 | J22: F | K22: F | L22: P14 | M22: P14 | N22: P14 | O22: P14 | P22: F | Q22: F | R22: P06 | S22: P06 | T22: P06 | U22: P06 | V22: F | W22: F | X22: S3 | Y22: P14 | Z22: P14 | AA22: F | AB22: F | AC22: TR-P07 | AD22: TR-P07 | AE22: TR-P07 | AF22: TR-P07 | AG22: TR-P07 | AI22: 2 | AJ22: =COUNTIF(C22:AG22,"ua") -> 0 | AK22: =AI22-AJ22 -> 2 | AM22: 22 | AN22: =COUNTIF(C22:AG22,"U") -> 0 | AO22: =AM22-AN22 -> 22
A23: Ricardo Bessa | B23: BESSA, RICARDO | C23: F | D23: P14 | E23: P14 | F23: P14 | G23: P14 | H23: F | I23: F | J23: P22 | K23: P22 | L23: P22 | M23: P22 | N23: F | O23: F | P23: P14 | Q23: P14 | R23: P14 | S23: P14 | T23: F | U23: F | V23: P06 | W23: P06 | X23: P06 | Y23: P06 | Z23: F | AA23: F | AB23: UA | AC23: TR-P07 | AD23: TR-P07 | AE23: TR-P07 | AF23: TR-P07 | AG23: FINJ | AI23: 1 | AJ23: =COUNTIF(C23:AG23,"ua") -> 1 | AK23: =AI23-AJ23 -> 0 | AM23: 22 | AN23: =COUNTIF(C23:AG23,"U") -> 0 | AO23: =AM23-AN23 -> 22
A24: Samuel Neves | B24: NEVES, SAMUEL | C24: P22 | D24: P22 | E24: P22 | F24: F | G24: F | H24: P14 | I24: P14 | J24: P14 | K24: P14 | L24: F | M24: F | N24: P22 | O24: P22 | P24: P22 | Q24: P22 | R24: F | S24: F | T24: P14 | U24: P14 | V24: P14 | W24: P14 | X24: F | Y24: F | Z24: P06 | AA24: F | AB24: F | AC24: TR-P07 | AD24: TR-P07 | AE24: TR-P07 | AF24: TR-P07 | AG24: TR-P07 | AI24: 7 | AJ24: =COUNTIF(C24:AG24,"ua") -> 0 | AK24: =AI24-AJ24 -> 7 | AM24: 11 | AN24: =COUNTIF(C24:AG24,"U") -> 0 | AO24: =AM24-AN24 -> 11
A25: Carlos Carvalhais | B25: CARVALHAIS, CARLOS | C25: P06 | D25: F | E25: F | F25: P06 | G25: P06 | H25: P06 | I25: P06 | J25: F | K25: F | L25: P14 | M25: P14 | N25: P14 | O25: P14 | P25: F | Q25: F | R25: P22 | S25: P22 | T25: P22 | U25: P22 | V25: F | W25: F | X25: P14 | Y25: P14 | Z25: P14 | AA25: F | AB25: F | AC25: TR-P07 | AD25: TR-P07 | AE25: TR-P07 | AF25: TR-P07 | AG25: TR-P07 | AI25: 0 | AJ25: =COUNTIF(C25:AG25,"ua") -> 0 | AK25: =AI25-AJ25 -> 0 | AM25: 12 | AN25: =COUNTIF(C25:AG25,"U") -> 0 | AO25: =AM25-AN25 -> 12
A26: Alefe Sobral | B26: SOBRAL, ALEFE | C26: F | D26: P14 | E26: P14 | F26: P14 | G26: P14 | H26: F | I26: F | J26: P06 | K26: P06 | L26: P06 | M26: P06 | N26: F | O26: F | P26: P14 | Q26: P14 | R26: P14 | S26: P14 | T26: F | U26: F | V26: P06 | W26: P06 | X26: P06 | Y26: P06 | Z26: FINJ | AA26: F | AB26: F | AC26: TR-P07 | AD26: TR-P07 | AE26: TR-P07 | AF26: TR-P07 | AG26: TR-P07 | AI26: 5 | AJ26: =COUNTIF(C26:AG26,"ua") -> 0 | AK26: =AI26-AJ26 -> 5 | AM26: 10 | AN26: =COUNTIF(C26:AG26,"U") -> 0 | AO26: =AM26-AN26 -> 10
A27: Jose Alves | B27: ALVES, JOSE | C27: H | D27: P06 | E27: P14 | F27: F | G27: F | H27: P14 | I27: P14 | J27: P14 | K27: P14 | L27: F | M27: F | N27: P06 | O27: P06 | P27: P06 | Q27: P06 | R27: F | S27: F | T27: UA | U27: P14 | V27: P14 | W27: P14 | X27: F | Y27: F | Z27: P22 | AA27: P22 | AB27: P22 | AC27: P22 | AD27: F | AE27: F | AF27: P14 | AG27: P14 | AI27: 3 | AJ27: =COUNTIF(C27:AG27,"ua") -> 1 | AK27: =AI27-AJ27 -> 2 | AM27: 22 | AN27: =COUNTIF(C27:AG27,"U") -> 0 | AO27: =AM27-AN27 -> 22
A28: Ines Pilre | B28: PILRE, INES | C28: H | D28: F | E28: F | F28: P06 | G28: P06 | H28: P06 | I28: P06 | J28: F | K28: F | L28: P14 | M28: P14 | N28: P14 | O28: P14 | P28: F | Q28: F | R28: P06 | S28: P06 | T28: P06 | U28: P06 | V28: F | W28: F | X28: P14 | Y28: P14 | Z28: P14 | AA28: P14 | AB28: F | AC28: F | AD28: P22 | AE28: P22 | AF28: P22 | AG28: P22 | AI28: 0 | AJ28: =COUNTIF(C28:AG28,"ua") -> 0 | AK28: =AI28-AJ28 -> 0 | AM28: 22 | AN28: =COUNTIF(C28:AG28,"U") -> 0 | AO28: =AM28-AN28 -> 22
A29: Bruna Lima | B29: LIMA, BRUNA | C29: F | D29: S3 | E29: UA | F29: P06 | G29: P06 | H29: F | I29: F | J29: P06 | K29: P06 | L29: P06 | M29: P06 | N29: F | O29: F | P29: P14 | Q29: P14 | R29: P14 | S29: P14 | T29: F | U29: F | V29: P06 | W29: P06 | X29: P06 | Y29: P06 | Z29: F | AA29: F | AB29: P14 | AC29: P14 | AD29: P14 | AE29: P14 | AF29: F | AG29: F | AI29: 11 | AJ29: =COUNTIF(C29:AG29,"ua") -> 1 | AK29: =AI29-AJ29 -> 10 | AM29: 22 | AN29: =COUNTIF(C29:AG29,"U") -> 0 | AO29: =AM29-AN29 -> 22
A30: Gonçalo Pereira | B30: PEREIRA, GONCALO | C30: P14 | D30: P13 | E30: F | F30: F | G30: S3 | H30: E | I30: P06 | J30: P06 | K30: TR-P08/ | L30: E | M30: F | N30: F | O30: S3 | P30: E | Q30: UA | R30: F | S30: F | T30: P06 | U30: P14 | V30: P14 | W30: P14 | X30: F | Y30: F | Z30: P06 | AA30: P06 | AB30: P06 | AC30: P06 | AD30: F | AE30: F | AF30: P06 | AG30: P06 | AI30: 5 | AJ30: =COUNTIF(C30:AG30,"ua") -> 1 | AK30: =AI30-AJ30 -> 4 | AM30: 22 | AN30: =COUNTIF(C30:AG30,"U") -> 0 | AO30: =AM30-AN30 -> 22
A31: Joana Pinheiro | B31: PINHEIRO, JOANA | C31: H | D31: F | E31: F | F31: P06 | G31: P06 | H31: P06 | I31: P06 | J31: F | K31: F | L31: P22 | M31: P22 | N31: P22 | O31: P22 | P31: F | Q31: F | R31: P06 | S31: P06 | T31: P06 | U31: P06 | V31: F | W31: F | X31: P14 | Y31: P14 | Z31: P14 | AA31: P14 | AB31: F | AC31: F | AD31: P06 | AE31: P06 | AF31: P06 | AG31: P06 | AI31: 0 | AJ31: =COUNTIF(C31:AG31,"ua") -> 0 | AK31: =AI31-AJ31 -> 0 | AM31: 22 | AN31: =COUNTIF(C31:AG31,"U") -> 0 | AO31: =AM31-AN31 -> 22
A32: Inês Coelho | B32: COELHO, INES | C32: F | D32: F | E32: P14 | F32: P14 | G32: P14 | H32: F | I32: F | J32: P06 | K32: TR-P08/ | L32: TR-P07 | M32: P06 | N32: F | O32: F | P32: P22 | Q32: P22 | R32: P22 | S32: P22 | T32: F | U32: F | V32: S3 | W32: K | X32: K | Y32: NO | Z32: F | AA32: F | AB32: P14 | AC32: P14 | AD32: P14 | AE32: P14 | AF32: F | AG32: F | AI32: 2 | AJ32: =COUNTIF(C32:AG32,"ua") -> 0 | AK32: =AI32-AJ32 -> 2 | AM32: 22 | AN32: =COUNTIF(C32:AG32,"U") -> 0 | AO32: =AM32-AN32 -> 22
... A35: Catia Neves | B35: NEVES, CATIA | C35: F | D35: P06 | E35: P06 | F35: P06 | G35: S3 | H35: F | I35: F | J35: P06 | K35: P06 | L35: P06 | M35: P06 | N35: F | O35: F | P35: P14 | Q35: P14 | R35: UA | S35: CM1 | T35: F | U35: F | V35: P22 | W35: P22 | X35: P22 | Y35: P22 | Z35: F | AA35: F | AB35: F | AC35: TR-P07 | AD35: TR-P07 | AE35: TR-P07 | AF35: TR-P07 | AG35: TR-P07 | AI35: 4 | AJ35: =COUNTIF(C35:AG35,"ua") -> 1 | AK35: =AI35-AJ35 -> 3 | AM35: 22 | AN35: =COUNTIF(C35:AG35,"U") -> 0 | AO35: =AM35-AN35 -> 22
A37: Hubs Services Team
A38: Carla Ferreira | B38: FERREIRA, CARLA | C38: P06 | D38: P06 | E38: F | F38: F | G38: P07 | H38: P07 | I38: P07 | J38: P07 | K38: F | L38: F | M38: P22 | N38: P22 | O38: P22 | P38: P22 | Q38: F | R38: F | S38: P13 | T38: P13 | U38: P13 | V38: P13 | W38: F | X38: F | Y38: P07 | Z38: P07 | AA38: P07 | AB38: P07 | AC38: F | AD38: F | AE38: P13 | AF38: P13 | AG38: P13 | AI38: 3 | AJ38: =COUNTIF(C38:AG38,"ua") -> 0 | AK38: =AI38-AJ38 -> 3 | AM38: 22 | AN38: =COUNTIF(C38:AG38,"U") -> 0 | AO38: =AM38-AN38 -> 22
A39: Jorge Costa | B39: COSTA, JORGE | C39: F | D39: F | E39: P05 | F39: P05 | G39: P05 | H39: P05 | I39: F | J39: F | K39: P07 | L39: P07 | M39: P07 | N39: P07 | O39: F | P39: F | Q39: P22 | R39: P22 | S39: P22 | T39: P22 | U39: F | V39: F | W39: P13 | X39: P13 | Y39: P13 | Z39: P13 | AA39: F | AB39: F | AC39: P07 | AD39: P07 | AE39: P07 | AF39: P07 | AG39: F | AI39: 0 | AJ39: =COUNTIF(C39:AG39,"ua") -> 0 | AK39: =AI39-AJ39 -> 0 | AM39: 12 | AN39: =COUNTIF(C39:AG39,"U") -> 0 | AO39: =AM39-AN39 -> 12
A40: Ruben Pinheiro | B40: PINHEIRO, RUBEN | C40: P13 | D40: P13 | E40: P13 | F40: P13 | G40: F | H40: F | I40: P05 | J40: P05 | K40: P05 | L40: P05 | M40: F | N40: F | O40: P07 | P40: P07 | Q40: P07 | R40: P07 | S40: F | T40: F | U40: P22 | V40: P22 | W40: P22 | X40: P22 | Y40: F | Z40: F | AA40: UA | AB40: UA | AC40: UA | AD40: UA | AE40: F | AF40: F | AG40: UA | AI40: 14 | AJ40: =COUNTIF(C40:AG40,"ua") -> 5 | AK40: =AI40-AJ40 -> 9 | AM40: 8 | AN40: =COUNTIF(C40:AG40,"U") -> 0 | AO40: =AM40-AN40 -> 8
A41: Bruna Queiroz | B41: QUEIROZ, BRUNA | C41: APT | D41: APT | E41: APT | F41: APT | G41: APT | H41: APT | I41: APT | J41: APT | K41: APT | L41: APT | M41: F | N41: F | O41: UA | P41: U | Q41: U | R41: S3 | S41: F | T41: F | U41: U | V41: U | W41: U | X41: U | Y41: F | Z41: F | AA41: U | AB41: U | AC41: U | AD41: U | AE41: F | AF41: F | AG41: U | AI41: 1 | AJ41: =COUNTIF(C41:AG41,"ua") -> 1 | AK41: =AI41-AJ41 -> 0 | AM41: 22 | AN41: =COUNTIF(C41:AG41,"U") -> 11 | AO41: =AM41-AN41 -> 11
A42: Ana Ferreira | B42: FERREIRA, ANA SOFIA | O42: TR-P08 | P42: TR-P08 | Q42: TR-P08 | R42: TR-P08 | S42: TR-P08 | T42: F | U42: F | V42: TR-P08 | W42: TR-P08 | X42: TR-P08 | Y42: F | Z42: P07 | AA42: P07 | AB42: P07 | AC42: F | AD42: F | AE42: P13 | AF42: P13 | AG42: P13 | AI42: 3 | AJ42: =COUNTIF(C42:AG42,"ua") -> 0 | AK42: =AI42-AJ42 -> 3 | AM42: 22 | AN42: 0 | AO42: 22
A43: Barbara Pereira | B43: PEREIRA, BARBARA | M43: F | N43: F | O43: TR-P08 | P43: TR-P08 | Q43: TR-P08 | R43: TR-P08 | S43: TR-P08 | T43: F | U43: F | V43: TR-P08 | W43: TR-P08 | X43: TR-P08 | Y43: FINJ | Z43: P07 | AA43: F | AB43: F | AC43: P22 | AD43: P22 | AE43: P22 | AF43: P22 | AG43: F | AI43: 11 | AJ43: =COUNTIF(C43:AG43,"ua") -> 0 | AK43: =AI43-AJ43 -> 11 | AM43: 22 | AN43: =COUNTIF(C43:AG43,"U") -> 0 | AO43: =AM43-AN43 -> 22
A44: Jessica Martins | B44: MARTINS, JESSICA | C44: P22 | D44: P22 | E44: P22 | F44: P22 | G44: F | H44: F | I44: P07 | J44: P07 | K44: P07 | L44: P07 | M44: F | N44: F | O44: P13 | P44: P13 | Q44: P13 | R44: P13 | S44: F | T44: F | U44: P05 | V44: P05 | W44: P05 | X44: P05 | Y44: F | Z44: F | AA44: K | AB44: K | AC44: K | AD44: K | AE44: K | AF44: F | AG44: P22 | AI44: 11 | AJ44: =COUNTIF(C44:AG44,"ua") -> 0 | AK44: =AI44-AJ44 -> 11 | AM44: 11 | AN44: =COUNTIF(C44:AG44,"U") -> 0 | AO44: =AM44-AN44 -> 11
A45: Tiago Mendes | B45: MENDES, TIAGO ANDRE | C45: P06 | D45: P05 | E45: F | F45: F | G45: P22 | H45: P22 | I45: P22 | J45: P22 | K45: P22 | L45: F | M45: F | N45: P07 | O45: S3 | P45: P07 | Q45: F | R45: F | S45: P13 | T45: P13 | U45: P13 | V45: P13 | W45: F | X45: F | Y45: P05 | Z45: P05 | AA45: P05 | AB45: P05 | AC45: F | AD45: F | AE45: P07 | AF45: P07 | AG45: P07 | AI45: 10 | AJ45: =COUNTIF(C45:AG45,"ua") -> 0 | AK45: =AI45-AJ45 -> 10 | AM45: 11 | AN45: =COUNTIF(C45:AG45,"U") -> 0 | AO45: =AM45-AN45 -> 11
A46: Raquel Oliveira | B46: OLIVEIRA, RAQUEL ALEXANDRA | C46: F | D46: F | E46: P22 | F46: K | G46: K | H46: P22 | I46: F | J46: F | K46: P13 | L46: P13 | M46: P13 | N46: P13 | O46: F | P46: F | Q46: P07 | R46: P07 | S46: P07 | T46: P07 | U46: F | V46: F | W46: P13 | X46: P13 | Y46: P13 | Z46: P13 | AA46: F | AB46: F | AC46: P05 | AD46: P05 | AE46: P05 | AF46: P05 | AG46: F | AI46: 11 | AJ46: =COUNTIF(C46:AG46,"ua") -> 0 | AK46: =AI46-AJ46 -> 11 | AM46: 11 | AN46: =COUNTIF(C46:AG46,"U") -> 0 | AO46: =AM46-AN46 -> 11
A47: Jose Borges | B47: BORGES, JOSE | C47: H | D47: P06 | E47: F | F47: F | G47: P13 | H47: P13 | I47: P13 | J47: P13 | K47: F | L47: F | M47: P06 | N47: P06 | O47: P06 | P47: P06 | Q47: F | R47: TR-P08 | S47: TR-P08 | T47: F | U47: F | V47: TR-P08 | W47: TR-P08 | X47: TR-P08 | Y47: F | Z47: P14 | AA47: P14 | AB47: P14 | AC47: F | AD47: F | AE47: P14 | AF47: P14 | AG47: P14 | AI47: 13 | AJ47: =COUNTIF(C47:AG47,"ua") -> 0 | AK47: =AI47-AJ47 -> 13 | AM47: 22 | AN47: =COUNTIF(C47:AG47,"U") -> 0 | AO47: =AM47-AN47 -> 22
A48: Jessica Santos | B48: SANTOS, JESSICA | C48: P14 | D48: P14 | E48: P14 | F48: P14 | G48: F | H48: F | I48: P06 | J48: P06 | K48: P06 | L48: P06 | M48: F | N48: F | O48: P14 | P48: P14 | Q48: P14 | R48: P14 | S48: F | T48: F | U48: FINJ | V48: P06 | W48: P06 | X48: P06 | Y48: F | Z48: F | AA48: P14 | AB48: P14 | AC48: P14 | AD48: P14 | AE48: F | AF48: F | AG48: P06 | AI48: 0 | AJ48: =COUNTIF(C48:AG48,"ua") -> 0 | AK48: =AI48-AJ48 -> 0 | AM48: 22 | AN48: =COUNTIF(C48:AG48,"U") -> 0 | AO48: =AM48-AN48 -> 22
A49: Rafael Medina | B49: MEDINA, RAFAEL | C49: F | D49: F | E49: H05 | F49: H05 | G49: H05 | H49: H05 | I49: F | J49: F | K49: P14 | L49: P14 | M49: P14 | N49: P14 | O49: F | P49: F | Q49: P06 | R49: P06 | S49: P06 | T49: P06 | U49: F | V49: F | W49: P14 | X49: P14 | Y49: P14 | Z49: P14 | AA49: F | AB49: F | AC49: P06 | AD49: P06 | AE49: P06 | AF49: P06 | AG49: F | AI49: 0 | AJ49: =COUNTIF(C49:AG49,"ua") -> 0 | AK49: =AI49-AJ49 -> 0 | AM49: 22 | AN49: =COUNTIF(C49:AG49,"U") -> 0 | AO49: =AM49-AN49 -> 22
A51: P05 | C51: =COUNTIF(C$5:C$49,$A51) -> 0 | D51: =COUNTIF(D$5:D$49,$A51) -> 1 | E51: =COUNTIF(E$5:E$49,$A51) -> 1 | F51: =COUNTIF(F$5:F$49,$A51) -> 1 | G51: =COUNTIF(G$5:G$49,$A51) -> 1 | H51: =COUNTIF(H$5:H$49,$A51) -> 1 | I51: =COUNTIF(I$5:I$49,$A51) -> 1 | J51: =COUNTIF(J$5:J$49,$A51) -> 1 | ... AG51: =COUNTIF(AG$5:AG$49,$A51) -> 0
A52: P06 | C52: =COUNTIF(C$5:C$49,$A52) -> 6 | D52: =COUNTIF(D$5:D$49,$A52) -> 9 | E52: =COUNTIF(E$5:E$49,$A52) -> 6 | F52: =COUNTIF(F$5:F$49,$A52) -> 9 | G52: =COUNTIF(G$5:G$49,$A52) -> 6 | H52: =COUNTIF(H$5:H$49,$A52) -> 5 | I52: =COUNTIF(I$5:I$49,$A52) -> 7 | J52: =COUNTIF(J$5:J$49,$A52) -> 8 | ... AG52: =COUNTIF(AG$5:AG$49,$A52) -> 7
A53: P13 | C53: =COUNTIF(C$5:C$49,$A53) -> 1 | D53: =COUNTIF(D$5:D$49,$A53) -> 2 | E53: =COUNTIF(E$5:E$49,$A53) -> 1 | F53: =COUNTIF(F$5:F$49,$A53) -> 1 | G53: =COUNTIF(G$5:G$49,$A53) -> 1 | H53: =COUNTIF(H$5:H$49,$A53) -> 2 | I53: =COUNTIF(I$5:I$49,$A53) -> 2 | J53: =COUNTIF(J$5:J$49,$A53) -> 2 | ... AG53: =COUNTIF(AG$5:AG$49,$A53) -> 2
A54: P14 | C54: =COUNTIF(C$5:C$49,$A54) -> 3 | D54: =COUNTIF(D$5:D$49,$A54) -> 5 | E54: =COUNTIF(E$5:E$49,$A54) -> 7 | F54: =COUNTIF(F$5:F$49,$A54) -> 6 | G54: =COUNTIF(G$5:G$49,$A54) -> 5 | H54: =COUNTIF(H$5:H$49,$A54) -> 5 | I54: =COUNTIF(I$5:I$49,$A54) -> 4 | J54: =COUNTIF(J$5:J$49,$A54) -> 4 | ... AG54: =COUNTIF(AG$5:AG$49,$A54) -> 4
A55: P22 | C55: =COUNTIF(C$5:C$49,$A55) -> 2 | D55: =COUNTIF(D$5:D$49,$A55) -> 2 | E55: =COUNTIF(E$5:E$49,$A55) -> 3 | F55: =COUNTIF(F$5:F$49,$A55) -> 2 | G55: =COUNTIF(G$5:G$49,$A55) -> 2 | H55: =COUNTIF(H$5:H$49,$A55) -> 3 | I55: =COUNTIF(I$5:I$49,$A55) -> 2 | J55: =COUNTIF(J$5:J$49,$A55) -> 2 | ... AG55: =COUNTIF(AG$5:AG$49,$A55) -> 3
A57: LHX & Catering
A58: Ana Telma Carvalho | B58: CARVALHO, ANA | C58: P13 | D58: P13 | E58: P13 | F58: P13 | G58: F | H58: F | I58: H05 | J58: H05 | K58: H05 | L58: H05 | M58: F | N58: F | O58: P13 | P58: P13 | Q58: P13 | R58: P13 | S58: F | T58: F | U58: P05 | V58: P05 | W58: P05 | X58: H05 | Y58: F | Z58: F | AA58: P13 | AB58: P13 | AC58: P13 | AD58: P13 | AE58: F | AF58: F | AG58: H05 | AI58: 0 | AJ58: =COUNTIF(C58:AG58,"UA") -> 0 | AK58: =AI58-AJ58 -> 0 | AM58: 23 | AN58: =COUNTIF(C58:AG58,"u") -> 0 | AO58: =AM58-AN58 -> 23
A59: Catia Craveiro | B59: CRAVEIRO, CATIA | C59: F | D59: F | E59: UA | F59: UA | G59: UA | H59: H05 | I59: F | J59: F | K59: P13 | L59: P13 | M59: P13 | N59: P13 | O59: F | P59: F | Q59: P05 | R59: P05 | S59: H05 | T59: H05 | U59: F | V59: F | W59: P13 | X59: P13 | Y59: P13 | Z59: P13 | AA59: F | AB59: F | AC59: H05 | AD59: H05 | AE59: H05 | AF59: H05 | AG59: F | AI59: 3 | AJ59: =COUNTIF(C59:AG59,"UA") -> 3 | AK59: =AI59-AJ59 -> 0 | AM59: 22 | AN59: =COUNTIF(C59:AG59,"u") -> 0 | AO59: =AM59-AN59 -> 22
A60: Maria Vitoria Almeida | B60: ALMEIDA, MARIA VITORIA | C60: H05 | D60: H05 | E60: F | F60: F | G60: UA | H60: UA | I60: UA | J60: UA | K60: F | L60: F | M60: H05 | N60: H05 | O60: H05 | P60: H05 | Q60: F | R60: F | S60: P13 | T60: P13 | U60: P13 | V60: P13 | W60: F | X60: F | Y60: H05 | Z60: H05 | AA60: H05 | AB60: H05 | AC60: F | AD60: F | AE60: P13 | AF60: P13 | AG60: P13 | AI60: 8 | AJ60: =COUNTIF(C60:AG60,"UA") -> 4 | AK60: =AI60-AJ60 -> 4 | AM60: 22 | AN60: =COUNTIF(C60:AG60,"u") -> 0 | AO60: =AM60-AN60 -> 22
A61: Nicole Souza | B61: SOUZA, NICOLE | C61: F | D61: S3 | E61: H04/ | F61: H04/ | G61: H04/ | H61: F | I61: F | J61: P12/ | K61: P12/ | L61: P12/ | M61: P12/ | N61: F | O61: F | P61: P05 | Q61: P05 | R61: P05 | S61: P05 | T61: F | U61: F | V61: P12/ | W61: P12/ | X61: P12/ | Y61: K | Z61: F | AA61: F | AB61: H04/ | AC61: H04/ | AD61: H04/ | AE61: H04/ | AF61: F | AG61: F | AI61: 8 | AJ61: =COUNTIF(C61:AG61,"UA") -> 0 | AK61: =AI61-AJ61 -> 8 | AM61: 22 | AN61: =COUNTIF(C61:AG61,"u") -> 0 | AO61: =AM61-AN61 -> 22
A62: Larissa Murray | B62: MURRAY, LARISSA | C62: P12/ | D62: P12/ | E62: P12/ | F62: F | G62: F | H62: H04/ | I62: H04/ | J62: H04/ | K62: H04/ | L62: F | M62: F | N62: P12/ | O62: P12/ | P62: P12/ | Q62: P12/ | R62: F | S62: F | T62: P04/ | U62: P05 | V62: P05 | W62: P05 | X62: F | Y62: F | Z62: P12/ | AA62: P12/ | AB62: P12/ | AC62: P12/ | AD62: F | AE62: F | AF62: H04/ | AG62: H04/ | AI62: 10 | AJ62: =COUNTIF(C62:AG62,"UA") -> 0 | AK62: =AI62-AJ62 -> 10 | AM62: 22 | AN62: =COUNTIF(C62:AG62,"u") -> 0 | AO62: =AM62-AN62 -> 22
A63: Josue Fula | B63: FULA, JOSUE | C63: H | D63: F | E63: F | F63: UA | G63: UA | H63: UA | I63: UA | J63: F | K63: F | L63: UA | M63: UA | N63: UA | O63: H04/ | P63: F | Q63: F | R63: P12/ | S63: P12/ | T63: P12/ | U63: P12/ | V63: F | W63: F | X63: H04/ | Y63: H04/ | Z63: H04/ | AA63: H04/ | AB63: F | AC63: F | AD63: P12/ | AE63: P12/ | AF63: P12/ | AG63: P12/ | AI63: 9 | AJ63: =COUNTIF(C63:AG63,"UA") -> 7 | AK63: =AI63-AJ63 -> 2 | AM63: 22 | AN63: =COUNTIF(C63:AG63,"u") -> 0 | AO63: =AM63-AN63 -> 22
A65: H05 | C65: =COUNTIF(C48:C49,$A65)+COUNTIF(C58:C63,$A65) -> 1 | D65: =COUNTIF(D48:D49,$A65)+COUNTIF(D58:D63,$A65) -> 1 | E65: =COUNTIF(E48:E49,$A65)+COUNTIF(E58:E63,$A65) -> 1 | F65: =COUNTIF(F48:F49,$A65)+COUNTIF(F58:F63,$A65) -> 1 | G65: =COUNTIF(G48:G49,$A65)+COUNTIF(G58:G63,$A65) -> 1 | H65: =COUNTIF(H48:H49,$A65)+COUNTIF(H58:H63,$A65) -> 2 | I65: =COUNTIF(I48:I49,$A65)+COUNTIF(I58:I63,$A65) -> 1 | J65: =COUNTIF(J48:J49,$A65)+COUNTIF(J58:J63,$A65) -> 1 | ... AG65: =COUNTIF(AG48:AG49,$A65)+COUNTIF(AG58:AG63,$A65) -> 1
A66: P04/ H04/ | C66: =COUNTIF(C58:C63,"P04/")+COUNTIF(C58:C63,"H04/") -> 0 | D66: =COUNTIF(D58:D63,"P04/")+COUNTIF(D58:D63,"H04/") -> 0 | E66: =COUNTIF(E58:E63,"P04/")+COUNTIF(E58:E63,"H04/") -> 1 | F66: =COUNTIF(F58:F63,"P04/")+COUNTIF(F58:F63,"H04/") -> 1 | G66: =COUNTIF(G58:G63,"P04/")+COUNTIF(G58:G63,"H04/") -> 1 | H66: =COUNTIF(H58:H63,"P04/")+COUNTIF(H58:H63,"H04/") -> 1 | I66: =COUNTIF(I58:I63,"P04/")+COUNTIF(I58:I63,"H04/") -> 1 | J66: =COUNTIF(J58:J63,"P04/")+COUNTIF(J58:J63,"H04/") -> 1 | ... AG66: =COUNTIF(AG58:AG63,"P04/")+COUNTIF(AG58:AG63,"H04/") -> 1
A67: P12/ | C67: =COUNTIF(C58:C63,$A67) -> 1 | D67: =COUNTIF(D58:D63,$A67) -> 1 | E67: =COUNTIF(E58:E63,$A67) -> 1 | F67: =COUNTIF(F58:F63,$A67) -> 0 | G67: =COUNTIF(G58:G63,$A67) -> 0 | H67: =COUNTIF(H58:H63,$A67) -> 0 | I67: =COUNTIF(I58:I63,$A67) -> 0 | J67: =COUNTIF(J58:J63,$A67) -> 1 | ... AG67: =COUNTIF(AG58:AG63,$A67) -> 1
A68: P13 | C68: =COUNTIF(C48:C49,$A68)+COUNTIF(C58:C63,$A68) -> 1 | D68: =COUNTIF(D48:D49,$A68)+COUNTIF(D58:D63,$A68) -> 1 | E68: =COUNTIF(E48:E49,$A68)+COUNTIF(E58:E63,$A68) -> 1 | F68: =COUNTIF(F48:F49,$A68)+COUNTIF(F58:F63,$A68) -> 1 | G68: =COUNTIF(G48:G49,$A68)+COUNTIF(G58:G63,$A68) -> 0 | H68: =COUNTIF(H48:H49,$A68)+COUNTIF(H58:H63,$A68) -> 0 | I68: =COUNTIF(I48:I49,$A68)+COUNTIF(I58:I63,$A68) -> 0 | J68: =COUNTIF(J48:J49,$A68)+COUNTIF(J58:J63,$A68) -> 0 | ... AG68: =COUNTIF(AG48:AG49,$A68)+COUNTIF(AG58:AG63,$A68) -> 1

Sheet FEB25
C1: LGSP - Lufthansa Ground Services Portugal NIF : 509 842 593 Atividade: CAE 52230.R3 Sede e local de trabalho: Avenida da Boavista ED.Burgo, 1837 sala 13.1 Horario de Funcionamento: 24/7 IRT: Não Aplicável
A2: Hubs Services | C2: Fevereiro | AF2: Ferias 2024 | AJ2: Ferias 2025
C3: Sab | D3: Dom | E3: Seg | F3: Ter | G3: Qua | H3: Qui | I3: Sex | J3: Sab | K3: Dom | L3: Seg | M3: Ter | N3: Qua | O3: Qui | P3: Sex | Q3: Sab | R3: Dom | S3: Seg | T3: Ter | U3: Qua | V3: Qui | W3: Sex | X3: Sab | Y3: Dom | Z3: Seg | AA3: Ter | AB3: Qua | AC3: Qui | AD3: Sex | AF3: 2024 | AG3: Used | AH3: LEFT | AJ3: 2025 | AK3: Used | AL3: LEFT
A4: NOME | B4: NOME GENESYS | C4: 1 | D4: 2 | E4: 3 | F4: 4 | G4: 5 | H4: 6 | I4: 7 | J4: 8 | K4: 9 | L4: 10 | M4: 11 | N4: 12 | O4: 13 | P4: 14 | Q4: 15 | R4: 16 | S4: 17 | T4: 18 | U4: 19 | V4: 20 | W4: 21 | X4: 22 | Y4: 23 | Z4: 24 | AA4: 25 | AB4: 26 | AC4: 27 | AD4: 28
A5: Diana Reisinho | B5: REISINHO, DIANA | C5: K | D5: K | E5: K | F5: K | G5: K | H5: K | I5: K | J5: K | K5: K | L5: K | M5: K | N5: K | O5: K | P5: K | Q5: K | R5: K | S5: K | T5: K | U5: K | V5: K | W5: K | X5: K | Y5: K | Z5: K | AA5: K | AB5: K | AC5: K | AD5: K | AF5: =VLOOKUP(B5,'JAN25'!$B:$AO,36,0) -> 3 | AG5: =COUNTIF(C5:AD5,"UA") -> 0 | AH5: =AF5-AG5 -> 3 | AJ5: =VLOOKUP(B5,'JAN25'!$B:$AO,40,0) -> 22 | AK5: =COUNTIF(C5:AD5,"u") -> 0 | AL5: =AJ5-AK5 -> 22
A6: Catarina Ferreira | B6: FERREIRA, CATARINA | C6: F | D6: P06 | E6: P06 | F6: P06 | G6: P06 | H6: P06 | I6: F | J6: F | K6: P14 | L6: P14 | M6: P13 | N6: P08 | O6: F | P6: F | Q6: P09 | R6: CN8 | S6: P09 | T6: P09 | U6: F | V6: F | W6: P14 | X6: P14 | Y6: P14 | Z6: P11 | AA6: F | AB6: F | AC6: P06 | AD6: P06 | AF6: =VLOOKUP(B6,'JAN25'!$B:$AO,36,0) -> 0 | AG6: =COUNTIF(C6:AD6,"UA") -> 0 | AH6: =AF6-AG6 -> 0 | AJ6: =VLOOKUP(B6,'JAN25'!$B:$AO,40,0) -> 19 | AK6: =COUNTIF(C6:AD6,"u") -> 0 | AL6: =AJ6-AK6 -> 19
A7: João Santos Silva | B7: SANTOS SILVA, JOAO | C7: P06 | D7: P06 | E7: F | F7: F | G7: P14 | H7: P14 | I7: P14 | J7: P14 | K7: F | L7: F | M7: P06 | N7: P06 | O7: P06 | P7: P06 | Q7: F | R7: F | S7: S3 | T7: P14 | U7: P14 | V7: P14 | W7: F | X7: F | Y7: P06 | Z7: P06 | AA7: P06 | AB7: P06 | AC7: F | AD7: F | AF7: =VLOOKUP(B7,'JAN25'!$B:$AO,36,0) -> 0 | AG7: =COUNTIF(C7:AD7,"UA") -> 0 | AH7: =AF7-AG7 -> 0 | AJ7: =VLOOKUP(B7,'JAN25'!$B:$AO,40,0) -> 22 | AK7: =COUNTIF(C7:AD7,"u") -> 0 | AL7: =AJ7-AK7 -> 22
A8: Ana Magalhães | B8: MAGALHAES, ANA CATARINA | C8: F | D8: F | E8: P06 | F8: P06 | G8: P06 | H8: P06 | I8: F | J8: F | K8: S3 | L8: P08 | M8: P06 | N8: P14 | O8: F | P8: F | Q8: P06 | R8: P10 | S8: P06 | T8: P06 | U8: F | V8: F | W8: P14 | X8: P14 | Y8: P14 | Z8: P14 | AA8: F | AB8: F | AC8: P06 | AD8: P06 | AF8: =VLOOKUP(B8,'JAN25'!$B:$AO,36,0) -> 0 | AG8: =COUNTIF(C8:AD8,"UA") -> 0 | AH8: =AF8-AG8 -> 0 | AJ8: =VLOOKUP(B8,'JAN25'!$B:$AO,40,0) -> 23 | AK8: =COUNTIF(C8:AD8,"u") -> 0 | AL8: =AJ8-AK8 -> 23
A9: Jorge Gonçalves | B9: GONCALVES, JORGE | C9: U | D9: U | E9: U | F9: U | G9: F | H9: F | I9: U | J9: P06 | K9: P06 | L9: P06 | M9: F | N9: F | O9: P14 | P9: P14 | Q9: P14 | R9: P14 | S9: F | T9: F | U9: P06 | V9: P06 | W9: P05 | X9: P06 | Y9: F | Z9: F | AA9: P14 | AB9: P14 | AC9: P14 | AD9: P14 | AF9: =VLOOKUP(B9,'JAN25'!$B:$AO,36,0) -> 0 | AG9: =COUNTIF(C9:AD9,"UA") -> 0 | AH9: =AF9-AG9 -> 0 | AJ9: =VLOOKUP(B9,'JAN25'!$B:$AO,40,0) -> 17 | AK9: =COUNTIF(C9:AD9,"u") -> 5 | AL9: =AJ9-AK9 -> 12
A10: Catarina Pereira | B10: PEREIRA, CATARINA | C10: P14 | D10: P14 | E10: F | F10: F | G10: P14 | H10: P14 | I10: P14 | J10: P14 | K10: F | L10: F | M10: P06 | N10: P06 | O10: P06 | P10: P06 | Q10: F | R10: F | S10: P14 | T10: P14 | U10: P14 | V10: P14 | W10: F | X10: F | Y10: P06 | Z10: P06 | AA10: P06 | AB10: P06 | AC10: F | AD10: F | AF10: =VLOOKUP(B10,'JAN25'!$B:$AO,36,0) -> 0 | AG10: =COUNTIF(C10:AD10,"UA") -> 0 | AH10: =AF10-AG10 -> 0 | AJ10: =VLOOKUP(B10,'JAN25'!$B:$AO,40,0) -> 22 | AK10: =COUNTIF(C10:AD10,"u") -> 0 | AL10: =AJ10-AK10 -> 22
A11: Sara Medeiros | B11: MEDEIROS, SARA | C11: F | D11: F | E11: P06 | F11: P06 | G11: P06 | H11: P06 | I11: F | J11: F | K11: P14 | L11: P14 | M11: P14 | N11: P14 | O11: F | P11: F | Q11: P06 | R11: P06 | S11: P06 | T11: P06 | U11: F | V11: F | W11: P14 | X11: P14 | Y11: P14 | Z11: P14 | AA11: F | AB11: F | AC11: P06 | AD11: P06 | AF11: =VLOOKUP(B11,'JAN25'!$B:$AO,36,0) -> 0 | AG11: =COUNTIF(C11:AD11,"UA") -> 0 | AH11: =AF11-AG11 -> 0 | AJ11: =VLOOKUP(B11,'JAN25'!$B:$AO,40,0) -> 22 | AK11: =COUNTIF(C11:AD11,"u") -> 0 | AL11: =AJ11-AK11 -> 22
A12: Catia Martins | B12: MARTINS, CATIA | C12: P06 | D12: P06 | E12: P14 | F12: P14 | G12: F | H12: F | I12: P06 | J12: S3 | K12: U | L12: B* | M12: B | N12: F | O12: U | P12: U | Q12: U | R12: U | S12: F | T12: F | U12: P06 | V12: P06 | W12: P06 | X12: P06 | Y12: F | Z12: F | AA12: P14 | AB12: P14 | AC12: P14 | AD12: P14 | AF12: =VLOOKUP(B12,'JAN25'!$B:$AO,36,0) -> 0 | AG12: =COUNTIF(C12:AD12,"UA") -> 0 | AH12: =AF12-AG12 -> 0 | AJ12: =VLOOKUP(B12,'JAN25'!$B:$AO,40,0) -> 22 | AK12: =COUNTIF(C12:AD12,"u") -> 5 | AL12: =AJ12-AK12 -> 17
A14: INAD HUBs RST
A15: Cristiana Ferreira | B15: FERREIRA, CRISTIANA MARGARIDA | C15: F | D15: F | E15: P09/ | F15: P09/ | G15: P09/ | H15: P09/ | I15: P09/ | J15: F | K15: F | L15: P09/ | M15: P09/ | N15: P09/ | O15: P09/ | P15: P09/ | Q15: F | R15: F | S15: P09 | T15: P09 | U15: P09 | V15: P09 | W15: P09/ | X15: F | Y15: F | Z15: P09/ | AA15: H08 | AB15: P09/ | AC15: P09/ | AD15: P09/ | AF15: =VLOOKUP(B15,'JAN25'!$B:$AO,36,0) -> 2 | AG15: =COUNTIF(C15:AD15,"UA") -> 0 | AH15: =AF15-AG15 -> 2 | AJ15: =VLOOKUP(B15,'JAN25'!$B:$AO,40,0) -> 22 | AK15: =COUNTIF(C15:AD15,"U") -> 0 | AL15: =AJ15-AK15 -> 22
A16: Tiago Abreu | B16: ABREU, TIAGO | C16: U | D16: U | E16: U | F16: F | G16: F | H16: U | I16: U | J16: U | K16: U | L16: F | M16: F | N16: U | O16: U | P16: P14 | Q16: P14 | R16: F | S16: F | T16: P12 | U16: P11 | V16: P14 | W16: P14 | X16: F | Y16: F | Z16: P06 | AA16: P06 | AB16: P14 | AC16: P14 | AD16: F | AF16: =VLOOKUP(B16,'JAN25'!$B:$AO,36,0) -> 0 | AG16: =COUNTIF(C16:AD16,"UA") -> 0 | AH16: =AF16-AG16 -> 0 | AJ16: =VLOOKUP(B16,'JAN25'!$B:$AO,40,0) -> 21 | AK16: =COUNTIF(C16:AD16,"U") -> 9 | AL16: =AJ16-AK16 -> 12
A17: Maria Burca | B17: BURCA, MARIA | C17: F | D17: P14 | E17: P14 | F17: P14 | G17: P14 | H17: F | I17: F | J17: P06 | K17: P06 | L17: P06 | M17: P06 | N17: F | O17: F | P17: P06 | Q17: P06 | R17: P14 | S17: P14 | T17: F | U17: F | V17: P06 | W17: P06 | X17: P06 | Y17: P06 | Z17: F | AA17: F | AB17: P06 | AC17: P06 | AD17: P14 | AF17: =VLOOKUP(B17,'JAN25'!$B:$AO,36,0) -> 1 | AG17: =COUNTIF(C17:AD17,"UA") -> 0 | AH17: =AF17-AG17 -> 1 | AJ17: =VLOOKUP(B17,'JAN25'!$B:$AO,40,0) -> 23 | AK17: =COUNTIF(C17:AD17,"U") -> 0 | AL17: =AJ17-AK17 -> 23
A18: Catarina Mendes | B18: MENDES, CATARINA | C18: P10M | D18: F | E18: F | F18: P10M | G18: P10M | H18: P10M | I18: P10M | J18: F | K18: F | L18: P10M | M18: P10M | N18: K | O18: P10M | P18: F | Q18: F | R18: P10M | S18: P10M | T18: P10M | U18: P10M | V18: P10M | W18: F | X18: P10M | Y18: F | Z18: B | AA18: U | AB18: F | AC18: F | AD18: P10M | AF18: =VLOOKUP(B18,'JAN25'!$B:$AO,36,0) -> 0 | AG18: =COUNTIF(C18:AD18,"UA") -> 0 | AH18: =AF18-AG18 -> 0 | AJ18: =VLOOKUP(B18,'JAN25'!$B:$AO,40,0) -> 22 | AK18: =COUNTIF(C18:AD18,"U") -> 1 | AL18: =AJ18-AK18 -> 21
A20: RST Team
A21: Diana Salome Sousa | B21: SOUSA, DIANA SALOME | C21: P22 | D21: P22 | E21: F | F21: F | G21: P14 | H21: P14 | I21: P14 | J21: P14 | K21: F | L21: F | M21: P06 | N21: P06 | O21: P06 | P21: P06 | Q21: F | R21: F | S21: P14 | T21: P14 | U21: P14 | V21: S3 | W21: F | X21: F | Y21: U | Z21: B | AA21: U | AB21: U | AC21: F | AD21: F | AF21: =VLOOKUP(B21,'JAN25'!$B:$AO,36,0) -> 0 | AG21: =COUNTIF(C21:AD21,"UA") -> 0 | AH21: =AF21-AG21 -> 0 | AJ21: =VLOOKUP(B21,'JAN25'!$B:$AO,40,0) -> 22 | AK21: =COUNTIF(C21:AD21,"u") -> 3 | AL21: =AJ21-AK21 -> 19
A22: Ricardo Medeiros | B22: MEDEIROS, RICARDO | C22: F | D22: F | E22: P22 | F22: P22 | G22: P22 | H22: P22 | I22: F | J22: F | K22: P14 | L22: P14 | M22: P14 | N22: P14 | O22: F | P22: F | Q22: P06 | R22: P06 | S22: P06 | T22: P06 | U22: F | V22: F | W22: P14 | X22: P14 | Y22: P14 | Z22: P14 | AA22: F | AB22: F | AC22: P06 | AD22: P06 | AF22: =VLOOKUP(B22,'JAN25'!$B:$AO,36,0) -> 2 | AG22: =COUNTIF(C22:AD22,"UA") -> 0 | AH22: =AF22-AG22 -> 2 | AJ22: =VLOOKUP(B22,'JAN25'!$B:$AO,40,0) -> 22 | AK22: =COUNTIF(C22:AD22,"u") -> 0 | AL22: =AJ22-AK22 -> 22
A23: Ricardo Bessa | B23: BESSA, RICARDO | C23: F | D23: F | E23: P06 | F23: P06 | G23: F | H23: F | I23: P22 | J23: P22 | K23: P22 | L23: P22 | M23: F | N23: F | O23: P14 | P23: P14 | Q23: P14 | R23: P14 | S23: F | T23: F | U23: P06 | V23: P06 | W23: P06 | X23: P06 | Y23: F | Z23: F | AA23: P14 | AB23: P14 | AC23: P14 | AD23: P14 | AF23: =VLOOKUP(B23,'JAN25'!$B:$AO,36,0) -> 0 | AG23: =COUNTIF(C23:AD23,"UA") -> 0 | AH23: =AF23-AG23 -> 0 | AJ23: =VLOOKUP(B23,'JAN25'!$B:$AO,40,0) -> 22 | AK23: =COUNTIF(C23:AD23,"u") -> 0 | AL23: =AJ23-AK23 -> 22
A24: Samuel Neves | B24: NEVES, SAMUEL | C24: F | D24: F | E24: F | F24: P06 | G24: P06 | H24: P06 | I24: P06 | J24: P06 | K24: F | L24: F | M24: P22 | N24: P22 | O24: P22 | P24: P22 | Q24: F | R24: F | S24: P14 | T24: P14 | U24: P14 | V24: P14 | W24: F | X24: F | Y24: P06 | Z24: P06 | AA24: P06 | AB24: P06 | AC24: F | AD24: F | AF24: =VLOOKUP(B24,'JAN25'!$B:$AO,36,0) -> 7 | AG24: =COUNTIF(C24:AD24,"UA") -> 0 | AH24: =AF24-AG24 -> 7 | AJ24: =VLOOKUP(B24,'JAN25'!$B:$AO,40,0) -> 11 | AK24: =COUNTIF(C24:AD24,"u") -> 0 | AL24: =AJ24-AK24 -> 11
A25: Carlos Carvalhais | B25: CARVALHAIS, CARLOS | C25: F | D25: F | E25: P14 | F25: P14 | G25: P14 | H25: P14 | I25: F | J25: F | K25: P06 | L25: P06 | M25: P06 | N25: P06 | O25: F | P25: F | Q25: P22 | R25: P22 | S25: P22 | T25: P22 | U25: F | V25: F | W25: P14 | X25: P14 | Y25: P14 | Z25: P14 | AA25: F | AB25: F | AC25: P06 | AD25: P06 | AF25: =VLOOKUP(B25,'JAN25'!$B:$AO,36,0) -> 0 | AG25: =COUNTIF(C25:AD25,"UA") -> 0 | AH25: =AF25-AG25 -> 0 | AJ25: =VLOOKUP(B25,'JAN25'!$B:$AO,40,0) -> 12 | AK25: =COUNTIF(C25:AD25,"u") -> 0 | AL25: =AJ25-AK25 -> 12
A26: Alefe Sobral | B26: SOBRAL, ALEFE | C26: F | D26: F | E26: P06 | F26: P06 | G26: F | H26: F | I26: P14 | J26: P10 | K26: P14 | L26: P14 | M26: F | N26: F | O26: P06 | P26: P06 | Q26: P06 | R26: P06 | S26: F | T26: F | U26: P22 | V26: P22 | W26: P22 | X26: P22 | Y26: F | Z26: F | AA26: P06 | AB26: P06 | AC26: P06 | AD26: P06 | AF26: =VLOOKUP(B26,'JAN25'!$B:$AO,36,0) -> 5 | AG26: =COUNTIF(C26:AD26,"UA") -> 0 | AH26: =AF26-AG26 -> 5 | AJ26: =VLOOKUP(B26,'JAN25'!$B:$AO,40,0) -> 10 | AK26: =COUNTIF(C26:AD26,"u") -> 0 | AL26: =AJ26-AK26 -> 10
A27: Jose Alves | B27: ALVES, JOSE | C27: P14 | D27: P14 | E27: F | F27: F | G27: P06 | H27: P06 | I27: P06 | J27: P06 | K27: P06 | L27: F | M27: F | N27: P14 | O27: P14 | P27: P14 | Q27: F | R27: F | S27: P06 | T27: P06 | U27: P06 | V27: P06 | W27: F | X27: F | Y27: P22 | Z27: P22 | AA27: P22 | AB27: P22 | AC27: F | AD27: F | AF27: =VLOOKUP(B27,'JAN25'!$B:$AO,36,0) -> 2 | AG27: =COUNTIF(C27:AD27,"UA") -> 0 | AH27: =AF27-AG27 -> 2 | AJ27: =VLOOKUP(B27,'JAN25'!$B:$AO,40,0) -> 22 | AK27: =COUNTIF(C27:AD27,"u") -> 0 | AL27: =AJ27-AK27 -> 22
A28: Ines Pilre | B28: PILRE, INES | C28: F | D28: F | E28: P14 | F28: P14 | G28: P12 | H28: P14 | I28: F | J28: F | K28: P06 | L28: P06 | M28: P06 | N28: P06 | O28: F | P28: F | Q28: P14 | R28: P14 | S28: P14 | T28: P14 | U28: F | V28: F | W28: P06 | X28: P06 | Y28: P06 | Z28: P06 | AA28: F | AB28: F | AC28: P22 | AD28: P22 | AF28: =VLOOKUP(B28,'JAN25'!$B:$AO,36,0) -> 0 | AG28: =COUNTIF(C28:AD28,"UA") -> 0 | AH28: =AF28-AG28 -> 0 | AJ28: =VLOOKUP(B28,'JAN25'!$B:$AO,40,0) -> 22 | AK28: =COUNTIF(C28:AD28,"u") -> 0 | AL28: =AJ28-AK28 -> 22
A29: Bruna Lima | B29: LIMA, BRUNA | C29: P22 | D29: P22 | E29: P22 | F29: P22 | G29: F | H29: F | I29: P14 | J29: P14 | K29: P14 | L29: P14 | M29: F | N29: F | O29: P06 | P29: P06 | Q29: P06 | R29: P06 | S29: F | T29: F | U29: P14 | V29: P14 | W29: P14 | X29: P14 | Y29: F | Z29: F | AA29: P14 | AB29: P14 | AC29: P14 | AD29: P14 | AF29: =VLOOKUP(B29,'JAN25'!$B:$AO,36,0) -> 10 | AG29: =COUNTIF(C29:AD29,"UA") -> 0 | AH29: =AF29-AG29 -> 10 | AJ29: =VLOOKUP(B29,'JAN25'!$B:$AO,40,0) -> 22 | AK29: =COUNTIF(C29:AD29,"u") -> 0 | AL29: =AJ29-AK29 -> 22
A30: Gonçalo Pereira | B30: PEREIRA, GONCALO | C30: P06 | D30: P06 | E30: F | F30: F | G30: P22 | H30: P22 | I30: P22 | J30: P22 | K30: F | L30: F | M30: P14 | N30: P14 | O30: P14 | P30: P14 | Q30: F | R30: F | S30: P06 | T30: P06 | U30: P06 | V30: P06 | W30: F | X30: F | Y30: P14 | Z30: P14 | AA30: P14 | AB30: P14 | AC30: F | AD30: F | AF30: =VLOOKUP(B30,'JAN25'!$B:$AO,36,0) -> 4 | AG30: =COUNTIF(C30:AD30,"UA") -> 0 | AH30: =AF30-AG30 -> 4 | AJ30: =VLOOKUP(B30,'JAN25'!$B:$AO,40,0) -> 22 | AK30: =COUNTIF(C30:AD30,"u") -> 0 | AL30: =AJ30-AK30 -> 22
A31: Joana Pinheiro | B31: PINHEIRO, JOANA | C31: F | D31: F | E31: P14 | F31: P14 | G31: P14 | H31: P14 | I31: F | J31: F | K31: P22 | L31: P22 | M31: P22 | N31: P22 | O31: F | P31: F | Q31: P14 | R31: P14 | S31: P14 | T31: P14 | U31: F | V31: F | W31: P06 | X31: P06 | Y31: P06 | Z31: P06 | AA31: F | AB31: F | AC31: P14 | AD31: P14 | AF31: =VLOOKUP(B31,'JAN25'!$B:$AO,36,0) -> 0 | AG31: =COUNTIF(C31:AD31,"UA") -> 0 | AH31: =AF31-AG31 -> 0 | AJ31: =VLOOKUP(B31,'JAN25'!$B:$AO,40,0) -> 22 | AK31: =COUNTIF(C31:AD31,"u") -> 0 | AL31: =AJ31-AK31 -> 22
A32: Inês Coelho | B32: COELHO, INES | C32: P06 | D32: P06 | E32: P06 | F32: U | G32: F | H32: F | I32: UA | J32: UA | K32: U | L32: U | M32: F | N32: F | O32: P22 | P32: P22 | Q32: P22 | R32: P22 | S32: F | T32: F | U32: K | V32: K | W32: K | X32: P14 | Y32: F | Z32: F | AA32: P06 | AB32: P06 | AC32: P06 | AD32: P06 | AF32: =VLOOKUP(B32,'JAN25'!$B:$AO,36,0) -> 2 | AG32: =COUNTIF(C32:AD32,"UA") -> 2 | AH32: =AF32-AG32 -> 0 | AJ32: =VLOOKUP(B32,'JAN25'!$B:$AO,40,0) -> 22 | AK32: =COUNTIF(C32:AD32,"u") -> 3 | AL32: =AJ32-AK32 -> 19
... A35: Catia Neves | B35: NEVES, CATIA | C35: F | D35: F | E35: P06 | F35: P06 | G35: P06 | H35: F | I35: P14 | J35: P14 | K35: P14 | L35: P14 | M35: F | N35: F | O35: P06 | P35: P06 | Q35: P06 | R35: P06 | S35: F | T35: F | U35: P14 | V35: P14 | W35: P14 | X35: P14 | Y35: F | Z35: F | AA35: P22 | AB35: P22 | AC35: P22 | AD35: P22 | AF35: =VLOOKUP(B35,'JAN25'!$B:$AO,36,0) -> 3 | AG35: =COUNTIF(C35:AD35,"UA") -> 0 | AH35: =AF35-AG35 -> 3 | AJ35: =VLOOKUP(B35,'JAN25'!$B:$AO,40,0) -> 22 | AK35: =COUNTIF(C35:AD35,"u") -> 0 | AL35: =AJ35-AK35 -> 22
A37: Hubs Services Team
A38: Carla Ferreira | B38: FERREIRA, CARLA | C38: P13 | D38: F | E38: F | F38: P05 | G38: P05 | H38: P05 | I38: P05 | J38: F | K38: F | L38: P07 | M38: P07 | N38: P07 | O38: S3 | P38: F | Q38: F | R38: P05 | S38: P05 | T38: P05 | U38: P05 | V38: F | W38: F | X38: P13 | Y38: P13 | Z38: P13 | AA38: P13 | AB38: P13 | AC38: F | AD38: P07 | AF38: =VLOOKUP(B38,'JAN25'!$B:$AO,36,0) -> 3 | AG38: =COUNTIF(C38:AD38,"UA") -> 0 | AH38: =AF38-AG38 -> 3 | AJ38: =VLOOKUP(B38,'JAN25'!$B:$AO,40,0) -> 22 | AK38: =COUNTIF(C38:AD38,"u") -> 0 | AL38: =AJ38-AK38 -> 22
A39: Bruna Queiroz | B39: QUEIROZ, BRUNA | C39: U | D39: U | E39: U | F39: F | G39: F | H39: U | I39: U | J39: U | K39: U | L39: F | M39: F | N39: U | O39: U | P39: U | Q39: U | R39: F | S39: F | T39: U | U39: U | V39: U | W39: U | X39: F | Y39: F | Z39: S3 | AA39: S3 | AB39: P09 | AC39: P08 | AD39: P08 | AF39: =VLOOKUP(B39,'JAN25'!$B:$AO,36,0) -> 0 | AG39: =COUNTIF(C39:AD39,"UA") -> 0 | AH39: =AF39-AG39 -> 0 | AJ39: =VLOOKUP(B39,'JAN25'!$B:$AO,40,0) -> 11
A40: Tiago Mendes | B40: MENDES, TIAGO ANDRE | C40: F | D40: P13 | E40: P13 | F40: P13 | G40: P12 | H40: F | I40: F | J40: P05 | K40: F | Z40: F | AA40: F | AB40: UA | AC40: UA | AD40: UA | AF40: =VLOOKUP(B40,'JAN25'!$B:$AO,36,0) -> 10 | AG40: =COUNTIF(C40:AD40,"UA") -> 3 | AH40: =AF40-AG40 -> 7 | AJ40: =VLOOKUP(B40,'JAN25'!$B:$AO,40,0) -> 11 | AK40: =COUNTIF(C40:AD40,"u") -> 0 | AL40: =AJ40-AK40 -> 11
A41: Ruben Pinheiro | B41: PINHEIRO, RUBEN | C41: UA | D41: UA | E41: UA | F41: F | G41: F | H41: P13 | I41: P13 | J41: K1 | K41: K1 | L41: K1 | M41: F | N41: P05 | O41: P05 | P41: P05 | Q41: P05 | R41: F | S41: F | T41: P07 | U41: P07 | V41: P07 | W41: P07 | X41: F | Y41: P22 | Z41: P22 | AA41: K | AB41: K | AC41: K | AD41: K | AF41: =VLOOKUP(B41,'JAN25'!$B:$AO,36,0) -> 9 | AG41: =COUNTIF(C41:AD41,"UA") -> 3 | AH41: =AF41-AG41 -> 6 | AJ41: =VLOOKUP(B41,'JAN25'!$B:$AO,40,0) -> 8 | AK41: =COUNTIF(C41:AD41,"u") -> 0 | AL41: =AJ41-AK41 -> 8
A42: Ana Ferreira | B42: FERREIRA, ANA SOFIA | C42: F | D42: F | E42: F | F42: S3 | G42: UA | H42: UA | I42: S3 | J42: F | K42: F | L42: P13 | M42: P13 | N42: P13 | O42: P13 | P42: F | Q42: F | R42: P22 | S42: P22 | T42: P22 | U42: P22 | V42: F | W42: F | X42: P07 | Y42: P07 | Z42: P07 | AA42: P07 | AB42: F | AC42: F | AD42: P22 | AF42: =VLOOKUP(B42,'JAN25'!$B:$AO,36,0) -> 3 | AG42: =COUNTIF(C42:AD42,"UA") -> 2 | AH42: =AF42-AG42 -> 1 | AJ42: =VLOOKUP(B42,'JAN25'!$B:$AO,40,0) -> 22 | AK42: =COUNTIF(C42:AD42,"u") -> 0 | AL42: =AJ42-AK42 -> 22
A43: Barbara Pereira | B43: PEREIRA, BARBARA | C43: F | D43: P13 | E43: P13 | F43: P13 | G43: P13 | H43: F | I43: F | J43: P07 | K43: P07 | L43: P07 | M43: P07 | N43: F | O43: F | P43: P13 | Q43: P13 | R43: P13 | S43: S3 | T43: F | U43: F | V43: P05 | W43: P05 | X43: P05 | Y43: P05 | Z43: F | AA43: F | AB43: P07 | AC43: P07 | AD43: P07 | AF43: =VLOOKUP(B43,'JAN25'!$B:$AO,36,0) -> 11 | AG43: =COUNTIF(C43:AD43,"UA") -> 0 | AH43: =AF43-AG43 -> 11 | AJ43: =VLOOKUP(B43,'JAN25'!$B:$AO,40,0) -> 22 | AK43: =COUNTIF(C43:AD43,"u") -> 0 | AL43: =AJ43-AK43 -> 22
A44: Jessica Martins | B44: MARTINS, JESSICA | C44: P22 | D44: P22 | E44: P22 | F44: F | G44: F | H44: P13 | I44: P13 | J44: P13 | K44: P13 | L44: F | M44: F | N44: B | O44: UA | P44: UA | Q44: UA | R44: F | S44: F | T44: UA | U44: UA | V44: UA | W44: UA | X44: F | Y44: F | Z44: UA | AA44: UA | AB44: UA | AC44: UA | AD44: F | AF44: =VLOOKUP(B44,'JAN25'!$B:$AO,36,0) -> 11 | AG44: =COUNTIF(C44:AD44,"UA") -> 11 | AH44: =AF44-AG44 -> 0 | AJ44: =VLOOKUP(B44,'JAN25'!$B:$AO,40,0) -> 11 | AK44: =COUNTIF(C44:AD44,"u") -> 0 | AL44: =AJ44-AK44 -> 11
A45: Jorge Costa | B45: COSTA, JORGE | C45: P07 | D45: P07 | E45: F | F45: F | G45: P07 | H45: P07 | I45: P07 | J45: F | K45: F | AF45: =VLOOKUP(B45,'JAN25'!$B:$AO,36,0) -> 0 | AG45: =COUNTIF(C45:AD45,"UA") -> 0 | AH45: =AF45-AG45 -> 0 | AJ45: =VLOOKUP(B45,'JAN25'!$B:$AO,40,0) -> 12 | AK45: =COUNTIF(C45:AD45,"u") -> 0 | AL45: =AJ45-AK45 -> 12
A46: Raquel Oliveira | B46: OLIVEIRA, RAQUEL ALEXANDRA | C46: F | D46: P07 | E46: P07 | F46: P07 | G46: P07 | H46: F | I46: F | J46: P22 | K46: P22 | L46: P22 | M46: P22 | N46: F | O46: F | P46: P13 | Q46: P13 | R46: P13 | S46: P13 | T46: F | U46: F | V46: P07 | W46: P07 | X46: P07 | Y46: P06 | Z46: F | AA46: F | AB46: P13 | AC46: UA | AD46: UA | AF46: =VLOOKUP(B46,'JAN25'!$B:$AO,36,0) -> 11 | AG46: =COUNTIF(C46:AD46,"UA") -> 2 | AH46: =AF46-AG46 -> 9 | AJ46: =VLOOKUP(B46,'JAN25'!$B:$AO,40,0) -> 11 | AK46: =COUNTIF(C46:AD46,"u") -> 0 | AL46: =AJ46-AK46 -> 11
A47: Jose Borges | B47: BORGES, JOSE | C47: P14 | D47: F | E47: P05 | F47: F | G47: F | H47: P07 | I47: P07 | J47: P07 | K47: P05 | L47: F | M47: F | N47: P22 | O47: P22 | P47: P22 | Q47: P22 | R47: F | S47: F | T47: P13 | U47: P13 | V47: P13 | W47: P13 | X47: F | Y47: F | Z47: P05 | AA47: P05 | AB47: P05 | AC47: P05 | AD47: S3 | AF47: =VLOOKUP(B47,'JAN25'!$B:$AO,36,0) -> 13 | AG47: =COUNTIF(C47:AD47,"UA") -> 0 | AH47: =AF47-AG47 -> 13 | AJ47: =VLOOKUP(B47,'JAN25'!$B:$AO,40,0) -> 22 | AK47: =COUNTIF(C47:AD47,"u") -> 0 | AL47: =AJ47-AK47 -> 22
A48: Jessica Santos | B48: SANTOS, JESSICA | C48: P06 | D48: P06 | E48: P06 | F48: F | G48: F | H48: P14 | I48: P14 | J48: P14 | K48: P14 | L48: F | M48: F | N48: P06 | O48: P06 | P48: P06 | Q48: F | R48: H05 | S48: H05 | T48: H05 | U48: H05 | V48: F | W48: F | X48: P13 | Y48: P13 | Z48: P13 | AA48: P13 | AB48: F | AC48: F | AD48: H05 | AF48: =VLOOKUP(B48,'JAN25'!$B:$AO,36,0) -> 0 | AG48: =COUNTIF(C48:AD48,"UA") -> 0 | AH48: =AF48-AG48 -> 0 | AJ48: =VLOOKUP(B48,'JAN25'!$B:$AO,40,0) -> 22 | AK48: =COUNTIF(C48:AD48,"u") -> 0 | AL48: =AJ48-AK48 -> 22
A49: Rafael Medina | B49: MEDINA, RAFAEL | C49: F | D49: P14 | E49: P14 | F49: P14 | G49: P14 | H49: F | I49: F | J49: P06 | K49: P06 | L49: P05 | M49: P05 | N49: F | O49: F | P49: P14 | Q49: P14 | R49: P14 | S49: P14 | T49: F | U49: F | V49: U | W49: U | X49: U | Y49: S3 | Z49: F | AA49: F | AB49: P14 | AC49: P14 | AD49: P14 | AF49: =VLOOKUP(B49,'JAN25'!$B:$AO,36,0) -> 0 | AG49: =COUNTIF(C49:AD49,"UA") -> 0 | AH49: =AF49-AG49 -> 0 | AJ49: =VLOOKUP(B49,'JAN25'!$B:$AO,40,0) -> 22 | AK49: =COUNTIF(C49:AD49,"u") -> 3 | AL49: =AJ49-AK49 -> 19
A51: P05 | C51: =COUNTIF(C21:C49,$A$51) -> 0 | D51: =COUNTIF(D21:D49,$A$51) -> 0 | E51: =COUNTIF(E21:E49,$A$51) -> 1 | F51: =COUNTIF(F21:F49,$A$51) -> 1 | G51: =COUNTIF(G21:G49,$A$51) -> 1 | H51: =COUNTIF(H21:H49,$A$51) -> 1 | I51: =COUNTIF(I21:I49,$A$51) -> 1 | J51: =COUNTIF(J21:J49,$A$51) -> 1 | ... AD51: =COUNTIF(AD21:AD49,$A$51) -> 0
A52: P06 | C52: =COUNTIF(C21:C49,$A$52) -> 3 | D52: =COUNTIF(D21:D49,$A$52) -> 3 | E52: =COUNTIF(E21:E49,$A$52) -> 5 | F52: =COUNTIF(F21:F49,$A$52) -> 4 | G52: =COUNTIF(G21:G49,$A$52) -> 4 | H52: =COUNTIF(H21:H49,$A$52) -> 3 | I52: =COUNTIF(I21:I49,$A$52) -> 3 | J52: =COUNTIF(J21:J49,$A$52) -> 4 | ... AD52: =COUNTIF(AD21:AD49,$A$52) -> 4
A53: P13 | C53: =COUNTIF(C21:C49,$A$53) -> 1 | D53: =COUNTIF(D21:D49,$A$53) -> 2 | E53: =COUNTIF(E21:E49,$A$53) -> 2 | F53: =COUNTIF(F21:F49,$A$53) -> 2 | G53: =COUNTIF(G21:G49,$A$53) -> 1 | H53: =COUNTIF(H21:H49,$A$53) -> 2 | I53: =COUNTIF(I21:I49,$A$53) -> 2 | J53: =COUNTIF(J21:J49,$A$53) -> 1 | ... AD53: =COUNTIF(AD21:AD49,$A$53) -> 0
A54: P14 | C54: =COUNTIF(C21:C49,$A$54) -> 3 | D54: =COUNTIF(D21:D49,$A$54) -> 3 | E54: =COUNTIF(E21:E49,$A$54) -> 5 | F54: =COUNTIF(F21:F49,$A$54) -> 5 | G54: =COUNTIF(G21:G49,$A$54) -> 5 | H54: =COUNTIF(H21:H49,$A$54) -> 6 | I54: =COUNTIF(I21:I49,$A$54) -> 6 | J54: =COUNTIF(J21:J49,$A$54) -> 4 | ... AD54: =COUNTIF(AD21:AD49,$A$54) -> 5
A55: P22 | C55: =COUNTIF(C21:C49,$A$55) -> 3 | D55: =COUNTIF(D21:D49,$A$55) -> 3 | E55: =COUNTIF(E21:E49,$A$55) -> 3 | F55: =COUNTIF(F21:F49,$A$55) -> 2 | G55: =COUNTIF(G21:G49,$A$55) -> 2 | H55: =COUNTIF(H21:H49,$A$55) -> 2 | I55: =COUNTIF(I21:I49,$A$55) -> 2 | J55: =COUNTIF(J21:J49,$A$55) -> 3 | ... AD55: =COUNTIF(AD21:AD49,$A$55) -> 3
A57: LHX & Catering
A58: Ana Telma Carvalho | B58: CARVALHO, ANA | C58: H05 | D58: H05 | E58: H05 | F58: F | G58: F | H58: P13 | I58: P13 | J58: P13 | K58: P13 | L58: F | M58: F | N58: H05 | O58: H05 | P58: H05 | Q58: H05 | R58: F | S58: F | T58: P13 | U58: P13 | V58: P13 | W58: P13 | X58: F | Y58: F | Z58: H05 | AA58: H05 | AB58: H05 | AC58: H05 | AD58: F | AF58: =VLOOKUP(B58,'JAN25'!$B:$AO,36,0) -> 0 | AG58: =COUNTIF(C58:AD58,"UA") -> 0 | AH58: =AF58-AG58 -> 0 | AJ58: =VLOOKUP(B58,'JAN25'!$B:$AO,40,0) -> 23 | AK58: =COUNTIF(C58:AD58,"u") -> 0 | AL58: =AJ58-AK58 -> 23
A59: Catia Craveiro | B59: CRAVEIRO, CATIA | C59: F | D59: P13 | E59: P13 | F59: P13 | G59: P13 | H59: F | I59: F | J59: H05 | K59: H05 | L59: H05 | M59: H05 | N59: F | O59: F | P59: P13 | Q59: P13 | R59: P13 | S59: P13 | T59: F | U59: F | V59: H05 | W59: H05 | X59: H05 | Y59: H05 | Z59: F | AA59: F | AB59: P13 | AC59: P13 | AD59: P13 | AF59: =VLOOKUP(B59,'JAN25'!$B:$AO,36,0) -> 0 | AG59: =COUNTIF(C59:AD59,"UA") -> 0 | AH59: =AF59-AG59 -> 0 | AJ59: =VLOOKUP(B59,'JAN25'!$B:$AO,40,0) -> 22 | AK59: =COUNTIF(C59:AD59,"u") -> 0 | AL59: =AJ59-AK59 -> 22
A60: Maria Vitoria Almeida | B60: ALMEIDA, MARIA VITORIA | C60: P13 | D60: F | E60: F | F60: H05 | G60: H05 | H60: H05 | I60: H05 | J60: F | K60: F | L60: UA | M60: UA | N60: UA | O60: UA | P60: F | Q60: F | R60: APT | S60: APT | T60: APT | U60: APT | V60: APT | W60: APT | X60: APT | Y60: APT | Z60: APT | AA60: APT | AB60: APT | AC60: APT | AD60: APT | AF60: =VLOOKUP(B60,'JAN25'!$B:$AO,36,0) -> 4 | AG60: =COUNTIF(C60:AD60,"UA") -> 4 | AH60: =AF60-AG60 -> 0 | AJ60: =VLOOKUP(B60,'JAN25'!$B:$AO,40,0) -> 22 | AK60: =COUNTIF(C60:AD60,"u") -> 0 | AL60: =AJ60-AK60 -> 22
A61: Larissa Murray | B61: MURRAY, LARISSA | C61: P14 | D61: F | E61: F | F61: UA | G61: S3 | H61: UA | I61: B* | J61: B | K61: F | L61: P14 | M61: P13 | N61: P14 | O61: P14 | P61: F | Q61: F | R61: P06 | S61: P06 | T61: P06 | U61: P06 | V61: F | W61: F | X61: P14 | Y61: P14 | Z61: P14 | AA61: P14 | AB61: F | AC61: F | AD61: P06 | AF61: =VLOOKUP(B61,'JAN25'!$B:$AO,36,0) -> 10 | AG61: =COUNTIF(C61:AD61,"UA") -> 2 | AH61: =AF61-AG61 -> 8 | AJ61: =VLOOKUP(B61,'JAN25'!$B:$AO,40,0) -> 22 | AK61: =COUNTIF(C61:AD61,"u") -> 0 | AL61: =AJ61-AK61 -> 22
A62: Nicole Souza | B62: SOUZA, NICOLE | C62: P06 | D62: P06 | E62: P06 | F62: F | G62: F | H62: P14 | I62: P14 | J62: P14 | K62: P14 | L62: F | M62: F | N62: P06 | O62: K | P62: K | Q62: K | R62: F | S62: F | T62: P14 | U62: P14 | V62: P14 | W62: P14 | X62: F | Y62: F | Z62: P06 | AA62: P06 | AB62: P06 | AC62: P06 | AD62: F | AF62: =VLOOKUP(B62,'JAN25'!$B:$AO,36,0) -> 8 | AG62: =COUNTIF(C62:AD62,"UA") -> 0 | AH62: =AF62-AG62 -> 8 | AJ62: =VLOOKUP(B62,'JAN25'!$B:$AO,40,0) -> 22 | AK62: =COUNTIF(C62:AD62,"u") -> 0 | AL62: =AJ62-AK62 -> 22
A63: Dulani Monteiro | B63: MONTEIRO, DULANI | C63: P06 | D63: P06 | E63: P06 | F63: F | G63: F | H63: P14 | I63: P14 | J63: P14 | K63: F | L63: P14 | M63: P14 | N63: P14 | O63: P14 | P63: F | Q63: F | R63: P06 | S63: P06 | T63: P06 | U63: P06 | V63: F | W63: F | X63: P14 | Y63: P14 | Z63: P14 | AA63: P14 | AB63: F | AC63: F | AD63: P06 | AF63: 0 | AG63: =COUNTIF(C63:AD63,"UA") -> 0 | AH63: =AF63-AG63 -> 0 | AJ63: 13 | AK63: =COUNTIF(C63:AD63,"u") -> 0 | AL63: =AJ63-AK63 -> 13
A64: Josue Fula | B64: FULA, JOSUE | C64: F | D64: F | E64: FINJ | F64: K | G64: K | H64: K | I64: K | J64: K | K64: F | L64: P14 | M64: P14 | N64: P14 | O64: P14 | P64: F | Q64: F | R64: P06 | S64: P06 | T64: P06 | U64: P06 | V64: F | W64: F | X64: P14 | Y64: P14 | Z64: P14 | AA64: P14 | AB64: F | AC64: F | AD64: P06 | AF64: =VLOOKUP(B64,'JAN25'!$B:$AO,36,0) -> 2 | AG64: =COUNTIF(C64:AD64,"UA") -> 0 | AH64: =AF64-AG64 -> 2 | AJ64: =VLOOKUP(B64,'JAN25'!$B:$AO,40,0) -> 22 | AK64: =COUNTIF(C64:AD64,"u") -> 0 | AL64: =AJ64-AK64 -> 22
A66: H05 | C66: =COUNTIF(C48:C49,$A$66)+COUNTIF(C58:C60,$A$66) -> 1 | D66: =COUNTIF(D48:D49,$A$66)+COUNTIF(D58:D60,$A$66) -> 1 | E66: =COUNTIF(E48:E49,$A$66)+COUNTIF(E58:E60,$A$66) -> 1 | F66: =COUNTIF(F48:F49,$A$66)+COUNTIF(F58:F60,$A$66) -> 1 | G66: =COUNTIF(G48:G49,$A$66)+COUNTIF(G58:G60,$A$66) -> 1 | H66: =COUNTIF(H48:H49,$A$66)+COUNTIF(H58:H60,$A$66) -> 1 | I66: =COUNTIF(I48:I49,$A$66)+COUNTIF(I58:I60,$A$66) -> 1 | J66: =COUNTIF(J48:J49,$A$66)+COUNTIF(J58:J60,$A$66) -> 1 | ... AD66: =COUNTIF(AD48:AD49,$A$66)+COUNTIF(AD58:AD60,$A$66) -> 1
A67: P06 | C67: =COUNTIF(C62:C64,"P04/")+COUNTIF(C62:C64,"H04/") -> 0 | D67: =COUNTIF(D62:D64,"P04/")+COUNTIF(D62:D64,"H04/") -> 0 | E67: =COUNTIF(E62:E64,"P04/")+COUNTIF(E62:E64,"H04/") -> 0 | F67: =COUNTIF(F62:F64,"P04/")+COUNTIF(F62:F64,"H04/") -> 0 | G67: =COUNTIF(G62:G64,"P04/")+COUNTIF(G62:G64,"H04/") -> 0 | H67: =COUNTIF(H62:H64,"P04/")+COUNTIF(H62:H64,"H04/") -> 0 | I67: =COUNTIF(I62:I64,"P04/")+COUNTIF(I62:I64,"H04/") -> 0 | J67: =COUNTIF(J62:J64,"P04/")+COUNTIF(J62:J64,"H04/") -> 0 | ... AD67: =COUNTIF(AD62:AD64,"P04/")+COUNTIF(AD62:AD64,"H04/") -> 0
A68: P14 | C68: =COUNTIF(C62:C64,$A$68) -> 0 | D68: =COUNTIF(D62:D64,$A$68) -> 0 | E68: =COUNTIF(E62:E64,$A$68) -> 0 | F68: =COUNTIF(F62:F64,$A$68) -> 0 | G68: =COUNTIF(G62:G64,$A$68) -> 0 | H68: =COUNTIF(H62:H64,$A$68) -> 2 | I68: =COUNTIF(I62:I64,$A$68) -> 2 | J68: =COUNTIF(J62:J64,$A$68) -> 2 | ... AD68: =COUNTIF(AD62:AD64,$A$68) -> 0
A69: P13 | C69: =COUNTIF(C48:C49,$A$69)+COUNTIF(C58:C60,$A$69) -> 1 | D69: =COUNTIF(D48:D49,$A$69)+COUNTIF(D58:D60,$A$69) -> 1 | E69: =COUNTIF(E48:E49,$A$69)+COUNTIF(E58:E60,$A$69) -> 1 | F69: =COUNTIF(F48:F49,$A$69)+COUNTIF(F58:F60,$A$69) -> 1 | G69: =COUNTIF(G48:G49,$A$69)+COUNTIF(G58:G60,$A$69) -> 1 | H69: =COUNTIF(H48:H49,$A$69)+COUNTIF(H58:H60,$A$69) -> 1 | I69: =COUNTIF(I48:I49,$A$69)+COUNTIF(I58:I60,$A$69) -> 1 | J69: =COUNTIF(J48:J49,$A$69)+COUNTIF(J58:J60,$A$69) -> 1 | ... AD69: =COUNTIF(AD48:AD49,$A$69)+COUNTIF(AD58:AD60,$A$69) -> 1

Sheet MAR25
C1: LGSP - Lufthansa Ground Services Portugal NIF : 509 842 593 Atividade: CAE 52230.R3 Sede e local de trabalho: Avenida da Boavista ED.Burgo, 1837 sala 13.1 Horario de Funcionamento: 24/7 IRT: Não Aplicável
A2: Hubs Services | C2: Março | AI2: Ferias 2024 | AM2: Ferias 2025
C3: Sab | D3: Dom | E3: Seg | F3: Ter | G3: Qua | H3: Qui | I3: Sex | J3: Sab | K3: Dom | L3: Seg | M3: Ter | N3: Qua | O3: Qui | P3: Sex | Q3: Sab | R3: Dom | S3: Seg | T3: Ter | U3: Qua | V3: Qui | W3: Sex | X3: Sab | Y3: Dom | Z3: Seg | AA3: Ter | AB3: Qua | AC3: Qui | AD3: Sex | AE3: Sab | AF3: Dom | AG3: Seg | AI3: 2024 | AJ3: Used | AK3: LEFT | AM3: 2025 | AN3: Used | AO3: LEFT
A4: NOME | B4: NOME GENESYS | C4: 1 | D4: 2 | E4: 3 | F4: 4 | G4: 5 | H4: 6 | I4: 7 | J4: 8 | K4: 9 | L4: 10 | M4: 11 | N4: 12 | O4: 13 | P4: 14 | Q4: 15 | R4: 16 | S4: 17 | T4: 18 | U4: 19 | V4: 20 | W4: 21 | X4: 22 | Y4: 23 | Z4: 24 | AA4: 25 | AB4: 26 | AC4: 27 | AD4: 28 | AE4: 29 | AF4: 30 | AG4: 31
A5: Diana Reisinho | B5: REISINHO, DIANA | C5: K | D5: K | E5: K | F5: K | G5: K | H5: K | I5: K | J5: K | K5: K | L5: K | M5: K | N5: K | O5: K | P5: K | Q5: K | R5: K | S5: K | T5: K | U5: K | V5: K | W5: K | X5: K | Y5: K | Z5: K | AA5: K | AB5: K | AC5: K | AD5: K | AE5: K | AF5: K | AG5: K | AI5: =VLOOKUP($B5,'FEB25'!$B:$AL,33,0) -> 3 | AJ5: =COUNTIF(C5:AG5,"UA") -> 0 | AK5: =AI5-AJ5 -> 3 | AM5: ='FEB25'!AL5 -> 22 | AN5: =COUNTIF(C5:AG5,"u") -> 0 | AO5: =AM5-AN5 -> 22
A6: Catarina Ferreira | B6: FERREIRA, CATARINA | C6: P06 | D6: P06 | E6: F | F6: F | G6: P14 | H6: P14 | I6: P14 | J6: P14 | K6: F | L6: F | M6: P06 | N6: P06 | O6: P06 | P6: P06 | Q6: F | R6: F | S6: P14 | T6: P14 | U6: P14 | V6: P14 | W6: F | X6: F | Y6: P06 | Z6: P06 | AA6: P06 | AB6: P06 | AC6: F | AD6: F | AE6: P06 | AF6: P06 | AG6: P06 | AI6: =VLOOKUP($B6,'FEB25'!$B:$AL,33,0) -> 0 | AJ6: =COUNTIF(C6:AG6,"UA") -> 0 | AK6: =AI6-AJ6 -> 0 | AM6: ='FEB25'!AL6 -> 19 | AN6: =COUNTIF(C6:AG6,"u") -> 0 | AO6: =AM6-AN6 -> 19
A7: João Santos Silva | B7: SANTOS SILVA, JOAO | C7: U | D7: U | E7: U | F7: H | G7: F | H7: F | I7: U | J7: U | K7: U | L7: U | M7: F | N7: F | O7: U | P7: U | Q7: U | R7: F | S7: F | T7: P06 | U7: P06 | V7: P06 | W7: P06 | X7: P06 | Y7: F | Z7: F | AA7: P14 | AB7: P14 | AC7: P14 | AD7: P14 | AE7: F | AF7: F | AG7: P06 | AI7: =VLOOKUP($B7,'FEB25'!$B:$AL,33,0) -> 0 | AJ7: =COUNTIF(C7:AG7,"UA") -> 0 | AK7: =AI7-AJ7 -> 0 | AM7: ='FEB25'!AL7 -> 22 | AN7: =COUNTIF(C7:AG7,"u") -> 10 | AO7: =AM7-AN7 -> 12
A8: Ana Magalhães | B8: MAGALHAES, ANA CATARINA | C8: P06 | D8: P06 | E8: F | F8: F | G8: P14 | H8: P14 | I8: P14 | J8: P14 | K8: F | L8: F | M8: P06 | N8: P06 | O8: P06 | P8: P06 | Q8: F | R8: F | S8: P14 | T8: P14 | U8: P14 | V8: P14 | W8: F | X8: F | Y8: P06 | Z8: P06 | AA8: P06 | AB8: P06 | AC8: F | AD8: F | AE8: P14 | AF8: P14 | AG8: P14 | AI8: =VLOOKUP($B8,'FEB25'!$B:$AL,33,0) -> 0 | AJ8: =COUNTIF(C8:AG8,"UA") -> 0 | AK8: =AI8-AJ8 -> 0 | AM8: ='FEB25'!AL8 -> 23 | AN8: =COUNTIF(C8:AG8,"u") -> 0 | AO8: =AM8-AN8 -> 23
A9: Jorge Gonçalves | B9: GONCALVES, JORGE | C9: F | D9: F | E9: P06 | F9: P06 | G9: P06 | H9: P06 | I9: F | J9: F | K9: P14 | L9: P14 | M9: P14 | N9: P14 | O9: F | P9: F | Q9: P06 | R9: P06 | S9: P06 | T9: P06 | U9: F | V9: F | W9: P14 | X9: U | Y9: P14 | Z9: P14 | AA9: F | AB9: F | AC9: P06 | AD9: P06 | AE9: P06 | AF9: P06 | AG9: F | AI9: =VLOOKUP($B9,'FEB25'!$B:$AL,33,0) -> 0 | AJ9: =COUNTIF(C9:AG9,"UA") -> 0 | AK9: =AI9-AJ9 -> 0 | AM9: ='FEB25'!AL9 -> 12 | AN9: =COUNTIF(C9:AG9,"u") -> 1 | AO9: =AM9-AN9 -> 11
A10: Catarina Pereira | B10: PEREIRA, CATARINA | C10: P14 | D10: P14 | E10: P14 | F10: P14 | G10: F | H10: F | I10: P06 | J10: P06 | K10: P06 | L10: P06 | M10: F | N10: F | O10: P06 | P10: P11 | Q10: P14 | R10: P14 | S10: F | T10: F | U10: P06 | V10: P06 | W10: P06 | X10: P14 | Y10: F | Z10: F | AA10: P14 | AB10: P14 | AC10: P14 | AD10: P14 | AE10: F | AF10: F | AG10: U | AI10: =VLOOKUP($B10,'FEB25'!$B:$AL,33,0) -> 0 | AJ10: =COUNTIF(C10:AG10,"UA") -> 0 | AK10: =AI10-AJ10 -> 0 | AM10: ='FEB25'!AL10 -> 22 | AN10: =COUNTIF(C10:AG10,"u") -> 1 | AO10: =AM10-AN10 -> 21
A11: Sara Medeiros | B11: MEDEIROS, SARA | C11: P06 | D11: P06 | E11: F | F11: F | G11: P14 | H11: P14 | I11: P14 | J11: P09 | K11: F | L11: F | M11: P14 | N11: P14 | O11: P14 | P11: P14 | Q11: F | R11: F | S11: P14 | T11: P14 | U11: P14 | V11: P14 | W11: F | X11: F | Y11: P06 | Z11: P06 | AA11: P06 | AB11: P06 | AC11: F | AD11: F | AE11: P14 | AF11: P11 | AG11: P06 | AI11: =VLOOKUP($B11,'FEB25'!$B:$AL,33,0) -> 0 | AJ11: =COUNTIF(C11:AG11,"UA") -> 0 | AK11: =AI11-AJ11 -> 0 | AM11: ='FEB25'!AL11 -> 22 | AN11: =COUNTIF(C11:AG11,"u") -> 0 | AO11: =AM11-AN11 -> 22
A12: Catia Martins | B12: MARTINS, CATIA | C12: F | D12: F | E12: P06 | F12: P06 | G12: P06 | H12: P06 | I12: F | J12: F | K12: P14 | L12: P14 | M12: P14 | N12: P14 | O12: F | P12: F | Q12: P06 | R12: P06 | S12: P06 | T12: P11 | U12: F | V12: F | W12: P22 | X12: P22 | Y12: P22 | Z12: P22 | AA12: F | AB12: F | AC12: P14 | AD12: P14 | AE12: P14 | AF12: P14 | AG12: F | AI12: =VLOOKUP($B12,'FEB25'!$B:$AL,33,0) -> 0 | AJ12: =COUNTIF(C12:AG12,"UA") -> 0 | AK12: =AI12-AJ12 -> 0 | AM12: ='FEB25'!AL12 -> 17 | AN12: =COUNTIF(C12:AG12,"u") -> 0 | AO12: =AM12-AN12 -> 17
A14: Cgsupport
A15: Marcos Costa | B15: COSTA, MARCOS FELIPE | C15: B | D15: F | E15: B* | F15: K | G15: K | H15: K | I15: F | J15: F | K15: P06 | L15: P06 | M15: P06 | N15: P06 | O15: F | P15: F | Q15: P14 | R15: P14 | S15: P14 | T15: P14 | U15: F | V15: F | W15: P06 | X15: P06 | Y15: FINJ | Z15: FINJ | AA15: F | AB15: F | AC15: FINJ | AD15: FINJ | AE15: P08 | AF15: P06 | AG15: P06 | AI15: 0 | AJ15: =COUNTIF(C15:AG15,"UA") -> 0 | AK15: =AI15-AJ15 -> 0 | AM15: 22 | AN15: 0 | AO15: 22
A16: Tassiana Bastos | B16: BASTOS, TASSIANA | C16: UA | D16: P06 | E16: P06 | F16: F | G16: F | H16: P14 | I16: P14 | J16: P14 | K16: P14 | L16: F | M16: F | N16: P06 | O16: P06 | P16: P06 | Q16: P06 | R16: F | S16: F | T16: P14 | U16: P14 | V16: P14 | W16: P14 | X16: F | Y16: F | Z16: P06 | AA16: P06 | AB16: P06 | AC16: P14 | AD16: P14 | AE16: F | AF16: F | AG16: P14 | AI16: 1 | AJ16: =COUNTIF(C16:AG16,"UA") -> 1 | AK16: =AI16-AJ16 -> 0 | AM16: 22 | AN16: 0 | AO16: 22
A17: Tatiana Monteiro | B17: MONTEIRO, TATIANA | C17: P06 | D17: P06 | E17: F | F17: P06 | G17: P06 | H17: P06 | I17: F | J17: UA | K17: F | L17: F | M17: P06 | N17: P06 | O17: P14 | P17: P14 | Q17: F | R17: F | S17: P06 | T17: P06 | U17: P06 | V17: P06 | W17: F | X17: F | Y17: P06 | Z17: P06 | AA17: P14 | AB17: P14 | AC17: F | AD17: F | AE17: P14 | AF17: P14 | AG17: P14 | AI17: 1 | AJ17: =COUNTIF(C17:AG17,"UA") -> 1 | AK17: =AI17-AJ17 -> 0 | AM17: 22 | AN17: 0 | AO17: 22
A18: Raquel Teixeira | B18: TEIXEIRA, RAQUEL | C18: F | D18: F | E18: P14 | F18: P14 | G18: P14 | H18: P14 | I18: F | J18: F | K18: P14 | L18: P14 | M18: P14 | N18: P14 | O18: F | P18: F | Q18: P06 | R18: P06 | S18: P13 | T18: P14 | U18: F | V18: F | W18: P14 | X18: P14 | Y18: P14 | Z18: P14 | AA18: F | AB18: F | AC18: UA | AD18: UA | AE18: UA | AF18: UA | AG18: F | AI18: 6 | AJ18: =COUNTIF(C18:AG18,"UA") -> 4 | AK18: =AI18-AJ18 -> 2 | AM18: 23 | AN18: 0 | AO18: 23
A19: Filipa Moreira | B19: MOREIRA, FILIPA | C19: F | D19: F | E19: UA | F19: H | G19: UA | H19: UA | I19: UA | J19: F | K19: F | L19: P09/ | M19: P09/ | N19: P09/ | O19: P08 | P19: P08 | Q19: F | R19: F | S19: P06 | T19: P06 | U19: P06 | V19: P06 | W19: F | X19: F | Y19: P06 | Z19: P06 | AA19: P14 | AB19: P14 | AC19: F | AD19: F | AE19: P06 | AF19: P06 | AG19: P06 | AI19: 4 | AJ19: =COUNTIF(C19:AG19,"UA") -> 4 | AK19: =AI19-AJ19 -> 0 | AM19: 23 | AN19: 0 | AO19: 23
A21: INAD HUBs RST
A22: Cristiana Ferreira | B22: FERREIRA, CRISTIANA MARGARIDA | C22: F | D22: F | E22: UA | F22: H | G22: UA | H22: U | I22: U | J22: F | K22: F | L22: P09/ | M22: P09/ | N22: P09/ | O22: P09/ | P22: P09/ | Q22: F | R22: F | S22: P09/ | T22: P09/ | U22: P09/ | V22: P09/ | W22: K1 | X22: F | Y22: F | Z22: P09/ | AA22: P09/ | AB22: P09/ | AC22: P09/ | AD22: P09/ | AE22: P06 | AF22: F | AG22: P08 | AI22: =VLOOKUP($B22,'FEB25'!$B:$AL,33,0) -> 2 | AJ22: =COUNTIF(C22:AG22,"UA") -> 2 | AK22: =AI22-AJ22 -> 0 | AM22: ='FEB25'!AL15 -> 22 | AN22: =COUNTIF(C22:AG22,"u") -> 2 | AO22: =AM22-AN22 -> 20
A23: Tiago Abreu | B23: ABREU, TIAGO | C23: F | D23: P14 | E23: P14 | F23: P14 | G23: P14 | H23: F | I23: F | J23: P06 | K23: P06 | L23: P14 | M23: P14 | N23: F | O23: F | P23: P14 | Q23: P14 | R23: P14 | S23: P14 | T23: F | U23: F | V23: P06 | W23: P06 | X23: P14 | Y23: P14 | Z23: F | AA23: NO | AB23: NO | AC23: F | AD23: P14 | AE23: P10 | AF23: P06 | AG23: F | AI23: =VLOOKUP($B23,'FEB25'!$B:$AL,33,0) -> 0 | AJ23: =COUNTIF(C23:AG23,"UA") -> 0 | AK23: =AI23-AJ23 -> 0 | AM23: ='FEB25'!AL16 -> 12 | AN23: =COUNTIF(C23:AG23,"u") -> 0 | AO23: =AM23-AN23 -> 12
A24: Maria Burca | B24: BURCA, MARIA | C24: P14 | D24: F | E24: F | F24: H | G24: P06 | H24: P06 | I24: P06 | J24: F | K24: F | L24: P06 | M24: P06 | N24: P14 | O24: P14 | P24: F | Q24: F | R24: P06 | S24: P06 | T24: P06 | U24: P06 | V24: F | W24: F | X24: P06 | Y24: P06 | Z24: P14 | AA24: P14 | AB24: F | AC24: F | AD24: UA | AE24: B | AF24: U | AG24: U | AI24: =VLOOKUP($B24,'FEB25'!$B:$AL,33,0) -> 1 | AJ24: =COUNTIF(C24:AG24,"UA") -> 1 | AK24: =AI24-AJ24 -> 0 | AM24: ='FEB25'!AL17 -> 23 | AN24: =COUNTIF(C24:AG24,"u") -> 2 | AO24: =AM24-AN24 -> 21
A25: Catarina Mendes | B25: MENDES, CATARINA | C25: P10M | D25: P10M | E25: P10M | F25: F | G25: F | H25: P10M | I25: P10M | J25: P10M | K25: P10M | L25: P10M | M25: F | N25: F | O25: P10M | P25: P10M | Q25: P10M | R25: F | S25: F | T25: P10M | U25: P10M | V25: P10M | W25: P10M | X25: F | Y25: F | Z25: P10M | AA25: P10M | AB25: K | AC25: P10M | AD25: F | AE25: F | AF25: P10M | AG25: P08/ | AI25: =VLOOKUP($B25,'FEB25'!$B:$AL,33,0) -> 0 | AJ25: =COUNTIF(C25:AG25,"UA") -> 0 | AK25: =AI25-AJ25 -> 0 | AM25: ='FEB25'!AL18 -> 21 | AN25: =COUNTIF(C25:AG25,"u") -> 0 | AO25: =AM25-AN25 -> 21
A26: Barbara Martins | B26: MARTINS, BARBARA | C26: F | D26: P14 | E26: P14 | F26: P14 | G26: P14 | H26: F | I26: F | J26: P06 | K26: P06 | L26: P14 | M26: P14 | N26: F | O26: F | P26: P14 | Q26: P14 | R26: P14 | S26: P14 | T26: F | U26: F | V26: P06 | W26: P06 | X26: P06 | Y26: P06 | Z26: F | AA26: F | AB26: P14 | AC26: P14 | AD26: P14 | AE26: P14 | AF26: P14 | AG26: F | AI26: 5 | AJ26: 0 | AK26: 5 | AM26: 22 | AN26: 0 | AO26: 22
A28: RST Team
A29: Diana Salome Sousa | B29: SOUSA, DIANA SALOME | C29: P22 | D29: P22 | E29: P22 | F29: P22 | G29: F | H29: F | I29: P14 | J29: P14 | K29: P14 | L29: P14 | M29: F | N29: F | O29: P06 | P29: FINJ | Q29: P06 | R29: P06 | S29: F | T29: F | U29: P14 | V29: P14 | W29: P14 | X29: P14 | Y29: F | Z29: F | AA29: P06 | AB29: P06 | AC29: P06 | AD29: P06 | AE29: F | AF29: F | AG29: P22 | AI29: =VLOOKUP($B29,'FEB25'!$B:$AL,33,0) -> 0 | AJ29: =COUNTIF(C29:AG29,"UA") -> 0 | AK29: =AI29-AJ29 -> 0 | AM29: ='FEB25'!AL21 -> 19 | AN29: =COUNTIF(C29:AG29,"u") -> 0 | AO29: =AM29-AN29 -> 19
A30: Ricardo Medeiros | B30: MEDEIROS, RICARDO | C30: P06 | D30: P06 | E30: F | F30: F | G30: P06 | H30: P06 | I30: P06 | J30: P06 | K30: F | L30: F | M30: P22 | N30: P22 | O30: K | P30: K | Q30: F | R30: F | S30: P06 | T30: P06 | U30: P06 | V30: P06 | W30: F | X30: F | Y30: P14 | Z30: P14 | AA30: P14 | AB30: P14 | AC30: F | AD30: F | AE30: P06 | AF30: P06 | AG30: P06 | AI30: =VLOOKUP($B30,'FEB25'!$B:$AL,33,0) -> 2 | AJ30: =COUNTIF(C30:AG30,"UA") -> 0 | AK30: =AI30-AJ30 -> 2 | AM30: ='FEB25'!AL22 -> 22 | AN30: =COUNTIF(C30:AG30,"u") -> 0 | AO30: =AM30-AN30 -> 22
A31: Ricardo Bessa | B31: BESSA, RICARDO | C31: F | D31: F | E31: P06 | F31: P06 | G31: P06 | H31: P06 | I31: F | J31: F | K31: P22 | L31: P22 | M31: P22 | N31: P22 | O31: F | P31: F | Q31: P14 | R31: P14 | S31: P14 | T31: P14 | U31: F | V31: F | W31: P06 | X31: P06 | Y31: P06 | Z31: P06 | AA31: F | AB31: F | AC31: P14 | AD31: P14 | AE31: P14 | AF31: P14 | AG31: F | AI31: =VLOOKUP($B31,'FEB25'!$B:$AL,33,0) -> 0 | AJ31: =COUNTIF(C31:AG31,"UA") -> 0 | AK31: =AI31-AJ31 -> 0 | AM31: ='FEB25'!AL23 -> 22 | AN31: =COUNTIF(C31:AG31,"u") -> 0 | AO31: =AM31-AN31 -> 22
A32: Samuel Neves | B32: NEVES, SAMUEL | C32: P14 | D32: P14 | E32: P14 | F32: P14 | G32: F | H32: F | I32: P06 | J32: P06 | K32: P06 | L32: P06 | M32: F | N32: F | O32: P22 | P32: P22 | Q32: P22 | R32: P22 | S32: F | T32: F | U32: P14 | V32: P14 | W32: P14 | X32: P14 | Y32: F | Z32: F | AA32: P06 | AB32: P06 | AC32: P06 | AD32: UA | AE32: F | AF32: F | AG32: UA | AI32: =VLOOKUP($B32,'FEB25'!$B:$AL,33,0) -> 7 | AJ32: =COUNTIF(C32:AG32,"UA") -> 2 | AK32: =AI32-AJ32 -> 5 | AM32: ='FEB25'!AL24 -> 11 | AN32: =COUNTIF(C32:AG32,"u") -> 0 | AO32: =AM32-AN32 -> 11
A33: Carlos Carvalhais | B33: CARVALHAIS, CARLOS | C33: P06 | D33: P06 | E33: F | F33: F | G33: P14 | H33: P14 | I33: P10 | J33: P14 | K33: F | L33: F | M33: P06 | N33: P06 | O33: P06 | P33: P06 | Q33: F | R33: F | S33: P22 | T33: P22 | U33: P22 | V33: P22 | W33: F | X33: F | Y33: P14 | Z33: P14 | AA33: P14 | AB33: P14 | AC33: F | AD33: F | AE33: U | AF33: U | AG33: U | AI33: =VLOOKUP($B33,'FEB25'!$B:$AL,33,0) -> 0 | AJ33: =COUNTIF(C33:AG33,"UA") -> 0 | AK33: =AI33-AJ33 -> 0 | AM33: ='FEB25'!AL25 -> 12 | AN33: =COUNTIF(C33:AG33,"u") -> 3 | AO33: =AM33-AN33 -> 9
A34: Alefe Sobral | B34: SOBRAL, ALEFE | C34: F | D34: F | E34: UA | F34: H | G34: P06 | H34: P06 | I34: F | J34: F | K34: P14 | L34: P14 | M34: P14 | N34: P14 | O34: F | P34: F | Q34: P06 | R34: P06 | S34: P06 | T34: P06 | U34: F | V34: F | W34: S3 | X34: UA | Y34: UA | Z34: UA | AA34: F | AB34: F | AC34: P22 | AD34: P22 | AE34: P22 | AF34: P22 | AG34: F | AI34: =VLOOKUP($B34,'FEB25'!$B:$AL,33,0) -> 5 | AJ34: =COUNTIF(C34:AG34,"UA") -> 4 | AK34: =AI34-AJ34 -> 1 | AM34: ='FEB25'!AL26 -> 10 | AN34: =COUNTIF(C34:AG34,"u") -> 0 | AO34: =AM34-AN34 -> 10
A35: Jose Alves | B35: ALVES, JOSE | C35: P14 | D35: P14 | E35: P14 | F35: P14 | G35: F | H35: F | I35: P06 | J35: P06 | K35: P06 | L35: P06 | M35: F | N35: F | O35: P14 | P35: P14 | Q35: P14 | R35: P14 | S35: F | T35: F | U35: P06 | V35: P06 | W35: P06 | X35: P06 | Y35: F | Z35: F | AA35: P22 | AB35: P22 | AC35: P22 | AD35: P22 | AE35: F | AF35: F | AG35: P14 | AI35: =VLOOKUP($B35,'FEB25'!$B:$AL,33,0) -> 2 | AJ35: =COUNTIF(C35:AG35,"UA") -> 0 | AK35: =AI35-AJ35 -> 2 | AM35: ='FEB25'!AL27 -> 22 | AN35: =COUNTIF(C35:AG35,"u") -> 0 | AO35: =AM35-AN35 -> 22
A36: Ines Pilre | B36: PILRE, INES | C36: P22 | D36: P22 | E36: F | F36: F | G36: P14 | H36: P14 | I36: P14 | J36: P14 | K36: F | L36: F | M36: P06 | N36: P06 | O36: P06 | P36: P06 | Q36: F | R36: F | S36: P14 | T36: P14 | U36: P14 | V36: P14 | W36: F | X36: F | Y36: P06 | Z36: P06 | AA36: P06 | AB36: P06 | AC36: F | AD36: F | AE36: P22 | AF36: P22 | AG36: P22 | AI36: =VLOOKUP($B36,'FEB25'!$B:$AL,33,0) -> 0 | AJ36: =COUNTIF(C36:AG36,"UA") -> 0 | AK36: =AI36-AJ36 -> 0 | AM36: ='FEB25'!AL28 -> 22 | AN36: =COUNTIF(C36:AG36,"u") -> 0 | AO36: =AM36-AN36 -> 22
A37: Bruna Lima | B37: LIMA, BRUNA | C37: F | D37: F | E37: P22 | F37: P22 | G37: P22 | H37: P22 | I37: F | J37: F | K37: P14 | L37: P14 | M37: P14 | N37: P14 | O37: F | P37: F | Q37: P06 | R37: P06 | S37: UA | T37: UA | U37: F | V37: F | W37: UA | X37: UA | Y37: UA | Z37: UA | AA37: F | AB37: F | AC37: UA | AD37: UA | AE37: UA | AF37: UA | AG37: F | AI37: =VLOOKUP($B37,'FEB25'!$B:$AL,33,0) -> 10 | AJ37: =COUNTIF(C37:AG37,"UA") -> 10 | AK37: =AI37-AJ37 -> 0 | AM37: ='FEB25'!AL29 -> 22 | AN37: =COUNTIF(C37:AG37,"u") -> 0 | AO37: =AM37-AN37 -> 22
A38: Gonçalo Pereira | B38: PEREIRA, GONCALO | C38: P06 | D38: P06 | E38: P06 | F38: P06 | G38: F | H38: F | I38: P22 | J38: P22 | K38: P22 | L38: P22 | M38: F | N38: F | O38: UA | P38: UA | Q38: UA | R38: UA | S38: F | T38: F | U38: S3 | V38: P | W38: P | X38: P | Y38: P | Z38: P | AA38: P | AB38: P | AC38: P | AD38: P | AE38: P | AF38: P | AG38: P | AI38: =VLOOKUP($B38,'FEB25'!$B:$AL,33,0) -> 4 | AJ38: =COUNTIF(C38:AG38,"UA") -> 4 | AK38: =AI38-AJ38 -> 0 | AM38: ='FEB25'!AL30 -> 22 | AN38: =COUNTIF(C38:AG38,"u") -> 0 | AO38: =AM38-AN38 -> 22
A39: Joana Pinheiro | B39: PINHEIRO, JOANA | C39: P14 | D39: P14 | E39: F | F39: F | G39: P22 | H39: P22 | I39: P22 | J39: P22 | K39: F | L39: F | M39: U | N39: U | O39: U | P39: U | Q39: F | R39: F | S39: P06 | T39: P06 | U39: P06 | V39: P06 | W39: F | X39: F | Y39: P22 | Z39: P22 | AA39: P22 | AB39: P22 | AC39: F | AD39: F | AE39: P14 | AF39: P14 | AG39: P14 | AI39: =VLOOKUP($B39,'FEB25'!$B:$AL,33,0) -> 0 | AJ39: =COUNTIF(C39:AG39,"UA") -> 0 | AK39: =AI39-AJ39 -> 0 | AM39: ='FEB25'!AL31 -> 22 | AN39: =COUNTIF(C39:AG39,"u") -> 4 | AO39: =AM39-AN39 -> 18
A40: Inês Coelho | B40: COELHO, INES | C40: F | D40: F | E40: P14 | F40: P14 | G40: P14 | H40: P14 | I40: F | J40: F | K40: P06 | L40: P06 | M40: P06 | N40: P06 | O40: F | P40: F | Q40: P22 | R40: P22 | S40: P22 | T40: P22 | U40: F | V40: F | W40: P14 | X40: P14 | Y40: P14 | Z40: P14 | AA40: F | AB40: F | AC40: P06 | AD40: P06 | AE40: P06 | AF40: P06 | AG40: F | AI40: =VLOOKUP($B40,'FEB25'!$B:$AL,33,0) -> 0 | AJ40: =COUNTIF(C40:AG40,"UA") -> 0 | AK40: =AI40-AJ40 -> 0 | AM40: ='FEB25'!AL32 -> 19 | AN40: =COUNTIF(C40:AG40,"u") -> 0 | AO40: =AM40-AN40 -> 19
... A43: Catia Neves | B43: NEVES, CATIA | C43: F | D43: F | E43: P14 | F43: P14 | G43: P14 | H43: P14 | I43: F | J43: F | K43: P05 | L43: P06 | M43: P06 | N43: P06 | O43: F | P43: F | Q43: P14 | R43: P14 | S43: P14 | T43: P14 | U43: F | V43: F | W43: UA | X43: UA | Y43: UA | Z43: K | AA43: K | AB43: K | AC43: K | AD43: K | AE43: K | AF43: K | AG43: K | AI43: =VLOOKUP($B43,'FEB25'!$B:$AL,33,0) -> 3 | AJ43: =COUNTIF(C43:AG43,"UA") -> 3 | AK43: =AI43-AJ43 -> 0 | AM43: ='FEB25'!AL35 -> 22 | AN43: =COUNTIF(C43:AG43,"u") -> 0 | AO43: =AM43-AN43 -> 22
A45: Hubs Services Team
A46: Carla Ferreira | B46: FERREIRA, CARLA | C46: F | D46: F | E46: P08 | F46: H | G46: P08 | H46: P08 | I46: P08 | J46: F | K46: F | L46: P08 | M46: P08 | N46: P08 | O46: P08 | P46: P08 | Q46: F | R46: F | S46: F | T46: UA | U46: UA | V46: UA | W46: U | X46: F | Y46: F | Z46: P05 | AA46: P05 | AB46: P05 | AC46: P05 | AD46: F | AE46: F | AF46: P13 | AG46: P13 | AI46: =VLOOKUP($B46,'FEB25'!$B:$AL,33,0) -> 3 | AJ46: =COUNTIF(C46:AG46,"UA") -> 3 | AK46: =AI46-AJ46 -> 0 | AM46: ='FEB25'!AL38 -> 22 | AN46: =COUNTIF(C46:AG46,"u") -> 1 | AO46: =AM46-AN46 -> 21
A47: Ruben Pinheiro | B47: PINHEIRO, RUBEN | C47: K | D47: K | E47: K | F47: K | G47: K | H47: K | I47: K | J47: P07 | K47: P07 | L47: P07 | M47: P07 | N47: F | O47: F | P47: P13 | Q47: P13 | R47: P13 | S47: P13 | T47: F | U47: F | V47: P05 | W47: P05 | X47: P05 | Y47: P05 | Z47: F | AA47: F | AB47: P07 | AC47: P07 | AD47: P07 | AE47: P07 | AF47: F | AG47: F | AI47: =VLOOKUP($B47,'FEB25'!$B:$AL,33,0) -> 6 | AJ47: =COUNTIF(C47:AG47,"UA") -> 0 | AK47: =AI47-AJ47 -> 6 | AM47: ='FEB25'!AL41 -> 8 | AN47: =COUNTIF(C47:AG47,"u") -> 0 | AO47: =AM47-AN47 -> 8
A48: Ana Ferreira | B48: FERREIRA, ANA SOFIA | C48: P22 | D48: P22 | E48: P22 | F48: F | G48: F | H48: P13 | I48: P13 | J48: P13 | K48: P13 | L48: F | M48: F | N48: P07 | O48: P07 | P48: P07 | Q48: P07 | R48: F | S48: F | T48: P13 | U48: P13 | V48: P13 | W48: P13 | X48: F | Y48: F | Z48: P22 | AA48: P22 | AB48: P22 | AC48: P22 | AD48: F | AE48: F | AF48: P13 | AG48: P13 | AI48: =VLOOKUP($B48,'FEB25'!$B:$AL,33,0) -> 1 | AJ48: =COUNTIF(C48:AG48,"UA") -> 0 | AK48: =AI48-AJ48 -> 1 | AM48: ='FEB25'!AL42 -> 22 | AN48: =COUNTIF(C48:AG48,"u") -> 0 | AO48: =AM48-AN48 -> 22
A49: Barbara Pereira | B49: PEREIRA, BARBARA | C49: P07 | D49: F | E49: F | F49: P22 | G49: P22 | H49: P22 | I49: P22 | J49: F | K49: F | L49: UA | M49: UA | N49: UA | O49: UA | P49: F | Q49: F | R49: UA | S49: UA | T49: UA | U49: UA | V49: F | W49: F | X49: UA | Y49: UA | Z49: UA | AA49: P13 | AB49: F | AC49: F | AD49: P05 | AE49: P05 | AF49: P05 | AG49: P05 | AI49: =VLOOKUP($B49,'FEB25'!$B:$AL,33,0) -> 11 | AJ49: =COUNTIF(C49:AG49,"UA") -> 11 | AK49: =AI49-AJ49 -> 0 | AM49: ='FEB25'!AL43 -> 22 | AN49: =COUNTIF(C49:AG49,"u") -> 0 | AO49: =AM49-AN49 -> 22
A50: Jessica Martins | B50: MARTINS, JESSICA | C50: F | D50: P07 | E50: P07 | F50: P07 | G50: NO | H50: F | I50: F | J50: P22 | K50: P22 | L50: P22 | M50: P22 | N50: F | O50: F | P50: P13 | Q50: P13 | R50: P13 | S50: P13 | T50: F | U50: F | V50: P22 | W50: P22 | X50: P22 | Y50: P22 | Z50: F | AA50: F | AB50: P13 | AC50: P13 | AD50: P13 | AE50: P13 | AF50: F | AG50: F | AI50: =VLOOKUP($B50,'FEB25'!$B:$AL,33,0) -> 0 | AJ50: =COUNTIF(C50:AG50,"UA") -> 0 | AK50: =AI50-AJ50 -> 0 | AM50: ='FEB25'!AL44 -> 11 | AN50: =COUNTIF(C50:AG50,"u") -> 0 | AO50: =AM50-AN50 -> 11
A51: Josue Fula | B51: FULA, JOSUE | C51: P07 | D51: P07 | E51: P07 | F51: F | G51: F | H51: P13 | I51: P13 | J51: P13 | K51: P13 | L51: F | M51: F | N51: P05 | O51: P05 | P51: P05 | Q51: P05 | R51: F | S51: F | T51: P13 | U51: P13 | V51: P13 | W51: P13 | X51: F | Y51: F | Z51: TR-P08 | AA51: TR-P08 | AB51: TR-P08 | AC51: TR-P08 | AD51: TR-P08 | AE51: F | AF51: F | AG51: P08 | AI51: =VLOOKUP($B51,'FEB25'!$B:$AL,33,0) -> 2 | AJ51: =COUNTIF(C51:AG51,"UA") -> 0 | AK51: =AI51-AJ51 -> 2 | AM51: 22 | AN51: =COUNTIF(C51:AG51,"u") -> 0 | AO51: =AM51-AN51 -> 22
A52: Raquel Oliveira | B52: OLIVEIRA, RAQUEL ALEXANDRA | C52: UA | D52: F | E52: F | F52: H | G52: UA | H52: UA | I52: UA | J52: F | K52: F | L52: UA | M52: UA | N52: UA | O52: UA | P52: F | Q52: F | R52: P22 | S52: P22 | T52: P22 | U52: P22 | V52: F | W52: F | X52: P13 | Y52: P13 | Z52: P13 | AA52: P13 | AB52: F | AC52: F | AD52: P07 | AE52: P07 | AF52: P07 | AG52: P07 | AI52: =VLOOKUP($B52,'FEB25'!$B:$AL,33,0) -> 9 | AJ52: =COUNTIF(C52:AG52,"UA") -> 8 | AK52: =AI52-AJ52 -> 1 | AM52: ='FEB25'!AL46 -> 11 | AN52: =COUNTIF(C52:AG52,"u") -> 0 | AO52: =AM52-AN52 -> 11
A53: Jose Borges | B53: BORGES, JOSE | C53: F | D53: F | E53: P13 | F53: P13 | G53: P13 | H53: F | I53: F | J53: P05 | K53: P05 | L53: P05 | M53: P05 | N53: F | O53: F | P53: P07 | Q53: P05 | R53: P07 | S53: P07 | T53: F | U53: F | V53: P07 | W53: P07 | X53: P07 | Y53: P07 | Z53: F | AA53: F | AB53: P13 | AC53: P13 | AD53: P13 | AE53: P13 | AF53: F | AG53: F | AI53: =VLOOKUP($B53,'FEB25'!$B:$AL,33,0) -> 13 | AJ53: =COUNTIF(C53:AG53,"UA") -> 0 | AK53: =AI53-AJ53 -> 13 | AM53: ='FEB25'!AL47 -> 22 | AN53: =COUNTIF(C53:AG53,"u") -> 0 | AO53: =AM53-AN53 -> 22
A54: Rafael Medina | B54: MEDINA, RAFAEL | C54: P14 | D54: F | E54: F | F54: H | G54: P06 | H54: P06 | I54: P06 | J54: F | K54: F | L54: P14 | M54: P14 | N54: P14 | O54: P14 | P54: F | Q54: F | R54: P06 | S54: P06 | T54: P06 | U54: P06 | V54: F | W54: F | X54: P06 | Y54: P06 | Z54: P06 | AA54: P06 | AB54: F | AC54: F | AD54: P06 | AE54: K | AF54: P06 | AG54: P06 | AI54: =VLOOKUP($B54,'FEB25'!$B:$AL,33,0) -> 0 | AJ54: =COUNTIF(C54:AG54,"UA") -> 0 | AK54: =AI54-AJ54 -> 0 | AM54: ='FEB25'!AL49 -> 19 | AN54: =COUNTIF(C54:AG54,"u") -> 0 | AO54: =AM54-AN54 -> 19
A56: P05 | C56: =COUNTIF(C29:C54,$A$56) -> 0 | D56: =COUNTIF(D29:D54,$A$56) -> 0 | E56: =COUNTIF(E29:E54,$A$56) -> 0 | F56: =COUNTIF(F29:F54,$A$56) -> 0 | G56: =COUNTIF(G29:G54,$A$56) -> 0 | H56: =COUNTIF(H29:H54,$A$56) -> 0 | I56: =COUNTIF(I29:I54,$A$56) -> 0 | J56: =COUNTIF(J29:J54,$A$56) -> 1 | ... AG56: =COUNTIF(AG29:AG54,$A$56) -> 1
A57: P06 | C57: =COUNTIF(C29:C54,$A$57) -> 4 | D57: =COUNTIF(D29:D54,$A$57) -> 4 | E57: =COUNTIF(E29:E54,$A$57) -> 3 | F57: =COUNTIF(F29:F54,$A$57) -> 3 | G57: =COUNTIF(G29:G54,$A$57) -> 5 | H57: =COUNTIF(H29:H54,$A$57) -> 5 | I57: =COUNTIF(I29:I54,$A$57) -> 5 | J57: =COUNTIF(J29:J54,$A$57) -> 4 | ... AG57: =COUNTIF(AG29:AG54,$A$57) -> 3
A58: P13 | C58: =COUNTIF(C29:C54,$A$58) -> 0 | D58: =COUNTIF(D29:D54,$A$58) -> 0 | E58: =COUNTIF(E29:E54,$A$58) -> 1 | F58: =COUNTIF(F29:F54,$A$58) -> 1 | G58: =COUNTIF(G29:G54,$A$58) -> 1 | H58: =COUNTIF(H29:H54,$A$58) -> 2 | I58: =COUNTIF(I29:I54,$A$58) -> 2 | J58: =COUNTIF(J29:J54,$A$58) -> 2 | ... AG58: =COUNTIF(AG29:AG54,$A$58) -> 2
A59: P14 | C59: =COUNTIF(C29:C54,$A$59) -> 5 | D59: =COUNTIF(D29:D54,$A$59) -> 4 | E59: =COUNTIF(E29:E54,$A$59) -> 4 | F59: =COUNTIF(F29:F54,$A$59) -> 4 | G59: =COUNTIF(G29:G54,$A$59) -> 4 | H59: =COUNTIF(H29:H54,$A$59) -> 4 | I59: =COUNTIF(I29:I54,$A$59) -> 3 | J59: =COUNTIF(J29:J54,$A$59) -> 4 | ... AG59: =COUNTIF(AG29:AG54,$A$59) -> 3
A60: P22 | C60: =COUNTIF(C29:C54,$A$60) -> 3 | D60: =COUNTIF(D29:D54,$A$60) -> 3 | E60: =COUNTIF(E29:E54,$A$60) -> 3 | F60: =COUNTIF(F29:F54,$A$60) -> 3 | G60: =COUNTIF(G29:G54,$A$60) -> 3 | H60: =COUNTIF(H29:H54,$A$60) -> 3 | I60: =COUNTIF(I29:I54,$A$60) -> 3 | J60: =COUNTIF(J29:J54,$A$60) -> 3 | ... AG60: =COUNTIF(AG29:AG54,$A$60) -> 2
A62: LHX & Catering
A63: Ana Telma Carvalho | B63: CARVALHO, ANA | C63: F | D63: P13 | E63: P13 | F63: P13 | G63: P13 | H63: F | I63: F | J63: H05 | K63: H05 | L63: H05 | M63: H05 | N63: F | O63: F | P63: P13 | Q63: P13 | R63: P13 | S63: P13 | T63: F | U63: F | V63: H05 | W63: H05 | X63: H05 | Y63: H05 | Z63: F | AA63: F | AB63: P13 | AC63: P13 | AD63: P13 | AE63: P13 | AF63: F | AG63: F | AI63: =VLOOKUP($B63,'FEB25'!$B:$AL,33,0) -> 0 | AJ63: =COUNTIF(C63:AG63,"UA") -> 0 | AK63: =AI63-AJ63 -> 0 | AM63: ='FEB25'!AL58 -> 23 | AN63: =COUNTIF(C63:AG63,"U") -> 0 | AO63: =AM63-AN63 -> 23
A64: Catia Craveiro | B64: CRAVEIRO, CATIA | C64: P13 | D64: F | E64: F | F64: H05 | G64: H05 | H64: H05 | I64: H05 | J64: F | K64: F | L64: P13 | M64: P13 | N64: P13 | O64: P13 | P64: F | Q64: F | R64: H05 | S64: H05 | T64: H05 | U64: H05 | V64: F | W64: F | X64: P13 | Y64: P13 | Z64: P13 | AA64: P13 | AB64: F | AC64: F | AD64: H05 | AE64: H05 | AF64: H05 | AG64: H05 | AI64: =VLOOKUP($B64,'FEB25'!$B:$AL,33,0) -> 0 | AJ64: =COUNTIF(C64:AG64,"UA") -> 0 | AK64: =AI64-AJ64 -> 0 | AM64: ='FEB25'!AL59 -> 22 | AN64: =COUNTIF(C64:AG64,"U") -> 0 | AO64: =AM64-AN64 -> 22
A65: Jessica Santos | B65: SANTOS, JESSICA | C65: H05 | D65: H05 | E65: H05 | F65: F | G65: F | H65: P13 | I65: P13 | J65: P13 | K65: P13 | L65: F | M65: F | N65: H05 | O65: H05 | P65: H05 | Q65: H05 | R65: F | S65: F | T65: P13 | U65: P13 | V65: P13 | W65: P13 | X65: F | Y65: F | Z65: H05 | AA65: H05 | AB65: H05 | AC65: H05 | AD65: F | AE65: F | AF65: U | AG65: H13 | AI65: =VLOOKUP($B65,'FEB25'!$B:$AL,33,0) -> 0 | AJ65: 0 | AK65: 0 | AM65: 22 | AN65: =COUNTIF(C65:AG65,"U") -> 1 | AO65: =AM65-AN65 -> 21
A66: Maria Vitoria Almeida | B66: ALMEIDA, MARIA VITORIA | C66: APT | D66: APT | E66: APT | F66: APT | G66: APT | H66: APT | I66: APT | J66: APT | K66: APT | L66: APT | M66: APT | N66: APT | O66: APT | P66: APT | Q66: APT | R66: APT | S66: APT | T66: APT | U66: APT | V66: APT | W66: APT | X66: APT | Y66: APT | Z66: APT | AA66: APT | AB66: APT | AC66: APT | AD66: APT | AE66: APT | AF66: APT | AG66: APT | AI66: =VLOOKUP($B66,'FEB25'!$B:$AL,33,0) -> 0 | AJ66: =COUNTIF(C66:AG66,"UA") -> 0 | AK66: =AI66-AJ66 -> 0 | AM66: ='FEB25'!AL60 -> 22 | AN66: =COUNTIF(C66:AG66,"U") -> 0 | AO66: =AM66-AN66 -> 22
A67: Larissa Murray | B67: MURRAY, LARISSA | C67: P06 | D67: FINJ | E67: P06 | F67: F | G67: F | H67: P14 | I67: P14 | J67: P14 | K67: P14 | L67: F | M67: F | N67: P06 | O67: P06 | P67: P06 | Q67: P06 | R67: F | S67: F | T67: P14 | U67: P14 | V67: P14 | W67: P14 | X67: P13 | Y67: F | Z67: F | AA67: P06 | AB67: P06 | AC67: P06 | AD67: F | AE67: F | AF67: P13 | AG67: P14 | AI67: =VLOOKUP($B67,'FEB25'!$B:$AL,33,0) -> 8 | AJ67: =COUNTIF(C67:AG67,"UA") -> 0 | AK67: =AI67-AJ67 -> 8 | AM67: ='FEB25'!AL61 -> 22 | AN67: =COUNTIF(C67:AG67,"U") -> 0 | AO67: =AM67-AN67 -> 22
A68: Nicole Souza | B68: SOUZA, NICOLE | C68: F | D68: P14 | E68: P14 | F68: P14 | G68: P14 | H68: F | I68: F | J68: P06 | K68: P06 | L68: P06 | M68: P06 | N68: F | O68: F | P68: P14 | Q68: P14 | R68: UA | S68: UA | T68: F | U68: F | V68: UA | W68: UA | X68: UA | Y68: UA | Z68: F | AA68: F | AB68: UA | AC68: UA | AD68: U | AE68: U | AF68: F | AG68: F | AI68: =VLOOKUP($B68,'FEB25'!$B:$AL,33,0) -> 8 | AJ68: =COUNTIF(C68:AG68,"UA") -> 8 | AK68: =AI68-AJ68 -> 0 | AM68: ='FEB25'!AL62 -> 22 | AN68: =COUNTIF(C68:AG68,"U") -> 2 | AO68: =AM68-AN68 -> 20
A69: Dulani Monteiro | B69: MONTEIRO, DULANI | C69: P06 | D69: F | E69: F | F69: P06 | G69: P06 | H69: P06 | I69: P06 | J69: F | K69: F | L69: P14 | M69: P14 | N69: P14 | O69: P14 | P69: F | Q69: F | R69: P06 | S69: P06 | T69: P06 | U69: P06 | V69: F | W69: F | X69: P14 | Y69: P14 | Z69: P14 | AA69: P14 | AB69: F | AC69: F | AD69: P06 | AE69: P06 | AF69: P06 | AG69: P06 | AI69: =VLOOKUP($B69,'FEB25'!$B:$AL,33,0) -> 0 | AJ69: =COUNTIF(C69:AG69,"UA") -> 0 | AK69: =AI69-AJ69 -> 0 | AM69: ='FEB25'!AL63 -> 13 | AN69: =COUNTIF(C69:AG69,"U") -> 0 | AO69: =AM69-AN69 -> 13
A71: H05 | C71: =COUNTIF(C54:C54,$A$71)+COUNTIF(C63:C66,$A$71) -> 1 | D71: =COUNTIF(D54:D54,$A$71)+COUNTIF(D63:D66,$A$71) -> 1 | E71: =COUNTIF(E54:E54,$A$71)+COUNTIF(E63:E66,$A$71) -> 1 | F71: =COUNTIF(F54:F54,$A$71)+COUNTIF(F63:F66,$A$71) -> 1 | G71: =COUNTIF(G54:G54,$A$71)+COUNTIF(G63:G66,$A$71) -> 1 | H71: =COUNTIF(H54:H54,$A$71)+COUNTIF(H63:H66,$A$71) -> 1 | I71: =COUNTIF(I54:I54,$A$71)+COUNTIF(I63:I66,$A$71) -> 1 | J71: =COUNTIF(J54:J54,$A$71)+COUNTIF(J63:J66,$A$71) -> 1 | ... AG71: =COUNTIF(AG54:AG54,$A$71)+COUNTIF(AG63:AG66,$A$71) -> 1
A72: P04/ H04/ | C72: =COUNTIF(C67:C69,"P04/")+COUNTIF(C67:C69,"H04/") -> 0 | D72: =COUNTIF(D67:D69,"P04/")+COUNTIF(D67:D69,"H04/") -> 0 | E72: =COUNTIF(E67:E69,"P04/")+COUNTIF(E67:E69,"H04/") -> 0 | F72: =COUNTIF(F67:F69,"P04/")+COUNTIF(F67:F69,"H04/") -> 0 | G72: =COUNTIF(G67:G69,"P04/")+COUNTIF(G67:G69,"H04/") -> 0 | H72: =COUNTIF(H67:H69,"P04/")+COUNTIF(H67:H69,"H04/") -> 0 | I72: =COUNTIF(I67:I69,"P04/")+COUNTIF(I67:I69,"H04/") -> 0 | J72: =COUNTIF(J67:J69,"P04/")+COUNTIF(J67:J69,"H04/") -> 0 | ... AG72: =COUNTIF(AG67:AG69,"P04/")+COUNTIF(AG67:AG69,"H04/") -> 0
A73: P12/ | C73: =COUNTIF(C67:C69,$A$73) -> 0 | D73: =COUNTIF(D67:D69,$A$73) -> 0 | E73: =COUNTIF(E67:E69,$A$73) -> 0 | F73: =COUNTIF(F67:F69,$A$73) -> 0 | G73: =COUNTIF(G67:G69,$A$73) -> 0 | H73: =COUNTIF(H67:H69,$A$73) -> 0 | I73: =COUNTIF(I67:I69,$A$73) -> 0 | J73: =COUNTIF(J67:J69,$A$73) -> 0 | ... AG73: =COUNTIF(AG67:AG69,$A$73) -> 0
A74: P13 | C74: =COUNTIF(C54:C54,$A$74)+COUNTIF(C63:C66,$A$74) -> 1 | D74: =COUNTIF(D54:D54,$A$74)+COUNTIF(D63:D66,$A$74) -> 1 | E74: =COUNTIF(E54:E54,$A$74)+COUNTIF(E63:E66,$A$74) -> 1 | F74: =COUNTIF(F54:F54,$A$74)+COUNTIF(F63:F66,$A$74) -> 1 | G74: =COUNTIF(G54:G54,$A$74)+COUNTIF(G63:G66,$A$74) -> 1 | H74: =COUNTIF(H54:H54,$A$74)+COUNTIF(H63:H66,$A$74) -> 1 | I74: =COUNTIF(I54:I54,$A$74)+COUNTIF(I63:I66,$A$74) -> 1 | J74: =COUNTIF(J54:J54,$A$74)+COUNTIF(J63:J66,$A$74) -> 1 | ... AG74: =COUNTIF(AG54:AG54,$A$74)+COUNTIF(AG63:AG66,$A$74) -> 0

Sheet APR25
C1: LGSP - Lufthansa Ground Services Portugal NIF : 509 842 593 Atividade: CAE 52230.R3 Sede e local de trabalho: Avenida da Boavista ED.Burgo, 1837 sala 13.1 Horario de Funcionamento: 24/7 IRT: Não Aplicável
A2: Hubs Services | C2: Abril | AH2: Ferias 2024 | AL2: Ferias 2025
C3: Ter | D3: Qua | E3: Qui | F3: Sex | G3: Sab | H3: Dom | I3: Seg | J3: Ter | K3: Qua | L3: Qui | M3: Sex | N3: Sab | O3: Dom | P3: Seg | Q3: Ter | R3: Qua | S3: Qui | T3: Sex | U3: Sab | V3: Dom | W3: Seg | X3: Ter | Y3: Qua | Z3: Qui | AA3: Sex | AB3: Sab | AC3: Dom | AD3: Seg | AE3: Ter | AF3: Qua | AH3: 2024 | AI3: Used | AJ3: LEFT | AL3: 2025 | AM3: Used | AN3: LEFT
A4: NOME | B4: NOME GENESYS | C4: 1 | D4: 2 | E4: 3 | F4: 4 | G4: 5 | H4: 6 | I4: 7 | J4: 8 | K4: 9 | L4: 10 | M4: 11 | N4: 12 | O4: 13 | P4: 14 | Q4: 15 | R4: 16 | S4: 17 | T4: 18 | U4: 19 | V4: 20 | W4: 21 | X4: 22 | Y4: 23 | Z4: 24 | AA4: 25 | AB4: 26 | AC4: 27 | AD4: 28 | AE4: 29 | AF4: 30
A5: Diana Reisinho | B5: REISINHO, DIANA | C5: K | D5: K | E5: K | F5: K | G5: K | H5: K | I5: K | J5: K | K5: K | L5: K | M5: K | N5: K | O5: K | P5: K | Q5: K | R5: K | S5: K | T5: K | U5: K | V5: K | W5: K | X5: K | Y5: K | Z5: K | AA5: K | AB5: K | AC5: K | AD5: K | AE5: K | AF5: K | AH5: =VLOOKUP($B5,'MAR25'!$B:$AO,36,0) -> 3 | AI5: =COUNTIF(C5:AF5,"UA") -> 0 | AJ5: =AH5-AI5 -> 3 | AL5: =VLOOKUP($B5,'MAR25'!$B:$AO,40,0) -> 22 | AM5: =COUNTIF(C5:AF5,"U") -> 0 | AN5: =AL5-AM5 -> 22
A6: Catarina Ferreira | B6: FERREIRA, CATARINA | C6: P06 | D6: F | E6: F | F6: P22 | G6: P22 | H6: P22 | I6: P22 | J6: F | K6: F | L6: P14 | M6: P14 | N6: P14 | O6: P14 | P6: F | Q6: F | R6: S3 | S6: S3 | T6: H | U6: U | V6: F | W6: F | X6: S3 | Y6: U | Z6: U | AA6: H | AB6: F | AC6: F | AD6: P06 | AE6: P06 | AF6: P06 | AH6: =VLOOKUP($B6,'MAR25'!$B:$AO,36,0) -> 0 | AI6: =COUNTIF(C6:AF6,"UA") -> 0 | AJ6: =AH6-AI6 -> 0 | AL6: =VLOOKUP($B6,'MAR25'!$B:$AO,40,0) -> 19 | AM6: =COUNTIF(C6:AF6,"U") -> 3 | AN6: =AL6-AM6 -> 16
A7: João Santos Silva | B7: SANTOS SILVA, JOAO | C7: P06 | D7: P06 | E7: P06 | F7: F | G7: F | H7: P14 | I7: P14 | J7: P14 | K7: P14 | L7: F | M7: F | N7: P06 | O7: P06 | P7: P06 | Q7: P06 | R7: F | S7: F | T7: H | U7: U | V7: H | W7: U | X7: F | Y7: F | Z7: P06 | AA7: P06 | AB7: P06 | AC7: P06 | AD7: F | AE7: F | AF7: P14 | AH7: =VLOOKUP($B7,'MAR25'!$B:$AO,36,0) -> 0 | AI7: =COUNTIF(C7:AF7,"UA") -> 0 | AJ7: =AH7-AI7 -> 0 | AL7: =VLOOKUP($B7,'MAR25'!$B:$AO,40,0) -> 12 | AM7: =COUNTIF(C7:AF7,"U") -> 2 | AN7: =AL7-AM7 -> 10
A8: Ana Magalhães | B8: MAGALHAES, ANA CATARINA | C8: P14 | D8: F | E8: F | F8: P06 | G8: P06 | H8: P06 | I8: P06 | J8: F | K8: F | L8: P14 | M8: P14 | N8: P14 | O8: P14 | P8: F | Q8: F | R8: P06 | S8: P06 | T8: P06 | U8: P06 | V8: F | W8: F | X8: P14 | Y8: P14 | Z8: P14 | AA8: P14 | AB8: F | AC8: F | AD8: P06 | AE8: P06 | AF8: P06 | AH8: =VLOOKUP($B8,'MAR25'!$B:$AO,36,0) -> 0 | AI8: =COUNTIF(C8:AF8,"UA") -> 0 | AJ8: =AH8-AI8 -> 0 | AL8: =VLOOKUP($B8,'MAR25'!$B:$AO,40,0) -> 23 | AM8: =COUNTIF(C8:AF8,"U") -> 0 | AN8: =AL8-AM8 -> 23
A9: Jorge Gonçalves | B9: GONCALVES, JORGE | C9: F | D9: P14 | E9: P14 | F9: P14 | G9: P14 | H9: F | I9: F | J9: P06 | K9: P06 | L9: P06 | M9: P06 | N9: F | O9: F | P9: P14 | Q9: P14 | R9: P14 | S9: P14 | T9: F | U9: F | V9: P09/ | W9: P09/ | X9: P09/ | Y9: P09/ | Z9: F | AA9: F | AB9: P22 | AC9: P22 | AD9: P22 | AE9: P22 | AF9: F | AH9: =VLOOKUP($B9,'MAR25'!$B:$AO,36,0) -> 0 | AI9: =COUNTIF(C9:AF9,"UA") -> 0 | AJ9: =AH9-AI9 -> 0 | AL9: =VLOOKUP($B9,'MAR25'!$B:$AO,40,0) -> 11 | AM9: =COUNTIF(C9:AF9,"U") -> 0 | AN9: =AL9-AM9 -> 11
A10: Catarina Pereira | B10: PEREIRA, CATARINA | C10: U | D10: U | E10: U | F10: F | G10: F | H10: P14 | I10: P14 | J10: P14 | K10: P14 | L10: F | M10: F | N10: P06 | O10: P06 | P10: P06 | Q10: P06 | R10: F | S10: F | T10: P14 | U10: P14 | V10: P14 | W10: P14 | X10: F | Y10: F | Z10: P06 | AA10: P06 | AB10: P06 | AC10: P06 | AD10: F | AE10: F | AF10: P14 | AH10: =VLOOKUP($B10,'MAR25'!$B:$AO,36,0) -> 0 | AI10: =COUNTIF(C10:AF10,"UA") -> 0 | AJ10: =AH10-AI10 -> 0 | AL10: =VLOOKUP($B10,'MAR25'!$B:$AO,40,0) -> 21 | AM10: =COUNTIF(C10:AF10,"U") -> 3 | AN10: =AL10-AM10 -> 18
A11: Sara Medeiros | B11: MEDEIROS, SARA | C11: P14 | D11: F | E11: F | F11: P06 | G11: P06 | H11: P06 | I11: P06 | J11: F | K11: F | L11: U | M11: U | N11: U | O11: U | P11: F | Q11: F | R11: P06 | S11: P06 | T11: P06 | U11: P06 | V11: F | W11: F | X11: P14 | Y11: P14 | Z11: P14 | AA11: F | AB11: F | AC11: P09/ | AD11: P09/ | AE11: FINJ | AF11: P09/ | AH11: =VLOOKUP($B11,'MAR25'!$B:$AO,36,0) -> 0 | AI11: =COUNTIF(C11:AF11,"UA") -> 0 | AJ11: =AH11-AI11 -> 0 | AL11: =VLOOKUP($B11,'MAR25'!$B:$AO,40,0) -> 22 | AM11: =COUNTIF(C11:AF11,"U") -> 4 | AN11: =AL11-AM11 -> 18
A12: Catia Martins | B12: MARTINS, CATIA | C12: F | D12: P14 | E12: P14 | F12: P14 | G12: P14 | H12: F | I12: F | J12: P06 | K12: P06 | L12: P06 | M12: P06 | N12: F | O12: F | P12: P14 | Q12: P14 | R12: P14 | S12: P14 | T12: F | U12: F | V12: P06 | W12: P06 | X12: P06 | Y12: P06 | Z12: F | AA12: F | AB12: P14 | AC12: P14 | AD12: P14 | AE12: P14 | AF12: F | AH12: =VLOOKUP($B12,'MAR25'!$B:$AO,36,0) -> 0 | AI12: =COUNTIF(C12:AF12,"UA") -> 0 | AJ12: =AH12-AI12 -> 0 | AL12: =VLOOKUP($B12,'MAR25'!$B:$AO,40,0) -> 17 | AM12: =COUNTIF(C12:AF12,"U") -> 0 | AN12: =AL12-AM12 -> 17
A14: Cgsupport
A15: Marcos Costa | B15: COSTA, MARCOS FELIPE | C15: F | D15: F | E15: P14 | F15: P14 | G15: P14 | H15: P14 | I15: F | J15: F | K15: U | L15: U | M15: U | N15: U | O15: F | P15: F | Q15: P14 | R15: P14 | S15: U | T15: H | U15: F | V15: F | W15: P06 | X15: P06 | Y15: P06 | Z15: P06 | AA15: F | AB15: F | AC15: P14 | AD15: FJ | AE15: P14 | AF15: P14 | AH15: =VLOOKUP($B15,'MAR25'!$B:$AO,36,0) -> 0 | AI15: =COUNTIF(C15:AF15,"UA") -> 0 | AJ15: =AH15-AI15 -> 0 | AL15: =VLOOKUP($B15,'MAR25'!$B:$AO,40,0) -> 22 | AM15: =COUNTIF(C15:AF15,"U") -> 5 | AN15: =AL15-AM15 -> 17
A16: Tassiana Bastos | B16: BASTOS, TASSIANA | C16: P14 | D16: P14 | E16: F | F16: F | G16: P06 | H16: P06 | I16: P06 | J16: P06 | K16: F | L16: F | M16: P14 | N16: P14 | O16: P14 | P16: P14 | Q16: F | R16: F | S16: PIYC | T16: PIYC | U16: P10 | V16: P06 | W16: F | X16: F | Y16: P14 | Z16: P14 | AA16: P14 | AB16: P14 | AC16: F | AD16: F | AE16: P06 | AF16: P06 | AH16: =VLOOKUP($B16,'MAR25'!$B:$AO,36,0) -> 0 | AI16: =COUNTIF(C16:AF16,"UA") -> 0 | AJ16: =AH16-AI16 -> 0 | AL16: =VLOOKUP($B16,'MAR25'!$B:$AO,40,0) -> 22 | AM16: =COUNTIF(C16:AF16,"U") -> 0 | AN16: =AL16-AM16 -> 22
A17: Tatiana Monteiro | B17: MONTEIRO, TATIANA | C17: F | D17: F | E17: P06 | F17: P06 | G17: P06 | H17: P06 | I17: F | J17: F | K17: P14 | L17: P14 | M17: P14 | N17: P14 | O17: F | P17: F | Q17: P06 | R17: P06 | S17: P06 | T17: P06 | U17: F | V17: F | W17: P08 | X17: P08 | Y17: P08 | Z17: P09 | AA17: P06 | AB17: F | AC17: F | AD17: P06 | AE17: P06 | AF17: P06 | AH17: =VLOOKUP($B17,'MAR25'!$B:$AO,36,0) -> 0 | AI17: =COUNTIF(C17:AF17,"UA") -> 0 | AJ17: =AH17-AI17 -> 0 | AL17: =VLOOKUP($B17,'MAR25'!$B:$AO,40,0) -> 22 | AM17: =COUNTIF(C17:AF17,"U") -> 0 | AN17: =AL17-AM17 -> 22
A18: Raquel Teixeira | B18: TEIXEIRA, RAQUEL | C18: F | D18: UA | E18: UA | F18: FINJ | G18: P14 | H18: F | I18: F | J18: P06 | K18: P06 | L18: P06 | M18: P06 | N18: F | O18: F | P18: FINJ | Q18: P09 | R18: P10 | S18: P09 | T18: P09 | U18: F | V18: F | W18: P14 | X18: P14 | Y18: P14 | Z18: F | AA18: F | AB18: P10 | AC18: P06 | AD18: P14 | AE18: F | AF18: F | AH18: =VLOOKUP($B18,'MAR25'!$B:$AO,36,0) -> 2 | AI18: =COUNTIF(C18:AF18,"UA") -> 2 | AJ18: =AH18-AI18 -> 0 | AL18: =VLOOKUP($B18,'MAR25'!$B:$AO,40,0) -> 23 | AM18: =COUNTIF(C18:AF18,"U") -> 0 | AN18: =AL18-AM18 -> 23
A19: Filipa Moreira | B19: MOREIRA, FILIPA | C19: P06 | D19: P06 | E19: F | F19: F | G19: P06 | H19: P06 | I19: P06 | J19: P06 | K19: F | L19: F | M19: P06 | N19: P06 | O19: P06 | P19: P06 | Q19: F | R19: F | S19: P14 | T19: P14 | U19: P14 | V19: P14 | W19: F | X19: F | Y19: P06 | Z19: P06 | AA19: H | AB19: P06 | AC19: F | AD19: F | AE19: P06 | AF19: P06 | AH19: =VLOOKUP($B19,'MAR25'!$B:$AO,36,0) -> 0 | AI19: =COUNTIF(C19:AF19,"UA") -> 0 | AJ19: =AH19-AI19 -> 0 | AL19: =VLOOKUP($B19,'MAR25'!$B:$AO,40,0) -> 23 | AM19: =COUNTIF(C19:AF19,"U") -> 0 | AN19: =AL19-AM19 -> 23
A21: INAD HUBs RST
A22: Cristiana Ferreira | B22: FERREIRA, CRISTIANA MARGARIDA | C22: P08/ | D22: P08/ | E22: P08/ | F22: P08/ | G22: F | H22: F | I22: P08 | J22: P08 | K22: P08 | L22: P08 | M22: P08 | N22: F | O22: F | P22: P08 | Q22: P08 | R22: P08 | S22: U | T22: H | U22: F | V22: F | W22: U | X22: U | Y22: U | Z22: U | AA22: H | AB22: F | AC22: F | AD22: P08 | AE22: P08/ | AF22: P08/ | AH22: =VLOOKUP($B22,'MAR25'!$B:$AO,36,0) -> 0 | AI22: =COUNTIF(C22:AF22,"UA") -> 0 | AJ22: =AH22-AI22 -> 0 | AL22: =VLOOKUP($B22,'MAR25'!$B:$AO,40,0) -> 20 | AM22: =COUNTIF(C22:AF22,"U") -> 5 | AN22: =AL22-AM22 -> 15
A23: Tiago Abreu | B23: ABREU, TIAGO | C23: P06 | D23: P06 | E23: P06 | F23: P06 | G23: F | H23: F | I23: P14 | J23: P14 | K23: P14 | L23: P14 | M23: F | N23: F | O23: P06 | P23: P06 | Q23: P14 | R23: P14 | S23: F | T23: F | U23: P14 | V23: P14 | W23: P14 | X23: P14 | Y23: F | Z23: F | AA23: H | AB23: P06 | AC23: P06 | AD23: HE | AE23: F | AF23: F | AH23: =VLOOKUP($B23,'MAR25'!$B:$AO,36,0) -> 0 | AI23: =COUNTIF(C23:AF23,"UA") -> 0 | AJ23: =AH23-AI23 -> 0 | AL23: =VLOOKUP($B23,'MAR25'!$B:$AO,40,0) -> 12 | AM23: =COUNTIF(C23:AF23,"U") -> 0 | AN23: =AL23-AM23 -> 12
A24: Maria Burca | B24: BURCA, MARIA | C24: F | D24: F | E24: U | F24: U | G24: U | H24: U | I24: F | J24: F | K24: P06 | L24: P06 | M24: P06 | N24: P06 | O24: F | P24: F | Q24: P06 | R24: P06 | S24: P14 | T24: P14 | U24: F | V24: F | W24: P06 | X24: P06 | Y24: P06 | Z24: P06 | AA24: P06 | AB24: F | AC24: F | AD24: P06 | AE24: P14 | AF24: P14 | AH24: =VLOOKUP($B24,'MAR25'!$B:$AO,36,0) -> 0 | AI24: =COUNTIF(C24:AF24,"UA") -> 0 | AJ24: =AH24-AI24 -> 0 | AL24: =VLOOKUP($B24,'MAR25'!$B:$AO,40,0) -> 21 | AM24: =COUNTIF(C24:AF24,"U") -> 4 | AN24: =AL24-AM24 -> 17
A25: Catarina Mendes | B25: MENDES, CATARINA | C25: P08/ | D25: P08/ | E25: P08/ | F25: K1 | G25: F | H25: F | I25: K1 | J25: K1 | K25: K1 | L25: K1 | M25: F | N25: S1 | O25: S1 | P25: S1 | Q25: S1 | R25: S1 | S25: S1 | T25: S1 | U25: S1 | V25: S1 | W25: S1 | X25: S1 | Y25: S1 | Z25: S1 | AA25: S1 | AB25: S1 | AC25: F | AD25: P10M | AE25: P08/M | AF25: P08/M | AH25: =VLOOKUP($B25,'MAR25'!$B:$AO,36,0) -> 0 | AI25: =COUNTIF(C25:AF25,"UA") -> 0 | AJ25: =AH25-AI25 -> 0 | AL25: =VLOOKUP($B25,'MAR25'!$B:$AO,40,0) -> 21 | AM25: =COUNTIF(C25:AF25,"U") -> 0 | AN25: =AL25-AM25 -> 21
A26: Barbara Martins | B26: MARTINS, BARBARA | C26: F | D26: P14 | E26: P14 | F26: UA | G26: UA | H26: F | I26: F | J26: UA | K26: UA | L26: B | M26: UA | N26: F | O26: F | P26: P14 | Q26: P14 | R26: F | S26: P06 | T26: P06 | U26: P06 | V26: P06 | W26: F | X26: F | Y26: P14 | Z26: P14 | AA26: P14 | AB26: P14 | AC26: F | AD26: F | AE26: P06 | AF26: P06 | AH26: =VLOOKUP($B26,'MAR25'!$B:$AO,36,0) -> 5 | AI26: =COUNTIF(C26:AF26,"UA") -> 5 | AJ26: =AH26-AI26 -> 0 | AL26: =VLOOKUP($B26,'MAR25'!$B:$AO,40,0) -> 22 | AM26: =COUNTIF(C26:AF26,"U") -> 0 | AN26: =AL26-AM26 -> 22
A28: RST Team
A29: Diana Salome Sousa | B29: SOUSA, DIANA SALOME | C29: P22 | D29: P22 | E29: P22 | F29: F | G29: F | H29: P14 | I29: P14 | J29: P14 | K29: P14 | L29: F | M29: F | N29: P06 | O29: P06 | P29: P06 | Q29: P06 | R29: F | S29: F | T29: H | U29: P14 | V29: P14 | W29: P14 | X29: F | Y29: F | Z29: P06 | AA29: P06 | AB29: P06 | AC29: P06 | AD29: F | AE29: F | AF29: P22 | AH29: =VLOOKUP($B29,'MAR25'!$B:$AO,36,0) -> 0 | AI29: =COUNTIF(C29:AF29,"UA") -> 0 | AJ29: =AH29-AI29 -> 0 | AL29: =VLOOKUP($B29,'MAR25'!$B:$AO,40,0) -> 19 | AM29: =COUNTIF(C29:AF29,"U") -> 0 | AN29: =AL29-AM29 -> 19
A30: Ricardo Medeiros | B30: MEDEIROS, RICARDO | C30: P06 | D30: F | E30: F | F30: UA | G30: UA | H30: U | I30: U | J30: F | K30: F | L30: P14 | M30: P14 | N30: P14 | O30: P14 | P30: F | Q30: F | R30: P06 | S30: P06 | T30: P06 | U30: P06 | V30: F | W30: F | X30: P14 | Y30: P14 | Z30: P14 | AA30: P14 | AB30: F | AC30: F | AD30: P06 | AE30: P06 | AF30: P06 | AH30: =VLOOKUP($B30,'MAR25'!$B:$AO,36,0) -> 2 | AI30: =COUNTIF(C30:AF30,"UA") -> 2 | AJ30: =AH30-AI30 -> 0 | AL30: =VLOOKUP($B30,'MAR25'!$B:$AO,40,0) -> 22 | AM30: =COUNTIF(C30:AF30,"U") -> 2 | AN30: =AL30-AM30 -> 20
A31: Ricardo Bessa | B31: BESSA, RICARDO | C31: F | D31: P06 | E31: P06 | F31: P06 | G31: P06 | H31: F | I31: F | J31: P22 | K31: P22 | L31: P22 | M31: P22 | N31: F | O31: F | P31: P14 | Q31: P14 | R31: P14 | S31: P14 | T31: B | U31: F | V31: B* | W31: P06 | X31: P06 | Y31: P06 | Z31: F | AA31: F | AB31: U | AC31: U | AD31: U | AE31: U | AF31: F | AH31: =VLOOKUP($B31,'MAR25'!$B:$AO,36,0) -> 0 | AI31: =COUNTIF(C31:AF31,"UA") -> 0 | AJ31: =AH31-AI31 -> 0 | AL31: =VLOOKUP($B31,'MAR25'!$B:$AO,40,0) -> 22 | AM31: =COUNTIF(C31:AF31,"U") -> 4 | AN31: =AL31-AM31 -> 18
A32: Samuel Neves | B32: NEVES, SAMUEL | C32: UA | D32: UA | E32: UA | F32: F | G32: F | H32: UA | I32: UA | J32: P06 | K32: P06 | L32: F | M32: F | N32: P22 | O32: P22 | P32: P22 | Q32: P22 | R32: F | S32: PIYC | T32: PIYC | U32: PIYC | V32: P06 | W32: P06 | X32: F | Y32: F | Z32: P06 | AA32: P06 | AB32: P06 | AC32: P06 | AD32: F | AE32: F | AF32: P14 | AH32: =VLOOKUP($B32,'MAR25'!$B:$AO,36,0) -> 5 | AI32: =COUNTIF(C32:AF32,"UA") -> 5 | AJ32: =AH32-AI32 -> 0 | AL32: =VLOOKUP($B32,'MAR25'!$B:$AO,40,0) -> 11 | AM32: =COUNTIF(C32:AF32,"U") -> 0 | AN32: =AL32-AM32 -> 11
A33: Carlos Carvalhais | B33: CARVALHAIS, CARLOS | C33: U | D33: F | E33: F | F33: P14 | G33: P14 | H33: P14 | I33: P14 | J33: F | K33: F | L33: P06 | M33: P06 | N33: P06 | O33: P06 | P33: F | Q33: F | R33: P22 | S33: P22 | T33: P22 | U33: P22 | V33: F | W33: F | X33: P14 | Y33: P14 | Z33: P14 | AA33: P14 | AB33: F | AC33: F | AD33: P06 | AE33: P06 | AF33: P06 | AH33: =VLOOKUP($B33,'MAR25'!$B:$AO,36,0) -> 0 | AI33: =COUNTIF(C33:AF33,"UA") -> 0 | AJ33: =AH33-AI33 -> 0 | AL33: =VLOOKUP($B33,'MAR25'!$B:$AO,40,0) -> 9 | AM33: =COUNTIF(C33:AF33,"U") -> 1 | AN33: =AL33-AM33 -> 8
A34: Alefe Sobral | B34: SOBRAL, ALEFE | C34: F | D34: P06 | E34: P06 | F34: P06 | G34: P06 | H34: F | I34: F | J34: P14 | K34: P14 | L34: P14 | M34: P14 | N34: F | O34: F | P34: P06 | Q34: P06 | R34: P06 | S34: P06 | T34: F | U34: F | V34: P22 | W34: P22 | X34: P22 | Y34: P22 | Z34: F | AA34: F | AB34: UA | AC34: P14 | AD34: P14 | AE34: P14 | AF34: F | AH34: =VLOOKUP($B34,'MAR25'!$B:$AO,36,0) -> 1 | AI34: =COUNTIF(C34:AF34,"UA") -> 1 | AJ34: =AH34-AI34 -> 0 | AL34: =VLOOKUP($B34,'MAR25'!$B:$AO,40,0) -> 10 | AM34: =COUNTIF(C34:AF34,"U") -> 0 | AN34: =AL34-AM34 -> 10
A35: Jose Alves | B35: ALVES, JOSE | C35: P14 | D35: P14 | E35: P14 | F35: F | G35: F | H35: P06 | I35: P06 | J35: P06 | K35: P06 | L35: F | M35: F | N35: P14 | O35: P14 | P35: P14 | Q35: P14 | R35: F | S35: F | T35: H | U35: UA | V35: H | W35: UA | X35: F | Y35: F | Z35: P22 | AA35: P22 | AB35: P22 | AC35: P22 | AD35: F | AE35: F | AF35: P14 | AH35: =VLOOKUP($B35,'MAR25'!$B:$AO,36,0) -> 2 | AI35: =COUNTIF(C35:AF35,"UA") -> 2 | AJ35: =AH35-AI35 -> 0 | AL35: =VLOOKUP($B35,'MAR25'!$B:$AO,40,0) -> 22 | AM35: =COUNTIF(C35:AF35,"U") -> 0 | AN35: =AL35-AM35 -> 22
A36: Ines Pilre | B36: PILRE, INES | C36: P22 | D36: F | E36: F | F36: P14 | G36: P14 | H36: P14 | I36: P14 | J36: F | K36: F | L36: P06 | M36: P06 | N36: P06 | O36: P06 | P36: F | Q36: F | R36: P14 | S36: P14 | T36: P14 | U36: P14 | V36: F | W36: F | X36: P06 | Y36: P06 | Z36: P06 | AA36: P06 | AB36: F | AC36: F | AD36: P22 | AE36: P22 | AF36: P22 | AH36: =VLOOKUP($B36,'MAR25'!$B:$AO,36,0) -> 0 | AI36: =COUNTIF(C36:AF36,"UA") -> 0 | AJ36: =AH36-AI36 -> 0 | AL36: =VLOOKUP($B36,'MAR25'!$B:$AO,40,0) -> 22 | AM36: =COUNTIF(C36:AF36,"U") -> 0 | AN36: =AL36-AM36 -> 22
A37: Bruna Lima | B37: LIMA, BRUNA | C37: F | D37: P22 | E37: P22 | F37: P22 | G37: P22 | H37: F | I37: F | J37: P14 | K37: P14 | L37: P14 | M37: P14 | N37: F | O37: F | P37: P06 | Q37: P06 | R37: P06 | S37: P06 | T37: F | U37: F | V37: P14 | W37: P14 | X37: P14 | Y37: P14 | Z37: F | AA37: F | AB37: P06 | AC37: P06 | AD37: P06 | AE37: P06 | AF37: F | AH37: =VLOOKUP($B37,'MAR25'!$B:$AO,36,0) -> 0 | AI37: =COUNTIF(C37:AF37,"UA") -> 0 | AJ37: =AH37-AI37 -> 0 | AL37: =VLOOKUP($B37,'MAR25'!$B:$AO,40,0) -> 22 | AM37: =COUNTIF(C37:AF37,"U") -> 0 | AN37: =AL37-AM37 -> 22
A38: Gonçalo Pereira | B38: PEREIRA, GONCALO | C38: P | D38: P | E38: P | F38: F | G38: F | H38: P | I38: P | J38: P | K38: P | L38: P | M38: P | N38: P | O38: P | P38: P | Q38: P | R38: P | S38: P | T38: P | U38: U | V38: H | W38: U | X38: F | Y38: F | Z38: P | AA38: P | AB38: P | AC38: P | AD38: F | AE38: F | AF38: P | AH38: =VLOOKUP($B38,'MAR25'!$B:$AO,36,0) -> 0 | AI38: =COUNTIF(C38:AF38,"UA") -> 0 | AJ38: =AH38-AI38 -> 0 | AL38: =VLOOKUP($B38,'MAR25'!$B:$AO,40,0) -> 22 | AM38: =COUNTIF(C38:AF38,"U") -> 2 | AN38: =AL38-AM38 -> 20
A39: Joana Pinheiro | B39: PINHEIRO, JOANA | C39: P14 | D39: F | E39: F | F39: P06 | G39: P06 | H39: P06 | I39: P06 | J39: F | K39: F | L39: P22 | M39: P22 | N39: P22 | O39: P22 | P39: F | Q39: F | R39: P14 | S39: P14 | T39: P14 | U39: P14 | V39: F | W39: F | X39: P06 | Y39: P06 | Z39: P06 | AA39: P06 | AB39: F | AC39: F | AD39: P14 | AE39: P14 | AF39: P14 | AH39: =VLOOKUP($B39,'MAR25'!$B:$AO,36,0) -> 0 | AI39: =COUNTIF(C39:AF39,"UA") -> 0 | AJ39: =AH39-AI39 -> 0 | AL39: =VLOOKUP($B39,'MAR25'!$B:$AO,40,0) -> 18 | AM39: =COUNTIF(C39:AF39,"U") -> 0 | AN39: =AL39-AM39 -> 18
A40: Inês Coelho | B40: COELHO, INES | C40: F | D40: P14 | E40: FINJ | F40: P14 | G40: P14 | H40: F | I40: F | J40: K | K40: K | L40: K | M40: K | N40: F | O40: F | P40: P22 | Q40: P22 | R40: P22 | S40: P22 | T40: F | U40: F | V40: H | W40: P14 | X40: P14 | Y40: P14 | Z40: F | AA40: F | AB40: P06 | AC40: P06 | AD40: P06 | AE40: P06 | AF40: F | AH40: =VLOOKUP($B40,'MAR25'!$B:$AO,36,0) -> 0 | AI40: =COUNTIF(C40:AF40,"UA") -> 0 | AJ40: =AH40-AI40 -> 0 | AL40: =VLOOKUP($B40,'MAR25'!$B:$AO,40,0) -> 19 | AM40: =COUNTIF(C40:AF40,"U") -> 0 | AN40: =AL40-AM40 -> 19
... A43: Catia Neves | B43: NEVES, CATIA | C43: K | D43: K | E43: K | F43: K | G43: K | H43: K | I43: K | J43: K | K43: K | L43: K | M43: K | N43: K | O43: K | P43: K | Q43: K | R43: K | S43: K | T43: K | U43: K | V43: K | W43: K | X43: K | Y43: K | Z43: K | AA43: K | AB43: K | AC43: K | AD43: K | AE43: K | AF43: K | AH43: =VLOOKUP($B43,'MAR25'!$B:$AO,36,0) -> 0 | AI43: =COUNTIF(C43:AF43,"UA") -> 0 | AJ43: =AH43-AI43 -> 0 | AL43: =VLOOKUP($B43,'MAR25'!$B:$AO,40,0) -> 22 | AM43: =COUNTIF(C43:AF43,"U") -> 0 | AN43: =AL43-AM43 -> 22
A45: Hubs Services Team
A46: Carla Ferreira | B46: FERREIRA, CARLA | C46: P13 | D46: P13 | E46: F | F46: F | G46: P07 | H46: P07 | I46: P07 | J46: P07 | K46: F | L46: F | M46: P13 | N46: P13 | O46: P13 | P46: P13 | Q46: F | R46: F | S46: P05 | T46: P05 | U46: P05 | V46: P05 | W46: F | X46: F | Y46: P07 | Z46: P07 | AA46: P07 | AB46: P07 | AC46: F | AD46: F | AE46: P05 | AF46: P05 | AH46: =VLOOKUP($B46,'MAR25'!$B:$AO,36,0) -> 0 | AI46: =COUNTIF(C46:AF46,"UA") -> 0 | AJ46: =AH46-AI46 -> 0 | AL46: =VLOOKUP($B46,'MAR25'!$B:$AO,40,0) -> 21 | AM46: =COUNTIF(C46:AF46,"U") -> 0 | AN46: =AL46-AM46 -> 21
A47: Ruben Pinheiro | B47: PINHEIRO, RUBEN | C47: UA | D47: UA | E47: UA | F47: UA | G47: F | H47: F | I47: UA | J47: UA | K47: U | L47: U | M47: F | N47: F | O47: U | P47: U | Q47: U | R47: U | S47: F | T47: F | U47: S3 | V47: H | AH47: =VLOOKUP($B47,'MAR25'!$B:$AO,36,0) -> 6 | AI47: =COUNTIF(C47:AF47,"UA") -> 6 | AJ47: =AH47-AI47 -> 0 | AL47: =VLOOKUP($B47,'MAR25'!$B:$AO,40,0) -> 8 | AM47: =COUNTIF(C47:AF47,"U") -> 6 | AN47: =AL47-AM47 -> 2
A48: Ana Ferreira | B48: FERREIRA, ANA SOFIA | C48: P13 | D48: P13 | E48: F | F48: F | G48: P22 | H48: P22 | I48: P22 | J48: P22 | K48: F | L48: F | M48: P13 | N48: P13 | O48: P13 | P48: P13 | Q48: F | R48: F | S48: P07 | T48: P07 | U48: P07 | V48: P07 | W48: F | X48: F | Y48: UA | Z48: U | AA48: H | AB48: U | AC48: F | AD48: F | AE48: U | AF48: U | AH48: =VLOOKUP($B48,'MAR25'!$B:$AO,36,0) -> 1 | AI48: =COUNTIF(C48:AF48,"UA") -> 1 | AJ48: =AH48-AI48 -> 0 | AL48: =VLOOKUP($B48,'MAR25'!$B:$AO,40,0) -> 22 | AM48: =COUNTIF(C48:AF48,"U") -> 4 | AN48: =AL48-AM48 -> 18
A49: Barbara Pereira | B49: PEREIRA, BARBARA | C49: F | D49: F | E49: P07 | F49: P07 | G49: P07 | H49: P07 | I49: F | J49: F | K49: P22 | L49: P22 | M49: P22 | N49: P22 | O49: F | P49: F | Q49: P13 | R49: P13 | S49: P13 | T49: P13 | U49: F | V49: F | W49: P07 | X49: K | Y49: K | Z49: K | AA49: K | AB49: K | AC49: K | AD49: K | AE49: K | AF49: K | AH49: =VLOOKUP($B49,'MAR25'!$B:$AO,36,0) -> 0 | AI49: =COUNTIF(C49:AF49,"UA") -> 0 | AJ49: =AH49-AI49 -> 0 | AL49: =VLOOKUP($B49,'MAR25'!$B:$AO,40,0) -> 22 | AM49: =COUNTIF(C49:AF49,"U") -> 0 | AN49: =AL49-AM49 -> 22
A50: Jessica Martins | B50: MARTINS, JESSICA | C50: P05 | D50: P05 | E50: P05 | F50: P05 | G50: F | H50: F | I50: P07 | J50: P07 | K50: P07 | L50: K | M50: F | N50: F | O50: P22 | P50: P22 | Q50: P22 | R50: P22 | S50: F | T50: F | U50: P13 | V50: P13 | W50: P13 | X50: P13 | Y50: F | Z50: F | AA50: P07 | AB50: P07 | AC50: P07 | AD50: P07 | AE50: F | AF50: F | AH50: =VLOOKUP($B50,'MAR25'!$B:$AO,36,0) -> 0 | AI50: =COUNTIF(C50:AF50,"UA") -> 0 | AJ50: =AH50-AI50 -> 0 | AL50: =VLOOKUP($B50,'MAR25'!$B:$AO,40,0) -> 11 | AM50: =COUNTIF(C50:AF50,"U") -> 0 | AN50: =AL50-AM50 -> 11
A51: Josue Fula | B51: FULA, JOSUE | C51: UA | D51: B | E51: F | F51: F | G51: UA | H51: P13 | I51: P13 | J51: P13 | K51: F | L51: F | M51: P07 | N51: K | O51: K | P51: P07 | Q51: F | R51: F | S51: P22 | T51: P22 | U51: P22 | V51: P22 | W51: F | X51: F | Y51: P13 | Z51: P13 | AA51: P13 | AB51: P13 | AC51: P13 | AD51: F | AE51: F | AF51: P07 | AH51: =VLOOKUP($B51,'MAR25'!$B:$AO,36,0) -> 2 | AI51: =COUNTIF(C51:AF51,"UA") -> 2 | AJ51: =AH51-AI51 -> 0 | AL51: =VLOOKUP($B51,'MAR25'!$B:$AO,40,0) -> 22 | AM51: =COUNTIF(C51:AF51,"U") -> 0 | AN51: =AL51-AM51 -> 22
A52: Raquel Oliveira | B52: OLIVEIRA, RAQUEL ALEXANDRA | C52: F | D52: F | E52: P13 | F52: P13 | G52: P13 | H52: P13 | I52: F | J52: F | K52: P05 | L52: P05 | M52: P05 | N52: P05 | O52: F | P52: F | Q52: P07 | R52: P07 | S52: P07 | T52: P07 | U52: F | V52: F | W52: P22 | X52: K | Y52: P22 | Z52: P22 | AA52: F | AB52: F | AC52: UA | AD52: P13 | AE52: P13 | AF52: P13 | AH52: =VLOOKUP($B52,'MAR25'!$B:$AO,36,0) -> 1 | AI52: =COUNTIF(C52:AF52,"UA") -> 1 | AJ52: =AH52-AI52 -> 0 | AL52: =VLOOKUP($B52,'MAR25'!$B:$AO,40,0) -> 11 | AM52: =COUNTIF(C52:AF52,"U") -> 0 | AN52: =AL52-AM52 -> 11
A53: Jose Borges | B53: BORGES, JOSE | C53: P07 | D53: P07 | E53: P07 | F53: P07 | G53: F | H53: F | I53: P13 | J53: UA | K53: UA | L53: UA | M53: F | N53: F | O53: UA | P53: UA | Q53: UA | R53: UA | S53: F | T53: F | U53: UA | V53: H | W53: UA | X53: UA | Y53: F | Z53: F | AA53: UA | AB53: H | AC53: UA | AD53: UA | AE53: F | AF53: F | AH53: =VLOOKUP($B53,'MAR25'!$B:$AO,36,0) -> 13 | AI53: =COUNTIF(C53:AF53,"UA") -> 13 | AJ53: =AH53-AI53 -> 0 | AL53: =VLOOKUP($B53,'MAR25'!$B:$AO,40,0) -> 22 | AM53: =COUNTIF(C53:AF53,"U") -> 0 | AN53: =AL53-AM53 -> 22
A54: Rafael Medina | B54: MEDINA, RAFAEL | C54: F | D54: F | E54: P14 | F54: P14 | G54: P14 | H54: P14 | I54: F | J54: F | K54: P06 | L54: P06 | M54: P06 | N54: P06 | O54: F | P54: F | Q54: P14 | R54: P14 | S54: P14 | T54: P14 | U54: F | V54: F | W54: P06 | X54: P06 | Y54: P06 | Z54: P06 | AA54: P06 | AB54: F | AC54: F | AD54: P14 | AE54: P14 | AF54: P14 | AH54: =VLOOKUP($B54,'MAR25'!$B:$AO,36,0) -> 0 | AI54: =COUNTIF(C54:AF54,"UA") -> 0 | AJ54: =AH54-AI54 -> 0 | AL54: =VLOOKUP($B54,'MAR25'!$B:$AO,40,0) -> 19 | AM54: =COUNTIF(C54:AF54,"U") -> 0 | AN54: =AL54-AM54 -> 19
A56: P05 | C56: =COUNTIF(C5:C54,$A$56) -> 1 | D56: =COUNTIF(D5:D54,$A$56) -> 1 | E56: =COUNTIF(E5:E54,$A$56) -> 1 | F56: =COUNTIF(F5:F54,$A$56) -> 1 | G56: =COUNTIF(G5:G54,$A$56) -> 0 | H56: =COUNTIF(H5:H54,$A$56) -> 0 | I56: =COUNTIF(I5:I54,$A$56) -> 0 | J56: =COUNTIF(J5:J54,$A$56) -> 0 | ... AF56: =COUNTIF(AF5:AF54,$A$56) -> 1
A57: P06 | C57: =COUNTIF(C5:C54,$A$57) -> 6 | D57: =COUNTIF(D5:D54,$A$57) -> 6 | E57: =COUNTIF(E5:E54,$A$57) -> 6 | F57: =COUNTIF(F5:F54,$A$57) -> 8 | G57: =COUNTIF(G5:G54,$A$57) -> 9 | H57: =COUNTIF(H5:H54,$A$57) -> 8 | I57: =COUNTIF(I5:I54,$A$57) -> 7 | J57: =COUNTIF(J5:J54,$A$57) -> 7 | ... AF57: =COUNTIF(AF5:AF54,$A$57) -> 9
A58: P13 | C58: =COUNTIF(C5:C54,$A$58) -> 2 | D58: =COUNTIF(D5:D54,$A$58) -> 2 | E58: =COUNTIF(E5:E54,$A$58) -> 1 | F58: =COUNTIF(F5:F54,$A$58) -> 1 | G58: =COUNTIF(G5:G54,$A$58) -> 1 | H58: =COUNTIF(H5:H54,$A$58) -> 2 | I58: =COUNTIF(I5:I54,$A$58) -> 2 | J58: =COUNTIF(J5:J54,$A$58) -> 1 | ... AF58: =COUNTIF(AF5:AF54,$A$58) -> 1
A59: P14 | C59: =COUNTIF(C5:C54,"P14")+COUNTIF(C5:C54,"P14EW") -> 6 | D59: =COUNTIF(D5:D54,"P14")+COUNTIF(D5:D54,"P14EW") -> 6 | E59: =COUNTIF(E5:E54,"P14")+COUNTIF(E5:E54,"P14EW") -> 6 | F59: =COUNTIF(F5:F54,"P14")+COUNTIF(F5:F54,"P14EW") -> 7 | G59: =COUNTIF(G5:G54,"P14")+COUNTIF(G5:G54,"P14EW") -> 8 | H59: =COUNTIF(H5:H54,"P14")+COUNTIF(H5:H54,"P14EW") -> 8 | I59: =COUNTIF(I5:I54,"P14")+COUNTIF(I5:I54,"P14EW") -> 7 | J59: =COUNTIF(J5:J54,"P14")+COUNTIF(J5:J54,"P14EW") -> 7 | ... AF59: =COUNTIF(AF5:AF54,"P14")+COUNTIF(AF5:AF54,"P14EW") -> 8
A60: P22 | C60: =COUNTIF(C5:C54,$A$60) -> 2 | D60: =COUNTIF(D5:D54,$A$60) -> 2 | E60: =COUNTIF(E5:E54,$A$60) -> 2 | F60: =COUNTIF(F5:F54,$A$60) -> 2 | G60: =COUNTIF(G5:G54,$A$60) -> 3 | H60: =COUNTIF(H5:H54,$A$60) -> 2 | I60: =COUNTIF(I5:I54,$A$60) -> 2 | J60: =COUNTIF(J5:J54,$A$60) -> 2 | ... AF60: =COUNTIF(AF5:AF54,$A$60) -> 2
A62: LHX & Catering
A63: Ana Telma Carvalho | B63: CARVALHO, ANA | C63: H05 | D63: H05 | E63: H05 | F63: H05 | G63: F | H63: F | I63: P13 | J63: P13 | K63: P13 | L63: P13 | M63: F | N63: F | O63: H05 | P63: H05 | Q63: H05 | R63: H05 | S63: F | T63: F | U63: P13 | V63: P13 | W63: P13 | X63: P13 | Y63: F | Z63: F | AA63: H | AB63: U | AC63: U | AD63: U | AE63: F | AF63: F | AH63: =VLOOKUP($B63,'MAR25'!$B:$AO,36,0) -> 0 | AI63: =COUNTIF(C63:AF63,"UA") -> 0 | AJ63: =AH63-AI63 -> 0 | AL63: =VLOOKUP($B63,'MAR25'!$B:$AO,40,0) -> 23 | AM63: =COUNTIF(C63:AF63,"U") -> 3 | AN63: =AL63-AM63 -> 20
A64: Catia Craveiro | B64: CRAVEIRO, CATIA | C64: F | D64: F | E64: P13 | F64: P13 | G64: FINJ | H64: P13 | I64: F | J64: F | K64: H05 | L64: H05 | M64: H05 | N64: H05 | O64: F | P64: F | Q64: P13 | R64: P13 | S64: P13 | T64: P13 | U64: F | V64: F | W64: H05 | X64: H05 | Y64: H05 | Z64: H05 | AA64: F | AB64: F | AC64: P13 | AD64: P13 | AE64: P13 | AF64: P13 | AH64: =VLOOKUP($B64,'MAR25'!$B:$AO,36,0) -> 0 | AI64: =COUNTIF(C64:AF64,"UA") -> 0 | AJ64: =AH64-AI64 -> 0 | AL64: =VLOOKUP($B64,'MAR25'!$B:$AO,40,0) -> 22 | AM64: =COUNTIF(C64:AF64,"U") -> 0 | AN64: =AL64-AM64 -> 22
A65: Jessica Santos | B65: SANTOS, JESSICA | C65: H13 | D65: H13 | E65: F | F65: F | G65: H05 | H65: H05 | I65: H05 | J65: H05 | K65: F | L65: F | M65: H13 | N65: H13 | O65: H13 | P65: H13 | Q65: F | R65: F | S65: U | T65: H | U65: U | V65: H | W65: F | X65: F | Y65: H13 | Z65: H13 | AA65: H13 | AB65: H13 | AC65: F | AD65: F | AE65: H05 | AF65: H05 | AH65: =VLOOKUP($B65,'MAR25'!$B:$AO,36,0) -> 0 | AI65: =COUNTIF(C65:AF65,"UA") -> 0 | AJ65: =AH65-AI65 -> 0 | AL65: =VLOOKUP($B65,'MAR25'!$B:$AO,40,0) -> 21 | AM65: =COUNTIF(C65:AF65,"U") -> 2 | AN65: =AL65-AM65 -> 19
A66: Maria Vitoria Almeida | B66: ALMEIDA, MARIA VITORIA | C66: APT | D66: APT | E66: APT | F66: APT | G66: APT | H66: APT | I66: APT | J66: APT | K66: APT | L66: APT | M66: APT | N66: APT | O66: APT | P66: APT | Q66: APT | R66: APT | S66: APT | T66: APT | U66: APT | V66: APT | W66: APT | X66: APT | Y66: APT | Z66: APT | AA66: APT | AB66: APT | AC66: APT | AD66: APT | AE66: APT | AF66: APT | AH66: =VLOOKUP($B66,'MAR25'!$B:$AO,36,0) -> 0 | AI66: =COUNTIF(C66:AF66,"UA") -> 0 | AJ66: =AH66-AI66 -> 0 | AL66: =VLOOKUP($B66,'MAR25'!$B:$AO,40,0) -> 22 | AM66: =COUNTIF(C66:AF66,"U") -> 0 | AN66: =AL66-AM66 -> 22
A67: Larissa Murray | B67: MURRAY, LARISSA | C67: P14 | D67: P14 | E67: F | F67: F | G67: UA | H67: UA | I67: UA | J67: UA | K67: F | L67: F | M67: UA | N67: UA | O67: UA | P67: UA | Q67: F | R67: F | S67: H05 | T67: H05 | U67: H05 | V67: H05 | W67: F | X67: F | Y67: H14 | Z67: H14 | AA67: H14 | AB67: H14 | AC67: F | AD67: F | AE67: P06 | AF67: K | AH67: =VLOOKUP($B67,'MAR25'!$B:$AO,36,0) -> 8 | AI67: =COUNTIF(C67:AF67,"UA") -> 8 | AJ67: =AH67-AI67 -> 0 | AL67: =VLOOKUP($B67,'MAR25'!$B:$AO,40,0) -> 22 | AM67: =COUNTIF(C67:AF67,"U") -> 0 | AN67: =AL67-AM67 -> 22
A68: Nicole Souza | B68: SOUZA, NICOLE | C68: U | D68: U | E68: U | F68: U | G68: F | H68: F | I68: P14 | J68: P14 | K68: P14 | L68: P14 | M68: F | N68: F | O68: P06 | P68: P06 | Q68: P06 | R68: K | S68: F | T68: F | U68: P14 | V68: P14 | W68: P14 | X68: P14 | Y68: F | Z68: F | AA68: H05 | AB68: H05 | AC68: H05 | AD68: H05 | AE68: F | AF68: F | AH68: =VLOOKUP($B68,'MAR25'!$B:$AO,36,0) -> 0 | AI68: =COUNTIF(C68:AF68,"UA") -> 0 | AJ68: =AH68-AI68 -> 0 | AL68: =VLOOKUP($B68,'MAR25'!$B:$AO,40,0) -> 20 | AM68: =COUNTIF(C68:AF68,"U") -> 4 | AN68: =AL68-AM68 -> 16
A69: Dulani Monteiro | B69: MONTEIRO, DULANI | C69: F | D69: F | E69: P14 | F69: P14 | G69: P14 | H69: P14 | I69: F | J69: F | K69: P06 | L69: P06 | M69: P06 | N69: P06 | O69: F | P69: F | Q69: P14 | R69: P14 | S69: UA | T69: H | U69: F | V69: F | W69: UA | X69: UA | Y69: UA | Z69: UA | AA69: F | AB69: F | AC69: UA | AD69: UA | AE69: UA | AF69: UA | AH69: =VLOOKUP($B69,'MAR25'!$B:$AO,36,0) -> 0 | AI69: =COUNTIF(C69:AF69,"UA") -> 9 | AJ69: =AH69-AI69 -> -9 | AL69: =VLOOKUP($B69,'MAR25'!$B:$AO,40,0) -> 13 | AM69: =COUNTIF(C69:AF69,"U") -> 0 | AN69: =AL69-AM69 -> 13
A71: H05 | C71: =COUNTIF(C54:C54,$A$71)+COUNTIF(C63:C66,$A$71) -> 1 | D71: =COUNTIF(D54:D54,$A$71)+COUNTIF(D63:D66,$A$71) -> 1 | E71: =COUNTIF(E54:E54,$A$71)+COUNTIF(E63:E66,$A$71) -> 1 | F71: =COUNTIF(F54:F54,$A$71)+COUNTIF(F63:F66,$A$71) -> 1 | G71: =COUNTIF(G54:G54,$A$71)+COUNTIF(G63:G66,$A$71) -> 1 | H71: =COUNTIF(H54:H54,$A$71)+COUNTIF(H63:H66,$A$71) -> 1 | I71: =COUNTIF(I54:I54,$A$71)+COUNTIF(I63:I66,$A$71) -> 1 | J71: =COUNTIF(J54:J54,$A$71)+COUNTIF(J63:J66,$A$71) -> 1 | ... AF71: =COUNTIF(AF54:AF54,$A$71)+COUNTIF(AF63:AF66,$A$71) -> 1
A72: P04/ H04/ | C72: =COUNTIF(C68:C69,"P04/")+COUNTIF(C68:C69,"H04/") -> 0 | D72: =COUNTIF(D68:D69,"P04/")+COUNTIF(D68:D69,"H04/") -> 0 | E72: =COUNTIF(E68:E69,"P04/")+COUNTIF(E68:E69,"H04/") -> 0 | F72: =COUNTIF(F68:F69,"P04/")+COUNTIF(F68:F69,"H04/") -> 0 | G72: =COUNTIF(G68:G69,"P04/")+COUNTIF(G68:G69,"H04/") -> 0 | H72: =COUNTIF(H68:H69,"P04/")+COUNTIF(H68:H69,"H04/") -> 0 | I72: =COUNTIF(I68:I69,"P04/")+COUNTIF(I68:I69,"H04/") -> 0 | J72: =COUNTIF(J68:J69,"P04/")+COUNTIF(J68:J69,"H04/") -> 0 | ... AF72: =COUNTIF(AF68:AF69,"P04/")+COUNTIF(AF68:AF69,"H04/") -> 0
A73: P12/ | C73: =COUNTIF(C68:C69,$A$73) -> 0 | D73: =COUNTIF(D68:D69,$A$73) -> 0 | E73: =COUNTIF(E68:E69,$A$73) -> 0 | F73: =COUNTIF(F68:F69,$A$73) -> 0 | G73: =COUNTIF(G68:G69,$A$73) -> 0 | H73: =COUNTIF(H68:H69,$A$73) -> 0 | I73: =COUNTIF(I68:I69,$A$73) -> 0 | J73: =COUNTIF(J68:J69,$A$73) -> 0 | ... AF73: =COUNTIF(AF68:AF69,$A$73) -> 0
A74: P13 | C74: =COUNTIF(C54:C54,$A$74)+COUNTIF(C63:C66,$A$74) -> 0 | D74: =COUNTIF(D54:D54,$A$74)+COUNTIF(D63:D66,$A$74) -> 0 | E74: =COUNTIF(E54:E54,$A$74)+COUNTIF(E63:E66,$A$74) -> 1 | F74: =COUNTIF(F54:F54,$A$74)+COUNTIF(F63:F66,$A$74) -> 1 | G74: =COUNTIF(G54:G54,$A$74)+COUNTIF(G63:G66,$A$74) -> 0 | H74: =COUNTIF(H54:H54,$A$74)+COUNTIF(H63:H66,$A$74) -> 1 | I74: =COUNTIF(I54:I54,$A$74)+COUNTIF(I63:I66,$A$74) -> 1 | J74: =COUNTIF(J54:J54,$A$74)+COUNTIF(J63:J66,$A$74) -> 1 | ... AF74: =COUNTIF(AF54:AF54,$A$74)+COUNTIF(AF63:AF66,$A$74) -> 1

Sheet MAY25
C1: LGSP - Lufthansa Ground Services Portugal NIF : 509 842 593 Atividade: CAE 52230.R3 Sede e local de trabalho: Avenida da Boavista ED.Burgo, 1837 sala 13.1 Horario de Funcionamento: 24/7 IRT: Não Aplicável
A2: Hubs Services | C2: Maio | AI2: Ferias 2025
C3: Qui | D3: Sex | E3: Sab | F3: Dom | G3: Seg | H3: Ter | I3: Qua | J3: Qui | K3: Sex | L3: Sab | M3: Dom | N3: Seg | O3: Ter | P3: Qua | Q3: Qui | R3: Sex | S3: Sab | T3: Dom | U3: Seg | V3: Ter | W3: Qua | X3: Qui | Y3: Sex | Z3: Sab | AA3: Dom | AB3: Seg | AC3: Ter | AD3: Qua | AE3: Qui | AF3: Sex | AG3: Sab | AI3: 2025 | AJ3: Used | AK3: LEFT
A4: NOME | B4: NOME GENESYS | C4: 1 | D4: 2 | E4: 3 | F4: 4 | G4: 5 | H4: 6 | I4: 7 | J4: 8 | K4: 9 | L4: 10 | M4: 11 | N4: 12 | O4: 13 | P4: 14 | Q4: 15 | R4: 16 | S4: 17 | T4: 18 | U4: 19 | V4: 20 | W4: 21 | X4: 22 | Y4: 23 | Z4: 24 | AA4: 25 | AB4: 26 | AC4: 27 | AD4: 28 | AE4: 29 | AF4: 30 | AG4: 31
A5: Diana Reisinho | B5: REISINHO, DIANA | C5: K | D5: K | E5: K | F5: K | G5: K | H5: K | I5: K | J5: K | K5: K | L5: K | M5: K | N5: K | O5: K | P5: K | Q5: K | R5: K | S5: K | T5: K | U5: K | V5: K | W5: K | X5: K | Y5: K | Z5: K | AA5: K | AB5: K | AC5: K | AD5: K | AE5: K | AF5: K | AG5: K | AI5: =VLOOKUP(B5,'APR25'!$B:$AN,39,0) -> 22 | AJ5: =COUNTIF(C5:AG5,"U") -> 0 | AK5: =AI5-AJ5 -> 22
A6: Catarina Ferreira | B6: FERREIRA, CATARINA | C6: H | D6: F | E6: F | F6: P14 | G6: P14 | H6: P14 | I6: P14 | J6: F | K6: F | L6: P06 | M6: FINJ | N6: P06 | O6: K | P6: K | Q6: F | R6: F | S6: P14 | T6: P14 | U6: P14 | V6: F | W6: F | X6: P06 | Y6: P06 | Z6: P06 | AA6: P06 | AB6: F | AC6: F | AD6: P14 | AE6: P14 | AF6: P14 | AG6: P14 | AI6: =VLOOKUP(B6,'APR25'!$B:$AN,39,0) -> 16 | AJ6: =COUNTIF(C6:AG6,"U") -> 0 | AK6: =AI6-AJ6 -> 16
A7: João Santos Silva | B7: SANTOS SILVA, JOAO | C7: P14 | D7: P14 | E7: P14 | F7: F | G7: F | H7: P06 | I7: P06 | J7: P06 | K7: P06 | L7: F | M7: F | N7: P12 | O7: P09/ | P7: P09/ | Q7: P12 | R7: F | S7: F | T7: P06 | U7: P06 | V7: P06 | W7: P06 | X7: F | Y7: F | Z7: P14 | AA7: P14 | AB7: P14 | AC7: P14 | AD7: F | AE7: F | AF7: P06 | AG7: P06 | AI7: =VLOOKUP(B7,'APR25'!$B:$AN,39,0) -> 10 | AJ7: =COUNTIF(C7:AG7,"U") -> 0 | AK7: =AI7-AJ7 -> 10
A8: Ana Magalhães | B8: MAGALHAES, ANA CATARINA | C8: P06 | D8: F | E8: F | F8: U | G8: U | H8: P14 | I8: P14 | J8: F | K8: F | L8: P06 | M8: P06 | N8: P06 | O8: P06 | P8: F | Q8: F | R8: P06 | S8: P06 | T8: P06 | U8: P06 | V8: F | W8: F | X8: B | Y8: U | Z8: U | AA8: U | AB8: F | AC8: P22 | AD8: P22 | AE8: P22 | AF8: P22 | AG8: P22 | AI8: =VLOOKUP(B8,'APR25'!$B:$AN,39,0) -> 23 | AJ8: =COUNTIF(C8:AG8,"U") -> 5 | AK8: =AI8-AJ8 -> 18
A9: Jorge Gonçalves | B9: GONCALVES, JORGE | C9: F | D9: P06 | E9: U | F9: P06 | G9: P06 | H9: F | I9: F | J9: P14 | K9: P14 | L9: P14 | M9: P14 | N9: F | O9: F | P9: P06 | Q9: P06 | R9: P06 | S9: P06 | T9: F | U9: F | V9: P14 | W9: P14 | X9: P14 | Y9: P14 | Z9: F | AA9: F | AB9: P06 | AC9: P06 | AD9: P06 | AE9: P06 | AF9: F | AG9: F | AI9: =VLOOKUP(B9,'APR25'!$B:$AN,39,0) -> 11 | AJ9: =COUNTIF(C9:AG9,"U") -> 1 | AK9: =AI9-AJ9 -> 10
A10: Catarina Pereira | B10: PEREIRA, CATARINA | C10: P14 | D10: P14 | E10: P14 | F10: F | G10: F | H10: P03/ | I10: P03/ | J10: P03/ | K10: P03/ | L10: F | M10: F | N10: P14 | O10: P14 | P10: P14 | Q10: P14 | R10: F | S10: F | T10: P06 | U10: P06 | V10: P06 | W10: P06 | X10: P11 | Y10: F | Z10: F | AA10: P11 | AB10: P14 | AC10: U | AD10: F | AE10: F | AF10: P06 | AG10: P06 | AI10: =VLOOKUP(B10,'APR25'!$B:$AN,39,0) -> 18 | AJ10: =COUNTIF(C10:AG10,"U") -> 1 | AK10: =AI10-AJ10 -> 17
A11: Sara Medeiros | B11: MEDEIROS, SARA | C11: F | D11: F | E11: P14 | F11: P14 | G11: P14 | H11: P14 | I11: P14 | J11: F | K11: F | L11: P06 | M11: P06 | N11: P11 | O11: P14 | P11: F | Q11: F | R11: P14 | S11: P14 | T11: P14 | U11: P14 | V11: F | W11: F | X11: P06 | Y11: P06 | Z11: P06 | AA11: P06 | AB11: F | AC11: F | AD11: P14 | AE11: P14 | AF11: P14 | AG11: P14 | AI11: =VLOOKUP(B11,'APR25'!$B:$AN,39,0) -> 18 | AJ11: =COUNTIF(C11:AG11,"U") -> 0 | AK11: =AI11-AJ11 -> 18
A12: Catia Martins | B12: MARTINS, CATIA | C12: F | D12: P06 | E12: P06 | F12: P10 | G12: P10 | H12: F | I12: F | J12: P12 | K12: P12 | L12: P12 | M12: P12 | N12: F | O12: F | P12: P06 | Q12: P06 | R12: U | S12: U | T12: F | U12: F | V12: U | W12: U | X12: U | Y12: U | Z12: F | AA12: F | AB12: U | AC12: U | AD12: U | AE12: U | AF12: F | AG12: F | AI12: =VLOOKUP(B12,'APR25'!$B:$AN,39,0) -> 17 | AJ12: =COUNTIF(C12:AG12,"U") -> 10 | AK12: =AI12-AJ12 -> 7
A14: Cgsupport
A15: Marcos Costa | B15: COSTA, MARCOS FELIPE | C15: F | D15: F | E15: U | F15: P06 | G15: P06 | H15: P06 | I15: F | J15: F | K15: P14 | L15: P14 | M15: P14 | N15: P14 | O15: F | P15: F | Q15: P06 | R15: P06 | S15: P06 | T15: P06 | U15: F | V15: F | W15: FINJ | X15: P14 | Y15: P14 | Z15: P14 | AA15: F | AB15: F | AC15: P06 | AD15: P06 | AE15: P06 | AF15: P06 | AG15: F | AI15: =VLOOKUP(B15,'APR25'!$B:$AN,39,0) -> 17 | AJ15: 0 | AK15: 17
A16: Tassiana Bastos | B16: BASTOS, TASSIANA | C16: H | D16: U | E16: F | F16: F | G16: P14 | H16: P14 | I16: P14 | J16: P14 | K16: F | L16: F | M16: P06 | N16: P06 | O16: P06 | P16: P06 | Q16: F | R16: F | S16: P14 | T16: P14 | U16: P14 | V16: P14 | W16: F | X16: F | Y16: P06 | Z16: P06 | AA16: P06 | AB16: P06 | AC16: F | AD16: F | AE16: P14 | AF16: P14 | AG16: P14 | AI16: =VLOOKUP(B16,'APR25'!$B:$AN,39,0) -> 22 | AJ16: 1 | AK16: 21
A17: Tatiana Monteiro | B17: MONTEIRO, TATIANA | C17: F | D17: F | E17: P14 | F17: P14 | G17: P14 | H17: P14 | I17: F | J17: F | K17: P06 | L17: P06 | M17: P06 | N17: P06 | O17: F | P17: F | Q17: P06 | R17: P06 | S17: P06 | T17: P06 | U17: F | V17: F | W17: P14 | X17: P14 | Y17: P14 | Z17: F | AA17: F | AB17: P06 | AC17: P06 | AD17: P06 | AE17: P06 | AF17: P06 | AG17: F | AI17: =VLOOKUP(B17,'APR25'!$B:$AN,39,0) -> 22 | AJ17: 0 | AK17: 22
A18: Raquel Teixeira | B18: TEIXEIRA, RAQUEL | C18: P06 | D18: P06 | E18: P06 | F18: P06 | G18: F | H18: F | I18: P10 | J18: P10 | K18: U | L18: U | M18: F | N18: F | O18: P14 | P18: P14 | Q18: P14 | R18: P14 | S18: F | T18: F | U18: P06 | V18: P08 | W18: P06 | X18: P06 | Y18: F | Z18: F | AA18: P14 | AB18: P14 | AC18: P14 | AD18: P14 | AE18: F | AF18: F | AG18: P06 | AI18: =VLOOKUP(B18,'APR25'!$B:$AN,39,0) -> 23 | AJ18: 2 | AK18: 21
A19: Filipa Moreira | B19: MOREIRA, FILIPA | C19: P14 | D19: P14 | E19: F | F19: F | G19: P06 | H19: P06 | I19: P06 | J19: P06 | K19: F | L19: F | AI19: =VLOOKUP(B19,'APR25'!$B:$AN,39,0) -> 23 | AJ19: 3 | AK19: 20
A21: INAD HUBs RST
A22: Cristiana Ferreira | B22: FERREIRA, CRISTIANA MARGARIDA | C22: H | D22: P08/ | E22: F | F22: F | G22: P08 | H22: P08/ | I22: P08/ | J22: P08/ | K22: P08/ | L22: F | M22: F | N22: P08/ | O22: P08/ | P22: P08/ | Q22: F | R22: B* | S22: F | T22: B | U22: P08/ | V22: P08 | W22: P08/ | X22: P08/ | Y22: P08/ | Z22: F | AA22: F | AB22: K1 | AC22: K1 | AD22: K1 | AE22: P07/ | AF22: P08 | AG22: F | AI22: =VLOOKUP(B22,'APR25'!$B:$AN,39,0) -> 15 | AJ22: 0 | AK22: 15
A23: Tiago Abreu | B23: ABREU, TIAGO | C23: P14 | D23: P14 | E23: P14 | F23: P14 | G23: F | H23: F | I23: P06 | J23: P06 | K23: P14 | L23: P14 | M23: F | N23: TR P11 | O23: P14 | P23: P14 | Q23: P14 | R23: P14 | S23: F | T23: F | U23: P06 | V23: P06 | W23: P14 | X23: F | Y23: F | Z23: F | AA23: P14 | AB23: P14 | AC23: P14 | AD23: P14 | AE23: F | AF23: F | AG23: P06 | AI23: =VLOOKUP(B23,'APR25'!$B:$AN,39,0) -> 12 | AJ23: 0 | AK23: 12
A24: Maria Burca | B24: BURCA, MARIA | C24: F | D24: F | E24: P06 | F24: P06 | G24: P06 | H24: P06 | I24: F | J24: F | K24: P06 | L24: P06 | M24: P14 | N24: P14 | O24: F | P24: F | Q24: P06 | R24: P06 | S24: P06 | T24: P06 | U24: F | V24: F | W24: P06 | X24: P06 | Y24: U | Z24: U | AA24: F | AB24: F | AC24: U | AD24: U | AE24: U | AF24: U | AG24: F | AI24: =VLOOKUP(B24,'APR25'!$B:$AN,39,0) -> 17 | AJ24: 6 | AK24: 11
A25: Catarina Mendes | B25: MENDES, CATARINA | C25: P08/M | D25: P08/M | E25: F | F25: F | G25: U | H25: U | I25: U | J25: U | K25: F | L25: F | M25: P08/M | N25: K | O25: P08/M | P25: P08/M | Q25: F | R25: F | S25: U | T25: P08/M | U25: P08/M | V25: P08/M | W25: F | X25: F | Y25: P08/M | Z25: F | AA25: F | AB25: P09M | AC25: P09M | AD25: P08/M | AE25: P08/M | AF25: FINJ | AG25: F | AI25: =VLOOKUP(B25,'APR25'!$B:$AN,39,0) -> 21 | AJ25: 4 | AK25: 17
A26: Barbara Martins | B26: MARTINS, BARBARA | C26: P06 | D26: P06 | E26: F | F26: F | G26: U | H26: U | I26: U | J26: U | K26: F | L26: F | M26: U | N26: U | O26: P06 | P26: P06 | Q26: F | R26: F | S26: P14 | T26: P14 | U26: P14 | V26: P14 | W26: F | X26: F | Y26: P08 | Z26: P06 | AA26: F | AB26: P08 | AC26: P08 | AD26: F | AE26: P14 | AF26: P14 | AG26: P14 | AI26: =VLOOKUP(B26,'APR25'!$B:$AN,39,0) -> 22 | AJ26: 6 | AK26: 16
A28: RST Team
A29: Diana Salome Sousa | B29: SOUSA, DIANA SALOME | C29: P22 | D29: P22 | E29: P22 | F29: F | G29: F | H29: U | I29: U | J29: U | K29: U | L29: F | M29: F | N29: TR P08 | O29: TR P08 | P29: TR P08 | Q29: P07 | R29: F | S29: F | T29: P14 | U29: P14 | V29: P14 | W29: P14 | X29: F | Y29: F | Z29: P06 | AA29: P06 | AB29: P06 | AC29: P06 | AD29: F | AE29: F | AF29: P22 | AG29: P22 | AI29: =VLOOKUP(B29,'APR25'!$B:$AN,39,0) -> 19 | AJ29: =COUNTIF(C29:AG29,"U") -> 4 | AK29: =AI29-AJ29 -> 15
A30: Ricardo Medeiros | B30: MEDEIROS, RICARDO | C30: P06 | D30: F | E30: F | F30: P22 | G30: P22 | H30: P22 | I30: P22 | J30: F | K30: F | L30: P14 | M30: P14 | N30: P11 | O30: P06 | P30: B | Q30: F | R30: B* | S30: P06 | T30: P06 | U30: P06 | V30: F | W30: F | X30: P14 | Y30: P14 | Z30: P14 | AA30: P14 | AB30: F | AC30: F | AD30: P06 | AE30: P06 | AF30: P06 | AG30: P06 | AI30: =VLOOKUP(B30,'APR25'!$B:$AN,39,0) -> 20 | AJ30: =COUNTIF(C30:AG30,"U") -> 0 | AK30: =AI30-AJ30 -> 20
A31: Ricardo Bessa | B31: BESSA, RICARDO | C31: F | D31: P06 | E31: P06 | F31: P06 | G31: P06 | H31: F | I31: F | J31: P22 | K31: P22 | L31: P22 | M31: P22 | N31: F | O31: F | P31: P14 | Q31: P14 | R31: P14 | S31: U | T31: F | U31: F | V31: P06 | W31: P06 | X31: P06 | Y31: P06 | Z31: F | AA31: F | AB31: P14 | AC31: P14 | AD31: P14 | AE31: P14 | AF31: P14 | AG31: F | AI31: =VLOOKUP(B31,'APR25'!$B:$AN,39,0) -> 18 | AJ31: =COUNTIF(C31:AG31,"U") -> 1 | AK31: =AI31-AJ31 -> 17
A32: Samuel Neves | B32: NEVES, SAMUEL | C32: P14 | D32: P14 | E32: F | F32: F | G32: F | H32: P06 | I32: TR P08 | J32: TR P08 | K32: TR P08 | L32: F | M32: F | N32: P22 | O32: P22 | P32: P22 | Q32: P22 | R32: F | S32: F | T32: P14 | U32: P14 | V32: P14 | W32: P14 | X32: F | Y32: F | Z32: P06 | AA32: P06 | AB32: P06 | AC32: P06 | AD32: F | AE32: F | AF32: P14 | AG32: P14 | AI32: =VLOOKUP(B32,'APR25'!$B:$AN,39,0) -> 11 | AJ32: =COUNTIF(C32:AG32,"U") -> 0 | AK32: =AI32-AJ32 -> 11
A33: Carlos Carvalhais | B33: CARVALHAIS, CARLOS | C33: P06 | D33: F | E33: F | F33: P14 | G33: P14 | H33: P14 | I33: P14 | J33: F | K33: F | L33: P06 | M33: P06 | N33: P06 | O33: P06 | P33: F | Q33: F | R33: P22 | S33: P22 | T33: P22 | U33: P22 | V33: F | W33: F | X33: P14 | Y33: P14 | Z33: P14 | AA33: P14 | AB33: F | AC33: F | AD33: P06 | AE33: P06 | AF33: P06 | AG33: P06 | AI33: =VLOOKUP(B33,'APR25'!$B:$AN,39,0) -> 8 | AJ33: =COUNTIF(C33:AG33,"U") -> 0 | AK33: =AI33-AJ33 -> 8
A34: Alefe Sobral | B34: SOBRAL, ALEFE | C34: F | D34: P05 | E34: P05 | F34: P05 | G34: P05 | H34: F | I34: F | J34: P14 | K34: P14 | L34: P14 | M34: P14 | N34: F | O34: F | P34: P05 | Q34: P05 | R34: P05 | S34: P05 | T34: F | U34: F | V34: P22 | W34: P22 | X34: P22 | Y34: P22 | Z34: F | AA34: F | AB34: P14 | AC34: P14 | AD34: P14 | AE34: P14 | AF34: F | AG34: F | AI34: =VLOOKUP(B34,'APR25'!$B:$AN,39,0) -> 10 | AJ34: =COUNTIF(C34:AG34,"U") -> 0 | AK34: =AI34-AJ34 -> 10
A35: Jose Alves | B35: ALVES, JOSE | C35: P14 | D35: P14 | E35: P14 | F35: F | G35: F | H35: P06 | I35: P06 | J35: P06 | K35: P06 | L35: F | M35: F | N35: P14 | O35: P14 | P35: P14 | Q35: P14 | R35: F | S35: F | T35: P06 | U35: P06 | V35: P06 | W35: P06 | X35: F | Y35: F | Z35: P22 | AA35: P22 | AB35: P22 | AC35: F | AD35: F | AE35: F | AF35: P14 | AG35: P14 | AI35: =VLOOKUP(B35,'APR25'!$B:$AN,39,0) -> 22 | AJ35: =COUNTIF(C35:AG35,"U") -> 0 | AK35: =AI35-AJ35 -> 22
A36: Ines Pilre | B36: PILRE, INES | C36: H | D36: F | E36: F | F36: U | G36: U | H36: U | I36: U | J36: F | K36: F | L36: P06 | M36: P06 | N36: P06 | O36: P06 | P36: F | Q36: F | R36: P14 | S36: P14 | T36: P14 | U36: P14 | V36: P14 | W36: F | X36: F | Y36: P06 | Z36: P06 | AA36: P06 | AB36: F | AC36: F | AD36: APT | AE36: APT | AF36: APT | AG36: APT | AI36: =VLOOKUP(B36,'APR25'!$B:$AN,39,0) -> 22 | AJ36: =COUNTIF(C36:AG36,"U") -> 4 | AK36: =AI36-AJ36 -> 18
A37: Bruna Lima | B37: LIMA, BRUNA | C37: F | D37: P14 | E37: P14 | F37: P14 | G37: P14 | H37: F | I37: F | J37: P14 | K37: P14 | L37: P14 | M37: P14 | N37: F | O37: F | P37: P22 | Q37: P22 | R37: P22 | S37: P22 | T37: F | U37: F | V37: K | W37: P14 | X37: P14 | Y37: P14 | Z37: F | AA37: F | AB37: U | AC37: P08 | AD37: P06 | AE37: P06 | AF37: F | AG37: F | AI37: =VLOOKUP(B37,'APR25'!$B:$AN,39,0) -> 22 | AJ37: =COUNTIF(C37:AG37,"U") -> 1 | AK37: =AI37-AJ37 -> 21
A38: Gonçalo Pereira | B38: PEREIRA, GONCALO | C38: P | D38: P | E38: U | F38: F | G38: F | H38: U | I38: U | J38: U | K38: U | L38: F | M38: F | N38: U | O38: U | P38: U | Q38: U | R38: F | S38: F | T38: U | U38: P06 | V38: E | W38: P06 | X38: F | Y38: F | Z38: P14 | AA38: P14 | AB38: P14 | AC38: E | AD38: F | AE38: F | AF38: P06 | AG38: P06 | AI38: =VLOOKUP(B38,'APR25'!$B:$AN,39,0) -> 20 | AJ38: =COUNTIF(C38:AG38,"U") -> 10 | AK38: =AI38-AJ38 -> 10
A39: Joana Pinheiro | B39: PINHEIRO, JOANA | C39: P14 | D39: F | E39: F | F39: P06 | G39: P06 | H39: P06 | I39: P06 | J39: F | K39: F | L39: P22 | M39: P22 | N39: P22 | O39: P22 | P39: F | Q39: F | R39: P14 | S39: P14 | T39: P14 | U39: P14 | V39: F | W39: F | X39: P06 | Y39: P06 | Z39: P06 | AA39: P06 | AB39: F | AC39: F | AD39: P14 | AE39: P14 | AF39: P14 | AG39: U | AI39: =VLOOKUP(B39,'APR25'!$B:$AN,39,0) -> 18 | AJ39: =COUNTIF(C39:AG39,"U") -> 1 | AK39: =AI39-AJ39 -> 17
A40: Inês Coelho | B40: COELHO, INES | C40: F | D40: P22 | E40: P22 | F40: P22 | G40: P22 | H40: F | I40: F | J40: U | K40: U | L40: U | M40: U | N40: F | O40: F | P40: U | Q40: P06 | R40: P06 | S40: P06 | T40: F | U40: F | V40: P14 | W40: P14 | X40: P14 | Y40: P14 | Z40: F | AA40: F | AB40: P06 | AC40: P06 | AD40: P08 | AE40: P06 | AF40: F | AG40: F | AI40: =VLOOKUP(B40,'APR25'!$B:$AN,39,0) -> 19 | AJ40: =COUNTIF(C40:AG40,"U") -> 5 | AK40: =AI40-AJ40 -> 14
A41: Ivo Latourrette | B41: LATOURRETTE, IVO | C41: APT | D41: APT | E41: APT | F41: APT | G41: APT | H41: APT | I41: APT | J41: APT | K41: APT | L41: APT | M41: APT | N41: APT | O41: APT | P41: APT | Q41: APT | R41: APT | S41: APT | T41: APT | U41: APT | V41: APT | W41: APT | X41: APT | Y41: APT | Z41: APT | AA41: APT | AB41: APT | AC41: APT | AD41: APT | AE41: APT | AF41: APT | AG41: APT | AI41: =VLOOKUP(B41,'APR25'!$B:$AN,39,0) -> 11 | AJ41: =COUNTIF(C41:AG41,"U") -> 0 | AK41: =AI41-AJ41 -> 11
A42: Aline Carneiro | B42: CARNEIRO, ALINE | C42: H | D42: F | E42: F | F42: F | AI42: =VLOOKUP(B42,'APR25'!$B:$AN,39,0) -> 22 | AJ42: =COUNTIF(C42:AG42,"U") -> 0 | AK42: =AI42-AJ42 -> 22
A43: Catia Neves | B43: NEVES, CATIA | C43: K | D43: K | E43: K | F43: K | G43: K | H43: K | I43: K | J43: K | K43: K | L43: K | M43: K | N43: K | O43: K | P43: K | Q43: K | R43: K | S43: K | T43: F | U43: F | V43: P06 | W43: P06 | X43: P06 | Y43: P06 | Z43: F | AA43: F | AB43: P07/ | AC43: P07/ | AD43: P06 | AE43: P06 | AF43: P06 | AG43: F | AI43: =VLOOKUP(B43,'APR25'!$B:$AN,39,0) -> 22 | AJ43: =COUNTIF(C43:AG43,"U") -> 0 | AK43: =AI43-AJ43 -> 22
A45: Hubs Services Team
A46: Carla Ferreira | B46: FERREIRA, CARLA | C46: P05 | D46: P05 | E46: F | F46: F | G46: P13 | H46: P13 | I46: P13 | J46: P13 | K46: F | L46: F | M46: P07 | N46: P07 | O46: P08 | P46: P08 | Q46: F | R46: F | S46: P13 | T46: P13 | U46: P13 | V46: P13 | W46: F | X46: F | Y46: P05 | Z46: P05 | AA46: F | AB46: F | AC46: P07/ | AD46: P07/ | AE46: P07/ | AF46: P07/ | AG46: F | AI46: =VLOOKUP(B46,'APR25'!$B:$AN,39,0) -> 21 | AJ46: =COUNTIF(C46:AG46,"U") -> 0 | AK46: =AI46-AJ46 -> 21
A47: Ana Ferreira | B47: FERREIRA, ANA SOFIA | C47: H | D47: U | E47: F | F47: F | G47: U | H47: U | I47: U | AI47: =VLOOKUP(B47,'APR25'!$B:$AN,39,0) -> 18 | AJ47: =COUNTIF(C47:AG47,"U") -> 4 | AK47: =AI47-AJ47 -> 14
A48: Barbara Pereira | B48: PEREIRA, BARBARA | C48: K | D48: K | E48: K | F48: K | G48: K | H48: U | I48: F | J48: F | K48: U | L48: U | M48: U | N48: U | O48: F | P48: F | Q48: P22 | R48: P22 | S48: P22 | T48: P22 | U48: F | V48: F | W48: P13 | X48: P13 | Y48: P13 | Z48: P13 | AA48: F | AB48: F | AC48: P08 | AD48: P07 | AE48: P07 | AF48: P07 | AG48: F | AI48: =VLOOKUP(B48,'APR25'!$B:$AN,39,0) -> 22 | AJ48: =COUNTIF(C48:AG48,"U") -> 5 | AK48: =AI48-AJ48 -> 17
A49: Jessica Martins | B49: MARTINS, JESSICA | C49: P13 | D49: P13 | E49: P13 | F49: P13 | G49: F | H49: F | I49: P05 | J49: P05 | K49: P05 | L49: P05 | M49: F | N49: F | O49: K | P49: K | Q49: P08 | R49: P07 | S49: F | T49: F | U49: P22 | V49: P22 | W49: P22 | X49: P22 | Y49: F | Z49: F | AA49: U | AB49: U | AC49: U | AD49: U | AE49: F | AF49: F | AG49: U | AI49: =VLOOKUP(B49,'APR25'!$B:$AN,39,0) -> 11 | AJ49: =COUNTIF(C49:AG49,"U") -> 5 | AK49: =AI49-AJ49 -> 6
A50: Josue Fula | B50: FULA, JOSUE | C50: P07 | D50: P07 | E50: F | F50: F | G50: P13 | H50: P13 | I50: P13 | J50: P13 | K50: F | L50: F | M50: P05 | N50: P05 | O50: P05 | P50: P05 | Q50: F | R50: P08 | S50: P07 | T50: P07 | U50: P07 | V50: F | W50: F | X50: F | Y50: P22 | Z50: P22 | AA50: P22 | AB50: P22 | AC50: F | AD50: F | AE50: P13 | AF50: P13 | AG50: P13 | AI50: =VLOOKUP(B50,'APR25'!$B:$AN,39,0) -> 22 | AJ50: =COUNTIF(C50:AG50,"U") -> 0 | AK50: =AI50-AJ50 -> 22
A51: Raquel Oliveira | B51: OLIVEIRA, RAQUEL ALEXANDRA | C51: F | D51: F | E51: P07 | F51: P07 | G51: P07 | H51: K | I51: F | J51: F | K51: P13 | L51: P13 | M51: P13 | N51: P13 | O51: F | P51: F | Q51: P05 | R51: P05 | S51: P05 | T51: P05 | U51: F | V51: F | W51: P07 | X51: P07 | Y51: P07 | Z51: P07 | AA51: F | AB51: F | AC51: P22 | AD51: P22 | AE51: P22 | AF51: P22 | AG51: F | AI51: =VLOOKUP(B51,'APR25'!$B:$AN,39,0) -> 11 | AJ51: =COUNTIF(C51:AG51,"U") -> 0 | AK51: =AI51-AJ51 -> 11
A52: Jose Borges | B52: BORGES, JOSE | C52: H | D52: U | E52: U | F52: U | G52: F | H52: F | I52: P07 | J52: P07 | K52: P07 | L52: P07 | M52: F | N52: F | O52: P13 | P52: P13 | Q52: P13 | R52: P13 | S52: F | T52: F | U52: P05 | V52: P05 | W52: P05 | X52: P05 | Y52: F | Z52: F | AA52: P07 | AB52: P07 | AC52: P07 | AD52: P08 | AE52: F | AF52: F | AG52: K | AI52: =VLOOKUP(B52,'APR25'!$B:$AN,39,0) -> 22 | AJ52: =COUNTIF(C52:AG52,"U") -> 3 | AK52: =AI52-AJ52 -> 19
A53: Rafael Medina | B53: MEDINA, RAFAEL | C53: F | D53: F | E53: P06 | F53: P06 | G53: P06 | H53: P06 | I53: F | J53: F | K53: P13 | L53: P13 | M53: P13 | N53: P13 | O53: F | P53: F | Q53: H05 | R53: H05 | S53: H05 | T53: H05 | U53: F | V53: F | W53: P14 | X53: P14 | Y53: P13 | Z53: P13 | AA53: F | AB53: F | AC53: P08 | AD53: P08 | AE53: P13 | AF53: P13 | AG53: F | AI53: =VLOOKUP(B53,'APR25'!$B:$AN,39,0) -> 19 | AJ53: =COUNTIF(C53:AG53,"U") -> 0 | AK53: =AI53-AJ53 -> 19
A55: P05 | C55: =COUNTIF(C29:C53,$A$55) -> 1 | D55: =COUNTIF(D29:D53,$A$55) -> 2 | E55: =COUNTIF(E29:E53,$A$55) -> 1 | F55: =COUNTIF(F29:F53,$A$55) -> 1 | G55: =COUNTIF(G29:G53,$A$55) -> 1 | H55: =COUNTIF(H29:H53,$A$55) -> 0 | I55: =COUNTIF(I29:I53,$A$55) -> 1 | J55: =COUNTIF(J29:J53,$A$55) -> 1 | ... AG55: =COUNTIF(AG29:AG53,$A$55) -> 0
A56: P06 | C56: =COUNTIF(C29:C53,$A$56) -> 2 | D56: =COUNTIF(D29:D53,$A$56) -> 1 | E56: =COUNTIF(E29:E53,$A$56) -> 2 | F56: =COUNTIF(F29:F53,$A$56) -> 3 | G56: =COUNTIF(G29:G53,$A$56) -> 3 | H56: =COUNTIF(H29:H53,$A$56) -> 4 | I56: =COUNTIF(I29:I53,$A$56) -> 2 | J56: =COUNTIF(J29:J53,$A$56) -> 1 | ... AG56: =COUNTIF(AG29:AG53,$A$56) -> 3
A57: P13 | C57: =COUNTIF(C29:C53,$A$57) -> 1 | D57: =COUNTIF(D29:D53,$A$57) -> 1 | E57: =COUNTIF(E29:E53,$A$57) -> 1 | F57: =COUNTIF(F29:F53,$A$57) -> 1 | G57: =COUNTIF(G29:G53,$A$57) -> 2 | H57: =COUNTIF(H29:H53,$A$57) -> 2 | I57: =COUNTIF(I29:I53,$A$57) -> 2 | J57: =COUNTIF(J29:J53,$A$57) -> 2 | ... AG57: =COUNTIF(AG29:AG53,$A$57) -> 1
A58: P14 | C58: =COUNTIF(C29:C53,$A$58) -> 3 | D58: =COUNTIF(D29:D53,$A$58) -> 3 | E58: =COUNTIF(E29:E53,$A$58) -> 2 | F58: =COUNTIF(F29:F53,$A$58) -> 2 | G58: =COUNTIF(G29:G53,$A$58) -> 2 | H58: =COUNTIF(H29:H53,$A$58) -> 1 | I58: =COUNTIF(I29:I53,$A$58) -> 1 | J58: =COUNTIF(J29:J53,$A$58) -> 2 | ... AG58: =COUNTIF(AG29:AG53,$A$58) -> 2
A59: P22 | C59: =COUNTIF(C29:C53,$A$59) -> 1 | D59: =COUNTIF(D29:D53,$A$59) -> 2 | E59: =COUNTIF(E29:E53,$A$59) -> 2 | F59: =COUNTIF(F29:F53,$A$59) -> 2 | G59: =COUNTIF(G29:G53,$A$59) -> 2 | H59: =COUNTIF(H29:H53,$A$59) -> 1 | I59: =COUNTIF(I29:I53,$A$59) -> 1 | J59: =COUNTIF(J29:J53,$A$59) -> 1 | ... AG59: =COUNTIF(AG29:AG53,$A$59) -> 1
A61: LHX & Catering
A62: Ana Telma Carvalho | B62: CARVALHO, ANA | C62: H | D62: U | E62: U | F62: B* | G62: F | H62: B | I62: H05 | J62: H05 | K62: H05 | L62: H05 | M62: F | N62: F | O62: P13 | P62: P13 | Q62: P13 | R62: P13 | S62: F | T62: F | U62: P05 | V62: P05 | W62: P05 | X62: H05 | Y62: F | Z62: F | AA62: P13 | AB62: P13 | AC62: P13 | AD62: P13 | AE62: F | AF62: F | AG62: H05 | AI62: =VLOOKUP(B62,'APR25'!$B:$AN,39,0) -> 20 | AJ62: =COUNTIF(C62:AG62,"U") -> 2 | AK62: =AI62-AJ62 -> 18
A63: Catia Craveiro | B63: CRAVEIRO, CATIA | C63: F | D63: F | E63: H05 | F63: H05 | G63: H05 | H63: H05 | I63: F | J63: F | K63: U | L63: U | M63: U | N63: U | O63: F | P63: F | Q63: U | R63: U | S63: U | T63: U | U63: F | V63: F | W63: U | X63: U | Y63: H05 | Z63: H05 | AA63: F | AB63: F | AC63: H05 | AD63: H05 | AE63: H05 | AF63: H05 | AG63: F | AI63: =VLOOKUP(B63,'APR25'!$B:$AN,39,0) -> 22 | AJ63: =COUNTIF(C63:AG63,"U") -> 10 | AK63: =AI63-AJ63 -> 12
A64: Jessica Santos | B64: SANTOS, JESSICA | C64: H05 | D64: H05 | E64: F | F64: F | G64: H13 | H64: H13 | I64: H13 | J64: H13 | K64: F | L64: F | M64: H05 | N64: K | O64: K | P64: K | Q64: K | R64: K | S64: K | T64: K | U64: K | V64: K | W64: K | X64: K | Y64: K | Z64: K | AA64: K | AB64: K | AC64: K | AD64: K | AE64: K | AF64: K | AG64: K | AI64: =VLOOKUP(B64,'APR25'!$B:$AN,39,0) -> 19 | AJ64: =COUNTIF(C64:AF64,"U") -> 0 | AK64: =AI64-AJ64 -> 19
A65: Maria Vitoria Almeida | B65: ALMEIDA, MARIA VITORIA | C65: APT | D65: APT | E65: APT | F65: APT | G65: APT | H65: APT | I65: APT | J65: APT | K65: APT | L65: APT | M65: APT | N65: APT | O65: APT | P65: APT | Q65: APT | R65: APT | S65: APT | T65: APT | U65: APT | V65: APT | W65: APT | X65: APT | Y65: APT | Z65: APT | AA65: APT | AB65: APT | AC65: APT | AD65: APT | AE65: APT | AF65: APT | AG65: APT | AI65: =VLOOKUP(B65,'APR25'!$B:$AN,39,0) -> 22 | AJ65: =COUNTIF(C65:AF65,"U") -> 0 | AK65: =AI65-AJ65 -> 22
A66: Larissa Murray | B66: MURRAY, LARISSA | C66: K | D66: K | E66: F | F66: F | G66: P14 | AI66: =VLOOKUP(B66,'APR25'!$B:$AN,39,0) -> 22 | AJ66: =COUNTIF(C66:AG66,"U") -> 0 | AK66: =AI66-AJ66 -> 22
A67: Nicole Souza | B67: SOUZA, NICOLE | C67: P13 | D67: P13 | E67: P13 | F67: P13 | G67: F | H67: F | I67: P06 | J67: P06 | K67: P06 | L67: P06 | M67: F | N67: F | O67: P14 | P67: P14 | Q67: P14 | R67: P14 | S67: F | T67: F | U67: P13 | V67: P13 | W67: P13 | X67: P13 | Y67: F | Z67: F | AA67: P05 | AB67: P05 | AC67: P06 | AD67: K | AE67: F | AF67: F | AG67: P06 | AI67: =VLOOKUP(B67,'APR25'!$B:$AN,39,0) -> 16 | AJ67: =COUNTIF(C67:AG67,"U") -> 0 | AK67: =AI67-AJ67 -> 16
A68: Dulani Monteiro | B68: MONTEIRO, DULANI | C68: F | D68: F | E68: P06 | F68: P06 | G68: P06 | H68: P06 | I68: F | J68: F | K68: P14 | L68: P14 | M68: P14 | N68: P14 | O68: F | P68: F | Q68: P06 | R68: P06 | S68: P13 | T68: P13 | U68: F | V68: F | W68: P06 | X68: P06 | Y68: P06 | Z68: P06 | AA68: F | AB68: F | AC68: P14 | AD68: P14 | AE68: P14 | AF68: P14 | AG68: F | AI68: =VLOOKUP(B68,'APR25'!$B:$AN,39,0) -> 13 | AJ68: =COUNTIF(C68:AG68,"U") -> 0 | AK68: =AI68-AJ68 -> 13
A70: H05 | C70: =COUNTIF(C53:C53,$A$70)+COUNTIF(C62:C65,$A$70) -> 1 | D70: =COUNTIF(D53:D53,$A$70)+COUNTIF(D62:D65,$A$70) -> 1 | E70: =COUNTIF(E53:E53,$A$70)+COUNTIF(E62:E65,$A$70) -> 1 | F70: =COUNTIF(F53:F53,$A$70)+COUNTIF(F62:F65,$A$70) -> 1 | G70: =COUNTIF(G53:G53,$A$70)+COUNTIF(G62:G65,$A$70) -> 1 | H70: =COUNTIF(H53:H53,$A$70)+COUNTIF(H62:H65,$A$70) -> 1 | I70: =COUNTIF(I53:I53,$A$70)+COUNTIF(I62:I65,$A$70) -> 1 | J70: =COUNTIF(J53:J53,$A$70)+COUNTIF(J62:J65,$A$70) -> 1 | ... Z70: =COUNTIF(Z53:Z53,$A$70)+COUNTIF(Z62:Z65,$A$70) -> 1 | AA70: =COUNTIF(AA53:AA53,$A$70)+COUNTIF(AA62:AA68,$A$70) -> 0 | AB70: =COUNTIF(AB53:AB53,$A$70)+COUNTIF(AB62:AB68,$A$70) -> 0 | AC70: =COUNTIF(AC53:AC53,$A$70)+COUNTIF(AC62:AC65,$A$70) -> 1 | AD70: =COUNTIF(AD53:AD53,$A$70)+COUNTIF(AD62:AD65,$A$70) -> 1 | AE70: =COUNTIF(AE53:AE53,$A$70)+COUNTIF(AE62:AE65,$A$70) -> 1 | AF70: =COUNTIF(AF53:AF53,$A$70)+COUNTIF(AF62:AF65,$A$70) -> 1 | AG70: =COUNTIF(AG53:AG53,$A$70)+COUNTIF(AG62:AG65,$A$70) -> 1
A71: P04/ H04/ | C71: =COUNTIF(C67:C68,"P04/")+COUNTIF(C67:C68,"H04/") -> 0 | D71: =COUNTIF(D67:D68,"P04/")+COUNTIF(D67:D68,"H04/") -> 0 | E71: =COUNTIF(E67:E68,"P04/")+COUNTIF(E67:E68,"H04/") -> 0 | F71: =COUNTIF(F67:F68,"P04/")+COUNTIF(F67:F68,"H04/") -> 0 | G71: =COUNTIF(G67:G68,"P04/")+COUNTIF(G67:G68,"H04/") -> 0 | H71: =COUNTIF(H67:H68,"P04/")+COUNTIF(H67:H68,"H04/") -> 0 | I71: =COUNTIF(I67:I68,"P04/")+COUNTIF(I67:I68,"H04/") -> 0 | J71: =COUNTIF(J67:J68,"P04/")+COUNTIF(J67:J68,"H04/") -> 0 | ... AG71: =COUNTIF(AG67:AG68,"P04/")+COUNTIF(AG67:AG68,"H04/") -> 0
A72: P12/ | C72: =COUNTIF(C67:C68,$A$72) -> 0 | D72: =COUNTIF(D67:D68,$A$72) -> 0 | E72: =COUNTIF(E67:E68,$A$72) -> 0 | F72: =COUNTIF(F67:F68,$A$72) -> 0 | G72: =COUNTIF(G67:G68,$A$72) -> 0 | H72: =COUNTIF(H67:H68,$A$72) -> 0 | I72: =COUNTIF(I67:I68,$A$72) -> 0 | J72: =COUNTIF(J67:J68,$A$72) -> 0 | ... AG72: =COUNTIF(AG67:AG68,$A$72) -> 0
A73: P13 | C73: =COUNTIF(C53:C53,$A$73)+COUNTIF(C62:C65,$A$73) -> 0 | D73: =COUNTIF(D53:D53,$A$73)+COUNTIF(D62:D65,$A$73) -> 0 | E73: =COUNTIF(E53:E53,$A$73)+COUNTIF(E62:E65,$A$73) -> 0 | F73: =COUNTIF(F53:F53,$A$73)+COUNTIF(F62:F65,$A$73) -> 0 | G73: =COUNTIF(G53:G53,$A$73)+COUNTIF(G62:G65,$A$73) -> 0 | H73: =COUNTIF(H53:H53,$A$73)+COUNTIF(H62:H65,$A$73) -> 0 | I73: =COUNTIF(I53:I53,$A$73)+COUNTIF(I62:I65,$A$73) -> 0 | J73: =COUNTIF(J53:J53,$A$73)+COUNTIF(J62:J65,$A$73) -> 0 | ... AG73: =COUNTIF(AG53:AG53,$A$73)+COUNTIF(AG62:AG65,$A$73) -> 0

Sheet JUN25
C1: LGSP - Lufthansa Ground Services Portugal NIF : 509 842 593 Atividade: CAE 52230.R3 Sede e local de trabalho: Avenida da Boavista ED.Burgo, 1837 sala 13.1 Horario de Funcionamento: 24/7 IRT: Não Aplicável
A2: Hubs Services | C2: Junho | AH2: Ferias 2025
C3: Dom | D3: Seg | E3: Ter | F3: Qua | G3: Qui | H3: Sex | I3: Sab | J3: Dom | K3: Seg | L3: Ter | M3: Qua | N3: Qui | O3: Sex | P3: Sab | Q3: Dom | R3: Seg | S3: Ter | T3: Qua | U3: Qui | V3: Sex | W3: Sab | X3: Dom | Y3: Seg | Z3: Ter | AA3: Qua | AB3: Qui | AC3: Sex | AD3: Sab | AE3: Dom | AF3: Seg | AH3: 2025 | AI3: Used | AJ3: LEFT
A4: NOME | B4: NOME GENESYS | C4: 1 | D4: 2 | E4: 3 | F4: 4 | G4: 5 | H4: 6 | I4: 7 | J4: 8 | K4: 9 | L4: 10 | M4: 11 | N4: 12 | O4: 13 | P4: 14 | Q4: 15 | R4: 16 | S4: 17 | T4: 18 | U4: 19 | V4: 20 | W4: 21 | X4: 22 | Y4: 23 | Z4: 24 | AA4: 25 | AB4: 26 | AC4: 27 | AD4: 28 | AE4: 29 | AF4: 30
A5: Diana Reisinho | B5: REISINHO, DIANA | C5: K | D5: K | E5: K | F5: K | G5: K | H5: K | I5: K | J5: K | K5: K | L5: K | M5: K | N5: K | O5: K | P5: K | Q5: K | R5: K | S5: K | T5: K | U5: K | V5: K | W5: K | X5: K | Y5: K | Z5: K | AA5: K | AB5: K | AC5: K | AD5: K | AE5: K | AF5: K | AH5: =VLOOKUP(B5,'MAY25'!$B:$AK,36,0) -> 22 | AI5: =COUNTIF(C5:AF5,"U") -> 0 | AJ5: =AH5-AI5 -> 22
A6: Catarina Ferreira | B6: FERREIRA, CATARINA | C6: F | D6: F | E6: P06 | F6: P06 | G6: P06 | H6: P06 | I6: F | J6: F | K6: U | L6: H | M6: U | N6: U | O6: F | P6: F | Q6: P06 | R6: P06 | S6: P06 | T6: P06 | U6: P07 | V6: F | W6: F | X6: P14 | Y6: P14 | Z6: P14 | AA6: F | AB6: F | AC6: P22 | AD6: P22 | AE6: P22 | AF6: P22 | AH6: =VLOOKUP(B6,'MAY25'!$B:$AK,36,0) -> 16 | AI6: =COUNTIF(C6:AF6,"U") -> 3 | AJ6: =AH6-AI6 -> 13
A7: João Santos Silva | B7: SANTOS SILVA, JOAO | C7: P06 | D7: P06 | E7: F | F7: F | G7: P14 | H7: P14 | I7: P14 | J7: P14 | K7: F | L7: B | M7: B* | N7: P06 | O7: P06 | P7: F | Q7: F | R7: F | S7: U | T7: U | U7: H | V7: U | W7: F | X7: F | Y7: U | Z7: H | AA7: P14 | AB7: P14 | AC7: P11 | AD7: F | AE7: F | AF7: P06 | AH7: =VLOOKUP(B7,'MAY25'!$B:$AK,36,0) -> 10 | AI7: =COUNTIF(C7:AF7,"U") -> 4 | AJ7: =AH7-AI7 -> 6
A8: Ana Magalhães | B8: MAGALHAES, ANA CATARINA | C8: F | D8: F | E8: F | F8: P06 | G8: P06 | H8: P06 | I8: F | J8: F | K8: P14 | L8: P14 | M8: P14 | N8: P14 | O8: F | P8: P06 | Q8: P06 | R8: P06 | S8: P06 | T8: U | U8: F | V8: F | W8: P14 | X8: P14 | Y8: P14 | Z8: P14 | AA8: F | AB8: F | AC8: P06 | AD8: P06 | AE8: P06 | AF8: P06 | AH8: =VLOOKUP(B8,'MAY25'!$B:$AK,36,0) -> 18 | AI8: =COUNTIF(C8:AF8,"U") -> 1 | AJ8: =AH8-AI8 -> 17
A9: Jorge Gonçalves | B9: GONCALVES, JORGE | C9: P14 | D9: P14 | E9: P14 | F9: P14 | G9: F | H9: F | I9: P14 | J9: P14 | K9: P14 | L9: P14 | M9: F | N9: F | O9: P06 | P9: P06 | Q9: P06 | R9: P06 | S9: F | T9: F | U9: P14 | V9: P14 | W9: P14 | X9: P14 | Y9: F | Z9: F | AA9: P06 | AB9: P06 | AC9: P06 | AD9: P06 | AE9: F | AF9: F | AH9: =VLOOKUP(B9,'MAY25'!$B:$AK,36,0) -> 10 | AI9: =COUNTIF(C9:AF9,"U") -> 0 | AJ9: =AH9-AI9 -> 10
A10: Catarina Pereira | B10: PEREIRA, CATARINA | C10: P06 | D10: P06 | E10: F | F10: F | G10: P06 | H10: P06 | I10: P06 | J10: P06 | K10: F | L10: F | M10: U | N10: U | O10: U | P10: U | Q10: F | R10: F | S10: P14 | T10: P14 | U10: P14 | V10: P14 | W10: F | X10: P06 | Y10: P06 | Z10: P06 | AA10: P06 | AB10: F | AC10: F | AD10: F | AE10: P14 | AF10: P14 | AH10: =VLOOKUP(B10,'MAY25'!$B:$AK,36,0) -> 17 | AI10: =COUNTIF(C10:AF10,"U") -> 4 | AJ10: =AH10-AI10 -> 13
A11: Sara Medeiros | B11: MEDEIROS, SARA | C11: F | D11: F | E11: P14 | F11: P14 | G11: P14 | H11: P14 | I11: F | J11: F | K11: P06 | L11: P06 | M11: P06 | N11: P06 | O11: F | P11: F | Q11: P14 | R11: P14 | S11: P14 | T11: P14 | U11: F | V11: F | W11: P22 | X11: P22 | Y11: P22 | Z11: P22 | AA11: F | AB11: F | AC11: P14 | AD11: P14 | AE11: P11 | AF11: U | AH11: =VLOOKUP(B11,'MAY25'!$B:$AK,36,0) -> 18 | AI11: =COUNTIF(C11:AF11,"U") -> 1 | AJ11: =AH11-AI11 -> 17
A12: Catia Martins | B12: MARTINS, CATIA | C12: P14 | D12: P14 | E12: P14 | F12: P14 | G12: F | H12: F | I12: P06 | J12: P06 | K12: P06 | L12: P06 | M12: F | N12: F | O12: P14 | P12: P14 | Q12: P14 | R12: P14 | S12: F | T12: F | U12: P06 | V12: P06 | W12: P06 | X12: P06 | Y12: F | Z12: F | AA12: P14 | AB12: P14 | AC12: P14 | AD12: P14 | AE12: F | AF12: F | AH12: =VLOOKUP(B12,'MAY25'!$B:$AK,36,0) -> 7 | AI12: =COUNTIF(C12:AF12,"U") -> 0 | AJ12: =AH12-AI12 -> 7
A14: Cgsupport
A15: Marcos Costa | B15: COSTA, MARCOS FELIPE | C15: F | D15: P06 | E15: P06 | F15: P06 | G15: P06 | H15: P06 | I15: F | J15: F | K15: P14 | L15: P14 | M15: P14 | N15: P14 | O15: F | P15: F | Q15: U | R15: U | S15: U | T15: U | U15: F | V15: F | W15: U | X15: U | Y15: U | Z15: H | AA15: F | AB15: F | AC15: U | AD15: U | AE15: P14 | AF15: P14 | AH15: =VLOOKUP(B15,'MAY25'!$B:$AK,36,0) -> 17 | AI15: =COUNTIF(C15:AF15,"U") -> 9 | AJ15: =AH15-AI15 -> 8
A16: Tassiana Bastos | B16: BASTOS, TASSIANA | C16: P14 | D16: P14 | E16: F | F16: F | G16: P14 | H16: P14 | I16: P14 | J16: P14 | K16: F | L16: F | M16: P08 | N16: P08 | O16: P14 | P16: P14 | Q16: F | R16: F | S16: P14 | T16: P14 | U16: P14 | V16: P14 | W16: F | X16: F | Y16: P14 | Z16: P14 | AA16: P14 | AB16: P14 | AC16: F | AD16: F | AE16: P14 | AF16: P14 | AH16: =VLOOKUP(B16,'MAY25'!$B:$AK,36,0) -> 21 | AI16: =COUNTIF(C16:AF16,"U") -> 0 | AJ16: =AH16-AI16 -> 21
A17: Tatiana Monteiro | B17: MONTEIRO, TATIANA | C17: P14 | D17: P14 | E17: F | F17: F | G17: P06 | H17: P06 | I17: P06 | J17: P06 | K17: F | L17: F | M17: P06 | N17: P06 | O17: P06 | P17: P06 | Q17: F | R17: F | S17: P06 | T17: P06 | U17: P06 | V17: P06 | W17: F | X17: F | Y17: P06 | Z17: P06 | AA17: P06 | AB17: P06 | AC17: F | AD17: F | AE17: P06 | AF17: P06 | AH17: =VLOOKUP(B17,'MAY25'!$B:$AK,36,0) -> 22 | AI17: =COUNTIF(C17:AF17,"U") -> 0 | AJ17: =AH17-AI17 -> 22
A18: Raquel Teixeira | B18: TEIXEIRA, RAQUEL | C18: U | D18: P06 | E18: P14 | F18: P14 | G18: F | H18: F | I18: F | J18: P14 | K18: P14 | L18: P11 | M18: F | N18: F | O18: P09 | P18: P11 | Q18: P11 | R18: P09 | S18: P09 | T18: F | U18: FINJ | V18: P11 | W18: P11 | X18: P11 | Y18: F | Z18: F | AA18: P14 | AB18: P14 | AC18: P14 | AD18: P14 | AE18: F | AF18: F | AH18: =VLOOKUP(B18,'MAY25'!$B:$AK,36,0) -> 21 | AI18: =COUNTIF(C18:AF18,"U") -> 1 | AJ18: =AH18-AI18 -> 20
A20: INAD HUBs RST
A21: Cristiana Ferreira | B21: FERREIRA, CRISTIANA MARGARIDA | C21: F | D21: P08 | E21: P08/ | F21: P08/ | G21: P08/ | H21: P08/ | I21: F | J21: F | K21: K6 | L21: K6 | M21: K6 | N21: K6 | O21: K6 | P21: K6 | Q21: K6 | R21: K6 | S21: K6 | T21: K6 | U21: K6 | V21: K6 | W21: K6 | X21: K6 | Y21: K6 | Z21: K6 | AA21: K6 | AB21: K6 | AC21: K6 | AD21: K6 | AE21: K6 | AF21: K6 | AH21: =VLOOKUP(B21,'MAY25'!$B:$AK,36,0) -> 15 | AI21: =COUNTIF(C21:AF21,"U") -> 0 | AJ21: =AH21-AI21 -> 15
A22: Tiago Abreu | B22: ABREU, TIAGO | C22: P06 | D22: F | E22: P14 | F22: P14 | G22: P14 | H22: P14 | I22: F | J22: F | K22: P14 | L22: P14 | M22: P14 | N22: P11 | O22: F | P22: F | Q22: P14 | R22: P14 | S22: P11 | T22: P14 | U22: F | V22: F | W22: P14 | X22: P14 | Y22: U | Z22: H | AA22: F | AB22: F | AC22: P14 | AD22: FINJ | AE22: P14 | AF22: P14 | AH22: =VLOOKUP(B22,'MAY25'!$B:$AK,36,0) -> 12 | AI22: =COUNTIF(C22:AF22,"U") -> 1 | AJ22: =AH22-AI22 -> 11
A23: Maria Burca | B23: BURCA, MARIA | C23: F | D23: U | E23: U | F23: U | G23: U | H23: F | I23: P06 | J23: P06 | K23: P06 | L23: P06 | M23: F | N23: F | O23: P06 | P23: P06 | Q23: P06 | R23: P06 | S23: F | T23: F | U23: P06 | V23: P06 | W23: P06 | X23: P06 | Y23: F | Z23: F | AA23: P06 | AB23: P06 | AC23: P06 | AD23: P06 | AE23: F | AF23: F | AH23: =VLOOKUP(B23,'MAY25'!$B:$AK,36,0) -> 11 | AI23: =COUNTIF(C23:AF23,"U") -> 4 | AJ23: =AH23-AI23 -> 7
A24: Catarina Mendes | B24: MENDES, CATARINA | C24: F | D24: P09 | E24: P09 | F24: K | G24: K | H24: K | I24: F | J24: U | K24: U | L24: H | M24: U | N24: U | O24: U | P24: F | Q24: F | R24: U | S24: U | T24: U | U24: H | V24: U | W24: F | X24: F | Y24: U | Z24: P09 | AA24: P08/ | AB24: K1 | AC24: P08/ | AD24: F | AE24: F | AF24: P09 | AH24: =VLOOKUP(B24,'MAY25'!$B:$AK,36,0) -> 17 | AI24: =COUNTIF(C24:AF24,"U") -> 10 | AJ24: =AH24-AI24 -> 7
A25: Barbara Martins | B25: MARTINS, BARBARA | C25: F | D25: F | E25: P06 | F25: P06 | G25: P06 | H25: P06 | I25: F | J25: F | K25: P06 | L25: P06 | M25: P06 | N25: P06 | O25: F | P25: F | Q25: P06 | R25: P06 | S25: P06 | T25: P06 | U25: F | V25: F | W25: P06 | X25: P06 | Y25: P06 | Z25: P06 | AA25: F | AB25: F | AC25: P06 | AD25: P06 | AE25: P06 | AF25: P06 | AH25: =VLOOKUP(B25,'MAY25'!$B:$AK,36,0) -> 16 | AI25: =COUNTIF(C25:AF25,"U") -> 0 | AJ25: =AH25-AI25 -> 16
A27: RST Team
A28: Diana Salome Sousa | B28: SOUSA, DIANA SALOME | C28: P22 | D28: P22 | E28: F | F28: F | G28: P14 | H28: P14 | I28: P14 | J28: P14 | AH28: =VLOOKUP(B28,'MAY25'!$B:$AK,36,0) -> 15 | AI28: =COUNTIF(C28:AF28,"U") -> 0 | AJ28: =AH28-AI28 -> 15
A29: Ricardo Medeiros | B29: MEDEIROS, RICARDO | C29: F | D29: F | E29: P22 | F29: P22 | G29: P22 | H29: P22 | I29: F | J29: F | K29: P14 | L29: P14 | M29: P14 | N29: P14 | O29: F | P29: F | Q29: U | R29: U | S29: U | T29: U | U29: F | V29: F | W29: P06 | X29: P06 | Y29: P06 | Z29: P06 | AA29: F | AB29: F | AC29: P06 | AD29: P06 | AE29: P06 | AF29: P06 | AH29: =VLOOKUP(B29,'MAY25'!$B:$AK,36,0) -> 20 | AI29: =COUNTIF(C29:AF29,"U") -> 4 | AJ29: =AH29-AI29 -> 16
A30: Ricardo Bessa | B30: BESSA, RICARDO | C30: FINJ | D30: P06 | E30: P06 | F30: F | G30: F | H30: F | I30: P22 | J30: P22 | K30: P22 | L30: P22 | M30: F | N30: F | O30: P14 | P30: P14 | Q30: P14 | R30: P14 | S30: F | T30: F | U30: H | V30: U | W30: U | X30: U | Y30: F | Z30: F | AA30: P14 | AB30: P14 | AC30: P14 | AD30: P14 | AE30: F | AF30: F | AH30: =VLOOKUP(B30,'MAY25'!$B:$AK,36,0) -> 17 | AI30: =COUNTIF(C30:AF30,"U") -> 3 | AJ30: =AH30-AI30 -> 14
A31: Samuel Neves | B31: NEVES, SAMUEL | C31: P14 | D31: P14 | E31: F | F31: F | G31: P14 | H31: P14 | I31: P14 | J31: P14 | K31: F | L31: F | M31: P06 | N31: P06 | O31: P06 | P31: P06 | Q31: F | R31: F | S31: P14 | T31: P14 | U31: P14 | V31: P14 | W31: F | X31: F | Y31: P06 | Z31: P06 | AA31: P06 | AB31: P06 | AC31: F | AD31: F | AE31: P14 | AF31: P14 | AH31: =VLOOKUP(B31,'MAY25'!$B:$AK,36,0) -> 11 | AI31: =COUNTIF(C31:AF31,"U") -> 0 | AJ31: =AH31-AI31 -> 11
A32: Carlos Carvalhais | B32: CARVALHAIS, CARLOS | C32: F | D32: F | E32: TR P08 | F32: TR P08 | G32: TR P08 | H32: P14 | I32: F | J32: F | K32: P06 | L32: P06 | M32: P06 | N32: P06 | O32: F | P32: F | Q32: P22 | R32: P22 | S32: P22 | T32: P22 | U32: F | V32: F | W32: P14 | X32: P14 | Y32: P14 | Z32: P14 | AA32: F | AB32: F | AC32: P06 | AD32: P06 | AE32: P06 | AF32: P06 | AH32: =VLOOKUP(B32,'MAY25'!$B:$AK,36,0) -> 8 | AI32: =COUNTIF(C32:AF32,"U") -> 0 | AJ32: =AH32-AI32 -> 8
A33: Alefe Sobral | B33: SOBRAL, ALEFE | C33: P06 | D33: TR P08 | E33: TR P08 | F33: TR P08 | G33: F | H33: F | I33: U | J33: U | K33: U | L33: H | M33: F | N33: F | O33: U | P33: U | Q33: P14 | R33: P14 | S33: F | T33: F | U33: P22 | V33: P22 | W33: P22 | X33: P22 | Y33: F | Z33: F | AA33: F | AB33: P14 | AC33: P14 | AD33: P14 | AE33: F | AF33: P06 | AH33: =VLOOKUP(B33,'MAY25'!$B:$AK,36,0) -> 10 | AI33: =COUNTIF(C33:AF33,"U") -> 5 | AJ33: =AH33-AI33 -> 5
A34: Jose Alves | B34: ALVES, JOSE | C34: P14 | D34: P14 | E34: P14 | F34: F | G34: P06 | H34: P06 | I34: P06 | J34: P06 | K34: F | L34: F | M34: P14 | N34: P14 | O34: P14 | P34: P14 | Q34: F | R34: F | S34: P06 | T34: P06 | U34: P06 | V34: P06 | W34: F | X34: F | Y34: P22 | Z34: P22 | AA34: P22 | AB34: P22 | AC34: F | AD34: F | AE34: P14 | AF34: P14 | AH34: =VLOOKUP(B34,'MAY25'!$B:$AK,36,0) -> 22 | AI34: =COUNTIF(C34:AF34,"U") -> 0 | AJ34: =AH34-AI34 -> 22
A35: Ines Pilre | B35: PILRE, INES | C35: F | D35: F | E35: APT | F35: APT | G35: APT | H35: APT | I35: APT | J35: APT | K35: APT | L35: APT | M35: APT | N35: APT | O35: APT | P35: APT | Q35: APT | R35: APT | S35: APT | T35: APT | U35: APT | V35: APT | W35: APT | X35: APT | Y35: APT | Z35: APT | AA35: APT | AB35: APT | AC35: APT | AD35: APT | AE35: APT | AF35: APT | AH35: =VLOOKUP(B35,'MAY25'!$B:$AK,36,0) -> 18 | AI35: =COUNTIF(C35:AF35,"U") -> 0 | AJ35: =AH35-AI35 -> 18
A36: Bruna Lima | B36: LIMA, BRUNA | C36: P22 | D36: P22 | E36: P22 | F36: P22 | G36: F | H36: F | I36: P14 | J36: P14 | K36: P14 | L36: P14 | M36: F | N36: F | O36: P06 | P36: P06 | Q36: P06 | R36: P06 | S36: F | T36: F | U36: P14 | V36: P14 | W36: P14 | X36: P14 | Y36: F | Z36: F | AA36: U | AB36: P06 | AC36: P06 | AD36: P06 | AE36: F | AF36: F | AH36: =VLOOKUP(B36,'MAY25'!$B:$AK,36,0) -> 21 | AI36: =COUNTIF(C36:AF36,"U") -> 1 | AJ36: =AH36-AI36 -> 20
A37: Gonçalo Pereira | B37: PEREIRA, GONCALO | C37: P06 | D37: E | E37: F | F37: F | G37: P22 | H37: E | I37: P22 | J37: P22 | K37: F | L37: F | M37: P14 | N37: P14 | O37: P14 | P37: F | Q37: F | R37: P06 | S37: P06 | T37: P06 | U37: P06 | V37: P06 | W37: F | X37: F | Y37: P14 | Z37: P14 | AA37: P14 | AB37: P14 | AC37: F | AD37: F | AE37: P06 | AF37: P06 | AH37: =VLOOKUP(B37,'MAY25'!$B:$AK,36,0) -> 10 | AI37: =COUNTIF(C37:AF37,"U") -> 0 | AJ37: =AH37-AI37 -> 10
A38: Joana Pinheiro | B38: PINHEIRO, JOANA | C38: F | D38: F | E38: P06 | F38: P06 | G38: P06 | H38: P06 | I38: F | J38: F | K38: P22 | L38: P22 | M38: P22 | N38: P22 | O38: F | P38: F | Q38: U | R38: U | S38: P14 | T38: P14 | U38: F | V38: F | W38: P06 | X38: P06 | Y38: P06 | Z38: P06 | AA38: F | AB38: F | AC38: P14 | AD38: P14 | AE38: P14 | AF38: P14 | AH38: =VLOOKUP(B38,'MAY25'!$B:$AK,36,0) -> 17 | AI38: =COUNTIF(C38:AF38,"U") -> 2 | AJ38: =AH38-AI38 -> 15
A39: Inês Coelho | B39: COELHO, INES | C39: P14 | D39: P14 | E39: P14 | F39: P14 | G39: F | H39: F | I39: P06 | J39: P06 | K39: P06 | L39: P06 | M39: F | N39: F | O39: P22 | P39: P22 | Q39: P22 | R39: P22 | S39: F | T39: F | U39: P14 | V39: P14 | W39: P14 | X39: P14 | Y39: F | Z39: F | AA39: P06 | AB39: P06 | AC39: P06 | AD39: P06 | AE39: F | AF39: F | AH39: =VLOOKUP(B39,'MAY25'!$B:$AK,36,0) -> 14 | AI39: =COUNTIF(C39:AF39,"U") -> 0 | AJ39: =AH39-AI39 -> 14
A40: Ivo Latourrette | B40: LATOURRETTE, IVO | C40: APT | D40: APT | E40: APT | F40: APT | G40: APT | H40: APT | I40: APT | J40: APT | K40: APT | L40: APT | M40: APT | N40: APT | O40: APT | P40: APT | Q40: APT | R40: APT | S40: APT | T40: APT | U40: APT | V40: APT | W40: APT | X40: APT | Y40: APT | Z40: APT | AA40: APT | AB40: APT | AC40: APT | AD40: APT | AE40: APT | AF40: APT | AH40: =VLOOKUP(B40,'MAY25'!$B:$AK,36,0) -> 11 | AI40: =COUNTIF(C40:AF40,"U") -> 0 | AJ40: =AH40-AI40 -> 11
A41: Catia Neves | B41: NEVES, CATIA | C41: F | D41: TR P08 | E41: TR P08 | F41: TR P08 | G41: F | H41: F | I41: U | J41: P06 | K41: P06 | L41: P06 | M41: F | N41: P14 | O41: U | P41: P14 | Q41: P14 | R41: F | S41: F | T41: P06 | U41: P06 | V41: P06 | W41: P06 | X41: F | Y41: F | Z41: P14 | AA41: P14 | AB41: P14 | AC41: P14 | AD41: F | AE41: F | AF41: P06 | AH41: =VLOOKUP(B41,'MAY25'!$B:$AK,36,0) -> 22 | AI41: =COUNTIF(C41:AF41,"U") -> 2 | AJ41: =AH41-AI41 -> 20
A43: Hubs Services Team
A44: Carla Ferreira | B44: FERREIRA, CARLA | C44: F | D44: P07/ | E44: P07/ | F44: P07/ | G44: P07/ | H44: P07/ | I44: F | J44: F | K44: P06 | L44: P06 | M44: P06 | N44: P06 | O44: P06 | P44: F | Q44: F | R44: P14 | S44: P14 | T44: P14 | U44: P14 | V44: F | W44: F | X44: U | Y44: U | Z44: H | AA44: U | AB44: F | AC44: F | AD44: U | AE44: U | AF44: U | AH44: =VLOOKUP(B44,'MAY25'!$B:$AK,36,0) -> 21 | AI44: =COUNTIF(C44:AF44,"U") -> 6 | AJ44: =AH44-AI44 -> 15
A45: Rafael Medina | B45: MEDINA, RAFAEL | C45: F | D45: P06 | E45: TR P08 | F45: TR P08 | G45: TR P08 | H45: F | I45: F | J45: P14 | K45: P14 | L45: P14 | M45: P14 | N45: F | O45: F | P45: P06 | Q45: P06 | R45: P06 | S45: B | T45: F | U45: F | V45: U | W45: U | X45: U | Y45: U | Z45: F | AA45: F | AB45: P06 | AC45: P06 | AD45: P06 | AE45: P06 | AF45: F | AH45: =VLOOKUP(B45,'MAY25'!$B:$AK,36,0) -> 19 | AI45: =COUNTIF(C45:AF45,"U") -> 4 | AJ45: =AH45-AI45 -> 15
A46: Barbara Pereira | B46: PEREIRA, BARBARA | C46: F | D46: P09 | E46: P10 | F46: P10 | G46: P10 | H46: F | I46: F | J46: P22 | K46: P22 | L46: P22 | M46: P22 | N46: F | O46: F | P46: P14 | Q46: P14 | R46: P14 | S46: P14 | T46: F | U46: F | V46: P06 | W46: P06 | X46: P06 | Y46: P06 | Z46: F | AA46: F | AB46: P14 | AC46: P14 | AD46: P14 | AE46: P14 | AF46: F | AH46: =VLOOKUP(B46,'MAY25'!$B:$AK,36,0) -> 17 | AI46: =COUNTIF(C46:AF46,"U") -> 0 | AJ46: =AH46-AI46 -> 17
A47: Nicole Souza | B47: SOUZA, NICOLE | C47: P06 | D47: P06 | E47: P06 | F47: F | G47: F | H47: P14 | I47: P14 | J47: P14 | K47: P14 | L47: F | M47: F | N47: P06 | O47: H05 | P47: H05 | Q47: H05 | R47: F | S47: F | T47: P13 | U47: P13 | V47: P13 | W47: P14 | X47: F | Y47: F | Z47: P06 | AA47: P06 | AB47: P06 | AC47: P06 | AD47: F | AE47: F | AF47: P14 | AH47: =VLOOKUP(B47,'MAY25'!$B:$AK,36,0) -> 16 | AI47: =COUNTIF(C47:AF47,"U") -> 0 | AJ47: =AH47-AI47 -> 16
A48: Josue Fula | B48: FULA, JOSUE | C48: P14 | D48: F | E48: F | F48: P06 | G48: P06 | H48: P06 | I48: P06 | J48: F | K48: F | L48: P10 | M48: P10 | N48: P10 | O48: P10 | P48: F | Q48: F | R48: P22 | S48: P22 | T48: P22 | U48: P22 | V48: F | W48: F | X48: U | Y48: P14 | Z48: P14 | AA48: P14 | AB48: F | AC48: F | AD48: P06 | AE48: P06 | AF48: P06 | AH48: =VLOOKUP(B48,'MAY25'!$B:$AK,36,0) -> 22 | AI48: =COUNTIF(C48:AF48,"U") -> 1 | AJ48: =AH48-AI48 -> 21
A49: Dulani Monteiro | B49: MONTEIRO, DULANI | C49: F | D49: P14 | E49: P14 | F49: P14 | G49: P14 | H49: F | I49: F | J49: P06 | K49: P06 | L49: P06 | M49: P06 | N49: F | O49: F | P49: P14 | Q49: P14 | R49: P14 | S49: P14 | T49: F | U49: F | V49: P06 | W49: P06 | X49: P06 | Y49: U | Z49: F | AA49: F | AB49: U | AC49: U | AD49: U | AE49: U | AF49: F | AH49: =VLOOKUP(B49,'MAY25'!$B:$AK,36,0) -> 13 | AI49: =COUNTIF(C49:AF49,"U") -> 5 | AJ49: =AH49-AI49 -> 8
A50: Jessica Martins | B50: MARTINS, JESSICA | C50: U | D50: U | E50: U | F50: F | G50: F | H50: P14 | I50: P14 | J50: P14 | K50: P14 | L50: F | M50: F | N50: P06 | O50: P06 | P50: P06 | Q50: P06 | R50: F | S50: F | T50: P10 | U50: P10 | V50: P10 | W50: P10 | X50: F | Y50: F | Z50: P22 | AA50: P22 | AB50: P22 | AC50: P22 | AD50: F | AE50: F | AF50: P14 | AH50: =VLOOKUP(B50,'MAY25'!$B:$AK,36,0) -> 6 | AI50: =COUNTIF(C50:AF50,"U") -> 3 | AJ50: =AH50-AI50 -> 3
A51: Raquel Oliveira | B51: OLIVEIRA, RAQUEL ALEXANDRA | C51: F | D51: P14 | E51: P14 | F51: P14 | G51: P14 | H51: F | I51: F | J51: P06 | K51: P06 | L51: P06 | M51: P06 | N51: F | O51: F | P51: P14 | Q51: P14 | R51: P14 | S51: P13 | T51: F | U51: F | V51: P06 | W51: P06 | X51: P06 | Y51: P06 | Z51: F | AA51: F | AB51: U | AC51: P10 | AD51: P10 | AE51: P10 | AF51: F | AH51: =VLOOKUP(B51,'MAY25'!$B:$AK,36,0) -> 11 | AI51: =COUNTIF(C51:AF51,"U") -> 1 | AJ51: =AH51-AI51 -> 10
A52: Jose Borges | B52: BORGES, JOSE | C52: K | D52: K | E52: P22 | F52: F | G52: F | H52: P14 | I52: P11 | J52: P14 | K52: P14 | L52: F | M52: F | N52: P06 | O52: P06 | P52: P06 | Q52: P06 | R52: F | S52: F | T52: P14 | U52: P14 | V52: P14 | W52: P14 | X52: P14 | Y52: F | Z52: F | AA52: P06 | AB52: P06 | AC52: P06 | AD52: F | AE52: F | AF52: P10 | AH52: =VLOOKUP(B52,'MAY25'!$B:$AK,36,0) -> 19 | AI52: =COUNTIF(C52:AF52,"U") -> 0 | AJ52: =AH52-AI52 -> 19
A54: P06 | C54: =COUNTIF(C28:C52,$A$54) -> 3 | D54: =COUNTIF(D5:D52,$A$54) -> 7 | E54: =COUNTIF(E5:E52,$A$54) -> 6 | F54: =COUNTIF(F5:F52,$A$54) -> 6 | G54: =COUNTIF(G5:G52,$A$54) -> 9 | H54: =COUNTIF(H5:H52,$A$54) -> 9 | I54: =COUNTIF(I5:I52,$A$54) -> 7 | J54: =COUNTIF(J5:J52,$A$54) -> 9 | K54: =COUNTIF(K5:K52,$A$54) -> 10 | ... AF54: =COUNTIF(AF5:AF52,$A$54) -> 10
A55: P10 | C55: =COUNTIF(C46:C52,$A$55) -> 0 | D55: =COUNTIF(D46:D52,$A$55) -> 0 | E55: =COUNTIF(E46:E52,$A$55) -> 1 | F55: =COUNTIF(F46:F52,$A$55) -> 1 | G55: =COUNTIF(G46:G52,$A$55) -> 1 | H55: =COUNTIF(H46:H52,$A$55) -> 0 | I55: =COUNTIF(I46:I52,$A$55) -> 0 | J55: =COUNTIF(J46:J52,$A$55) -> 0 | ... AF55: =COUNTIF(AF46:AF52,$A$55) -> 1
A56: P14 | C56: =COUNTIF(C28:C52,"P14") -> 4 | D56: =COUNTIF(D5:D52,"P14")+COUNTIF(D5:D52,"P14EW") -> 9 | E56: =COUNTIF(E5:E52,"P14")+COUNTIF(E5:E52,"P14EW") -> 9 | F56: =COUNTIF(F5:F52,"P14")+COUNTIF(F5:F52,"P14EW") -> 8 | G56: =COUNTIF(G5:G52,"P14")+COUNTIF(G5:G52,"P14EW") -> 8 | H56: =COUNTIF(H5:H52,"P14")+COUNTIF(H5:H52,"P14EW") -> 10 | I56: =COUNTIF(I5:I52,"P14")+COUNTIF(I5:I52,"P14EW") -> 8 | J56: =COUNTIF(J5:J52,"P14")+COUNTIF(J5:J52,"P14EW") -> 11 | K56: =COUNTIF(K5:K52,"P14")+COUNTIF(K5:K52,"P14EW") -> 11 | ... AF56: =COUNTIF(AF5:AF52,"P14")+COUNTIF(AF5:AF52,"P14EW") -> 9
A57: P22 | C57: =COUNTIF(C6:C52,$A$57) -> 2 | D57: =COUNTIF(D6:D52,$A$57) -> 2 | E57: =COUNTIF(E6:E52,$A$57) -> 3 | F57: =COUNTIF(F6:F52,$A$57) -> 2 | G57: =COUNTIF(G6:G52,$A$57) -> 2 | H57: =COUNTIF(H6:H52,$A$57) -> 1 | I57: =COUNTIF(I6:I52,$A$57) -> 2 | J57: =COUNTIF(J6:J52,$A$57) -> 3 | ... AF57: =COUNTIF(AF6:AF52,$A$57) -> 1
A59: LHX & Catering
A60: Ana Telma Carvalho | B60: CARVALHO, ANA | C60: H05 | D60: H05 | E60: H05 | F60: F | G60: F | H60: P13 | I60: P13 | J60: P13 | K60: P13 | L60: F | M60: F | N60: F | O60: U | P60: U | Q60: U | R60: F | S60: F | T60: U | U60: H | V60: U | W60: P13 | X60: F | Y60: F | Z60: H05 | AA60: H05 | AB60: H05 | AC60: H05 | AD60: P13 | AE60: F | AF60: P13 | AH60: =VLOOKUP(B60,'MAY25'!$B:$AK,36,0) -> 18 | AI60: =COUNTIF(C60:AF60,"U") -> 5 | AJ60: =AH60-AI60 -> 13
A61: Catia Craveiro | B61: CRAVEIRO, CATIA | C61: F | D61: P13 | E61: P13 | F61: P13 | G61: P13 | H61: F | I61: F | J61: H05 | K61: H05 | L61: H05 | M61: H05 | N61: H05 | O61: F | P61: P13 | Q61: P13 | R61: P13 | S61: P13 | T61: F | U61: F | V61: H05 | W61: H05 | X61: H05 | Y61: H05 | Z61: F | AA61: F | AB61: P13 | AC61: P13 | AD61: F | AE61: P13 | AF61: F | AH61: =VLOOKUP(B61,'MAY25'!$B:$AK,36,0) -> 12 | AI61: =COUNTIF(C61:AF61,"U") -> 0 | AJ61: =AH61-AI61 -> 12
A62: Rui Roza | B62: ROZA, RUI | C62: P13 | D62: F | E62: F | F62: P05 | G62: P05 | H62: P05 | I62: P05 | J62: F | K62: F | L62: P13 | M62: P13 | N62: P13 | O62: P13 | P62: F | Q62: F | R62: P05 | S62: P05 | T62: P05 | U62: P05 | V62: F | W62: F | X62: P13 | Y62: P13 | Z62: P13 | AA62: P13 | AB62: F | AC62: F | AD62: P05 | AE62: P05 | AF62: P05 | AH62: 17 | AI62: =COUNTIF(C62:AF62,"U") -> 0 | AJ62: =AH62-AI62 -> 17
A63: Jessica Santos | B63: SANTOS, JESSICA | C63: K | D63: K | E63: K | F63: K | G63: K | H63: K | I63: K | J63: K | K63: K | L63: K | M63: K | N63: K | O63: K | P63: K | Q63: K | R63: K | S63: K | T63: K | U63: K | V63: K | W63: K | X63: K | Y63: K | Z63: K | AA63: K | AB63: K | AC63: K | AD63: K | AE63: K | AF63: K | AH63: =VLOOKUP(B63,'MAY25'!$B:$AK,36,0) -> 19
A64: Maria Vitoria Almeida | B64: ALMEIDA, MARIA VITORIA | C64: APT | D64: APT | E64: APT | F64: APT | G64: APT | H64: APT | I64: APT | J64: APT | K64: APT | L64: APT | M64: APT | N64: APT | O64: APT | P64: APT | Q64: APT | R64: APT | S64: APT | T64: APT | U64: APT | V64: APT | W64: APT | X64: APT | Y64: APT | Z64: APT | AA64: APT | AB64: APT | AC64: APT | AD64: APT | AE64: APT | AF64: APT | AH64: =VLOOKUP(B64,'MAY25'!$B:$AK,36,0) -> 22 | AI64: =COUNTIF(C64:AF64,"U") -> 0 | AJ64: =AH64-AI64 -> 22
A66: H05 | C66: =COUNTIF(C46:C52,$A$66)+COUNTIF(C60:C64,$A$66) -> 1 | D66: =COUNTIF(D46:D52,$A$66)+COUNTIF(D60:D64,$A$66) -> 1 | E66: =COUNTIF(E46:E52,$A$66)+COUNTIF(E60:E64,$A$66) -> 1 | F66: =COUNTIF(F46:F52,$A$66)+COUNTIF(F60:F64,$A$66) -> 0 | G66: =COUNTIF(G46:G52,$A$66)+COUNTIF(G60:G64,$A$66) -> 0 | H66: =COUNTIF(H46:H52,$A$66)+COUNTIF(H60:H64,$A$66) -> 0 | I66: =COUNTIF(I46:I52,$A$66)+COUNTIF(I60:I64,$A$66) -> 0 | J66: =COUNTIF(J46:J52,$A$66)+COUNTIF(J60:J64,$A$66) -> 1 | ... AF66: =COUNTIF(AF46:AF52,$A$66)+COUNTIF(AF60:AF64,$A$66) -> 0
A67: P13 | C67: =COUNTIF(C46:C52,$A$67)+COUNTIF(C60:C64,$A$67) -> 1 | D67: =COUNTIF(D46:D52,$A$67)+COUNTIF(D60:D64,$A$67) -> 1 | E67: =COUNTIF(E46:E52,$A$67)+COUNTIF(E60:E64,$A$67) -> 1 | F67: =COUNTIF(F46:F52,$A$67)+COUNTIF(F60:F64,$A$67) -> 1 | G67: =COUNTIF(G46:G52,$A$67)+COUNTIF(G60:G64,$A$67) -> 1 | H67: =COUNTIF(H46:H52,$A$67)+COUNTIF(H60:H64,$A$67) -> 1 | I67: =COUNTIF(I46:I52,$A$67)+COUNTIF(I60:I64,$A$67) -> 1 | J67: =COUNTIF(J46:J52,$A$67)+COUNTIF(J60:J64,$A$67) -> 1 | ... AF67: =COUNTIF(AF46:AF52,$A$67)+COUNTIF(AF60:AF64,$A$67) -> 1

Sheet JUL25
C1: LGSP - Lufthansa Ground Services Portugal NIF : 509 842 593 Atividade: CAE 52230.R3 Sede e local de trabalho: Avenida da Boavista ED.Burgo, 1837 sala 13.1 Horario de Funcionamento: 24/7 IRT: Não Aplicável
A2: Hubs Services | C2: Julho | AI2: Ferias 2025
C3: Ter | D3: Qua | E3: Qui | F3: Sex | G3: Sab | H3: Dom | I3: Seg | J3: Ter | K3: Qua | L3: Qui | M3: Sex | N3: Sab | O3: Dom | P3: Seg | Q3: Ter | R3: Qua | S3: Qui | T3: Sex | U3: Sab | V3: Dom | W3: Seg | X3: Ter | Y3: Qua | Z3: Qui | AA3: Sex | AB3: Sab | AC3: Dom | AD3: Seg | AE3: Ter | AF3: Qua | AG3: Qui | AI3: 2025 | AJ3: Used | AK3: LEFT
A4: NOME | B4: NOME GENESYS | C4: 1 | D4: 2 | E4: 3 | F4: 4 | G4: 5 | H4: 6 | I4: 7 | J4: 8 | K4: 9 | L4: 10 | M4: 11 | N4: 12 | O4: 13 | P4: 14 | Q4: 15 | R4: 16 | S4: 17 | T4: 18 | U4: 19 | V4: 20 | W4: 21 | X4: 22 | Y4: 23 | Z4: 24 | AA4: 25 | AB4: 26 | AC4: 27 | AD4: 28 | AE4: 29 | AF4: 30 | AG4: 31
A5: Diana Reisinho | B5: REISINHO, DIANA | C5: K | D5: K | E5: K | F5: K | G5: K | H5: K | I5: K | J5: K | K5: K | L5: K | M5: K | N5: K | O5: K | P5: K | Q5: K | R5: K | S5: K | T5: K | U5: K | V5: K | W5: K | X5: K | Y5: K | Z5: K | AA5: K | AB5: K | AC5: M | AD5: M | AE5: M | AF5: M | AG5: M | AI5: =VLOOKUP(B5,'JUN25'!B:AJ,35,0) -> 22 | AJ5: =COUNTIF(C5:AG5,"U") -> 0 | AK5: =AI5-AJ5 -> 22
A6: Catarina Ferreira | B6: FERREIRA, CATARINA | C6: F | D6: F | E6: P06 | F6: P06 | G6: P06 | H6: P06 | I6: F | J6: F | K6: P14 | L6: P14 | M6: P14 | N6: P14 | O6: F | P6: F | Q6: P06 | R6: P06 | S6: P06 | T6: P06 | U6: F | V6: F | W6: P14 | X6: P14 | Y6: P14 | Z6: P14 | AA6: F | AB6: F | AC6: P06 | AD6: P06 | AE6: P06 | AF6: P06 | AG6: F | AI6: =VLOOKUP(B6,'JUN25'!B:AJ,35,0) -> 13 | AJ6: =COUNTIF(C6:AG6,"U") -> 0 | AK6: =AI6-AJ6 -> 13
A7: João Santos Silva | B7: SANTOS SILVA, JOAO | C7: P06 | D7: P06 | E7: F | F7: F | G7: P14 | H7: P14 | I7: P14 | J7: P14 | K7: F | L7: F | M7: P06 | N7: P06 | O7: P06 | P7: P06 | Q7: F | R7: F | S7: P22 | T7: P22 | U7: P22 | V7: P22 | W7: P22 | X7: F | Y7: P06 | Z7: P06 | AA7: P14 | AB7: P14 | AC7: F | AD7: F | AE7: P14 | AF7: P14 | AG7: P14 | AI7: =VLOOKUP(B7,'JUN25'!B:AJ,35,0) -> 6 | AJ7: =COUNTIF(C7:AG7,"U") -> 0 | AK7: =AI7-AJ7 -> 6
A8: Ana Magalhães | B8: MAGALHAES, ANA CATARINA | C8: F | D8: F | E8: P06 | F8: P06 | G8: U | H8: U | I8: F | J8: F | K8: P14 | L8: P14 | M8: P14 | N8: P14 | O8: F | P8: F | Q8: P06 | R8: P06 | S8: P06 | T8: P06 | U8: F | V8: F | W8: F | X8: P22 | Y8: P22 | Z8: P22 | AA8: P22 | AB8: F | AC8: F | AD8: P14 | AE8: P14 | AF8: P14 | AG8: F | AI8: =VLOOKUP(B8,'JUN25'!B:AJ,35,0) -> 17 | AJ8: =COUNTIF(C8:AG8,"U") -> 2 | AK8: =AI8-AJ8 -> 15
A9: Jorge Gonçalves | B9: GONCALVES, JORGE | C9: P14 | D9: P14 | E9: P14 | F9: P14 | G9: F | H9: F | I9: P06 | J9: P06 | K9: P06 | L9: P06 | M9: F | N9: F | O9: P14 | P9: P14 | Q9: P14 | R9: P14 | S9: F | T9: F | U9: P06 | V9: P06 | W9: P06 | X9: P06 | Y9: F | Z9: F | AA9: P14 | AB9: P14 | AC9: P14 | AD9: P14 | AE9: F | AF9: F | AG9: P06 | AI9: =VLOOKUP(B9,'JUN25'!B:AJ,35,0) -> 10 | AJ9: =COUNTIF(C9:AG9,"U") -> 0 | AK9: =AI9-AJ9 -> 10
A10: Catarina Pereira | B10: PEREIRA, CATARINA | C10: P14 | D10: P14 | E10: F | F10: F | G10: P06 | H10: P06 | I10: P06 | J10: P06 | K10: F | L10: F | M10: P06 | N10: P06 | O10: P06 | P10: P06 | Q10: F | R10: F | S10: P14 | T10: P14 | U10: P14 | V10: P14 | W10: F | X10: F | Y10: P14 | Z10: P14 | AA10: P10 | AB10: P06 | AC10: F | AD10: F | AE10: P06 | AF10: P06 | AG10: P06 | AI10: =VLOOKUP(B10,'JUN25'!B:AJ,35,0) -> 13 | AJ10: =COUNTIF(C10:AG10,"U") -> 0 | AK10: =AI10-AJ10 -> 13
A11: Sara Medeiros | B11: MEDEIROS, SARA | C11: F | D11: F | E11: P14 | F11: P14 | G11: P14 | H11: P14 | I11: F | J11: F | K11: P06 | L11: P06 | M11: P06 | N11: P06 | O11: F | P11: F | Q11: P14 | R11: P14 | S11: P14 | T11: P14 | U11: F | V11: F | W11: P06 | X11: P06 | Y11: P06 | Z11: P06 | AA11: F | AB11: F | AC11: P22 | AD11: P22 | AE11: P22 | AF11: P22 | AG11: F | AI11: =VLOOKUP(B11,'JUN25'!B:AJ,35,0) -> 17 | AJ11: =COUNTIF(C11:AG11,"U") -> 0 | AK11: =AI11-AJ11 -> 17
A12: Catia Martins | B12: MARTINS, CATIA | C12: P06 | D12: P06 | E12: P06 | F12: P06 | G12: F | H12: F | I12: P14 | J12: P14 | K12: P14 | L12: P14 | M12: F | N12: F | O12: P14 | P12: P14 | Q12: P14 | R12: P14 | S12: F | T12: F | U12: P14 | V12: P14 | W12: P14 | X12: P14 | Y12: F | Z12: F | AA12: P06 | AB12: P06 | AC12: P06 | AD12: P06 | AE12: F | AF12: F | AG12: P14 | AI12: =VLOOKUP(B12,'JUN25'!B:AJ,35,0) -> 7 | AJ12: =COUNTIF(C12:AG12,"U") -> 0 | AK12: =AI12-AJ12 -> 7
A14: Cgsupport
A15: Marcos Costa | B15: COSTA, MARCOS FELIPE | C15: F | D15: F | E15: P14 | F15: FINJ | G15: P14 | H15: P14 | I15: F | J15: F | K15: P14 | L15: P14 | M15: P14 | N15: P14 | O15: F | P15: F | Q15: P14 | R15: P14 | S15: P14 | T15: P14 | U15: F | V15: F | W15: P14 | X15: FINJ | Y15: P14 | Z15: P14 | AA15: F | AB15: F | AC15: P14 | AD15: P14 | AE15: P14 | AF15: P14 | AG15: F | AI15: =VLOOKUP(B15,'JUN25'!B:AJ,35,0) -> 8 | AJ15: =COUNTIF(C15:AG15,"U") -> 0 | AK15: =AI15-AJ15 -> 8
A16: Tassiana Bastos | B16: BASTOS, TASSIANA | C16: F | D16: U | E16: F | F16: F | G16: U | H16: U | I16: U | J16: U | K16: F | L16: F | M16: U | N16: U | O16: U | P16: U | Q16: F | R16: F | S16: P06 | T16: P06 | U16: P06 | V16: P06 | W16: F | X16: F | Y16: P14 | Z16: P14 | AA16: P14 | AB16: P14 | AC16: P14 | AD16: F | AE16: P06 | AF16: P06 | AG16: P14 | AI16: =VLOOKUP(B16,'JUN25'!B:AJ,35,0) -> 21 | AJ16: =COUNTIF(C16:AG16,"U") -> 9 | AK16: =AI16-AJ16 -> 12
A17: Tatiana Monteiro | B17: MONTEIRO, TATIANA | C17: P06 | D17: P06 | E17: F | F17: F | G17: P06 | H17: P06 | I17: P06 | J17: P06 | K17: F | L17: F | M17: P06 | N17: P06 | O17: P06 | P17: P06 | Q17: F | R17: F | S17: U | T17: U | U17: U | V17: U | W17: F | X17: F | Y17: U | Z17: U | AA17: U | AB17: U | AC17: F | AD17: F | AE17: U | AF17: P06 | AG17: P06 | AI17: =VLOOKUP(B17,'JUN25'!B:AJ,35,0) -> 22 | AJ17: =COUNTIF(C17:AG17,"U") -> 9 | AK17: =AI17-AJ17 -> 13
A18: Raquel Teixeira | B18: TEIXEIRA, RAQUEL | C18: P14 | D18: P14 | E18: P14 | F18: P14 | G18: F | H18: F | I18: P14 | J18: P14 | K18: P14 | L18: P14 | M18: F | N18: F | O18: P14 | P18: P14 | Q18: U | R18: F | AI18: =VLOOKUP(B18,'JUN25'!B:AJ,35,0) -> 20 | AJ18: =COUNTIF(C18:AG18,"U") -> 1 | AK18: =AI18-AJ18 -> 19
A20: INAD HUBs RST
A21: Cristiana Ferreira | B21: FERREIRA, CRISTIANA MARGARIDA | C21: K6 | D21: K6 | E21: K6 | F21: K6 | G21: K6 | H21: K6 | I21: K6 | J21: K6 | K21: K6 | L21: K6 | M21: K6 | N21: K6 | O21: K6 | P21: K6 | Q21: K6 | R21: K6 | S21: K6 | T21: K6 | U21: K6 | V21: K6 | W21: K6 | X21: K6 | Y21: K6 | Z21: K6 | AA21: K6 | AB21: K6 | AC21: K6 | AD21: K6 | AE21: K6 | AF21: K6 | AG21: K6 | AI21: =VLOOKUP(B21,'JUN25'!B:AJ,35,0) -> 15 | AJ21: =COUNTIF(C21:AG21,"U") -> 0 | AK21: =AI21-AJ21 -> 15
A22: Mauro Silva | B22: SILVA, MAURO | C22: P08/ | D22: P08/ | E22: P08/ | F22: P08/ | G22: F | H22: F | I22: P08/ | J22: P08/ | K22: P08/ | L22: P08/ | M22: P08/ | N22: F | O22: F | P22: P08/ | Q22: P08/ | R22: P08/ | S22: P08/ | T22: P08/ | U22: F | V22: F | W22: P08/ | X22: P08/ | Y22: P08/ | Z22: P08/ | AA22: P08/ | AB22: F | AC22: F | AD22: B | AE22: U | AF22: U | AG22: U | AJ22: =COUNTIF(C22:AG22,"U") -> 3 | AK22: =AI22-AJ22 -> -3
A23: Tiago Abreu | B23: ABREU, TIAGO | C23: P14 | D23: F | E23: P14 | F23: P14 | G23: P14 | H23: P14 | I23: F | J23: F | K23: P14 | L23: P14 | M23: P14 | N23: P14 | O23: F | P23: F | Q23: P14 | R23: P14 | S23: P14 | T23: P14 | U23: F | V23: F | W23: P14 | X23: P14 | Y23: P14 | Z23: U | AA23: F | AB23: F | AC23: F | AD23: V | AE23: V | AF23: P14 | AG23: F | AI23: =VLOOKUP(B23,'JUN25'!B:AJ,35,0) -> 11 | AJ23: =COUNTIF(C23:AG23,"U") -> 1 | AK23: =AI23-AJ23 -> 10
A24: Maria Burca | B24: BURCA, MARIA | C24: P06 | D24: P06 | E24: P06 | F24: P06 | G24: F | H24: F | I24: P06 | J24: P06 | K24: P06 | L24: P06 | M24: F | N24: F | O24: P06 | P24: P06 | Q24: P06 | R24: P06 | S24: F | T24: F | U24: F | V24: P06 | W24: P06 | X24: P06 | Y24: F | Z24: F | AA24: P06 | AB24: P06 | AC24: P06 | AD24: P06 | AE24: F | AF24: F | AG24: P06 | AI24: =VLOOKUP(B24,'JUN25'!B:AJ,35,0) -> 7 | AJ24: =COUNTIF(C24:AG24,"U") -> 0 | AK24: =AI24-AJ24 -> 7
A25: Catarina Mendes | B25: MENDES, CATARINA | C25: P09 | D25: P08/ | E25: P08/ | F25: P08/ | G25: F | H25: F | I25: U | J25: K | K25: P08/ | L25: P08/ | M25: P08/ | N25: F | O25: F | P25: M | Q25: P09 | R25: P08/ | S25: P08/ | T25: P08/ | U25: F | V25: F | W25: P09 | X25: P09 | Y25: P08/ | Z25: P08/ | AA25: P08/ | AB25: F | AC25: F | AD25: P09 | AE25: P09 | AF25: P08/ | AG25: P08/ | AI25: =VLOOKUP(B25,'JUN25'!B:AJ,35,0) -> 7 | AJ25: =COUNTIF(C25:AG25,"U") -> 1 | AK25: =AI25-AJ25 -> 6
A26: Barbara Martins | B26: MARTINS, BARBARA | C26: F | D26: F | E26: P06 | F26: P06 | G26: P06 | H26: P06 | I26: F | J26: F | K26: P06 | L26: P06 | M26: P06 | N26: P06 | O26: F | P26: F | Q26: P06 | R26: P06 | S26: P06 | T26: P06 | U26: F | V26: F | W26: P06 | X26: P06 | Y26: P06 | Z26: P06 | AA26: F | AB26: F | AC26: P06 | AD26: P06 | AE26: P06 | AF26: P06 | AG26: F | AI26: =VLOOKUP(B26,'JUN25'!B:AJ,35,0) -> 16 | AJ26: =COUNTIF(C26:AG26,"U") -> 0 | AK26: =AI26-AJ26 -> 16
A28: RST Team
A29: Ricardo Medeiros | B29: MEDEIROS, RICARDO | C29: F | D29: F | E29: P22 | F29: P22 | G29: P22 | H29: P22 | I29: F | J29: F | K29: P14 | L29: P14 | M29: P14 | N29: P14 | O29: F | P29: F | Q29: P06 | R29: P06 | S29: P06 | T29: P06 | U29: F | V29: F | W29: P14 | X29: P14 | Y29: P14 | Z29: P14 | AA29: F | AB29: F | AC29: P06 | AD29: P06 | AE29: P06 | AF29: P06 | AG29: F | AI29: =VLOOKUP(B29,'JUN25'!B:AJ,35,0) -> 16 | AJ29: =COUNTIF(C29:AG29,"U") -> 0 | AK29: =AI29-AJ29 -> 16
A30: Ricardo Bessa | B30: BESSA, RICARDO | C30: P06 | D30: P06 | E30: P06 | F30: P06 | G30: F | H30: F | I30: P22 | J30: P22 | K30: P22 | L30: P22 | M30: F | N30: F | O30: P14 | P30: P14 | Q30: P14 | R30: P14 | S30: F | T30: F | U30: U | V30: U | W30: U | X30: U | Y30: F | Z30: F | AA30: P14 | AB30: P14 | AC30: P14 | AD30: P14 | AE30: F | AF30: F | AG30: P14 | AI30: =VLOOKUP(B30,'JUN25'!B:AJ,35,0) -> 14 | AJ30: =COUNTIF(C30:AG30,"U") -> 4 | AK30: =AI30-AJ30 -> 10
A31: Samuel Neves | B31: NEVES, SAMUEL | C31: P14 | D31: P14 | E31: F | F31: F | G31: P06 | H31: P06 | I31: P06 | J31: P06 | K31: F | L31: F | M31: P22 | N31: P22 | O31: P22 | P31: P22 | Q31: F | R31: F | S31: P14 | T31: P14 | U31: P14 | V31: P14 | W31: F | X31: F | Y31: P06 | Z31: P06 | AA31: P06 | AB31: P06 | AC31: F | AD31: F | AE31: P14 | AF31: P14 | AG31: P14 | AI31: =VLOOKUP(B31,'JUN25'!B:AJ,35,0) -> 11 | AJ31: =COUNTIF(C31:AG31,"U") -> 0 | AK31: =AI31-AJ31 -> 11
A32: Carlos Carvalhais | B32: CARVALHAIS, CARLOS | C32: F | D32: F | E32: P14 | F32: P14 | G32: P14 | H32: P14 | I32: F | J32: F | K32: P06 | L32: P06 | M32: P06 | N32: P06 | O32: F | P32: F | Q32: P22 | R32: P22 | S32: P22 | T32: P22 | U32: F | V32: F | W32: U | X32: U | Y32: U | Z32: U | AA32: F | AB32: F | AC32: U | AD32: U | AE32: U | AF32: U | AG32: F | AI32: =VLOOKUP(B32,'JUN25'!B:AJ,35,0) -> 8 | AJ32: =COUNTIF(C32:AG32,"U") -> 8 | AK32: =AI32-AJ32 -> 0
A33: Alefe Sobral | B33: SOBRAL, ALEFE | C33: P06 | D33: P06 | E33: P06 | F33: P06 | G33: F | H33: F | I33: P14 | J33: P14 | K33: P14 | L33: P14 | M33: F | N33: F | O33: P06 | P33: P06 | Q33: P06 | R33: P06 | S33: F | T33: F | U33: P22 | V33: P22 | W33: P22 | X33: P22 | Y33: F | Z33: F | AA33: P14 | AB33: P14 | AC33: P14 | AD33: P14 | AE33: F | AF33: F | AG33: P06 | AI33: =VLOOKUP(B33,'JUN25'!B:AJ,35,0) -> 5 | AJ33: =COUNTIF(C33:AG33,"U") -> 0 | AK33: =AI33-AJ33 -> 5
A34: Jose Alves | B34: ALVES, JOSE | C34: P14 | D34: P14 | E34: F | F34: F | G34: P06 | H34: P06 | I34: P06 | J34: P06 | K34: F | L34: F | M34: P06 | N34: U | O34: P06 | P34: P06 | Q34: F | R34: F | S34: P06 | T34: P06 | U34: P06 | V34: P06 | W34: F | X34: F | Y34: P22 | Z34: P22 | AA34: P22 | AB34: P22 | AC34: F | AD34: F | AE34: P14 | AF34: P14 | AG34: P14 | AI34: =VLOOKUP(B34,'JUN25'!B:AJ,35,0) -> 22 | AJ34: =COUNTIF(C34:AG34,"U") -> 1 | AK34: =AI34-AJ34 -> 21
A35: Ines Pilre | B35: PILRE, INES | C35: APT | D35: APT | E35: APT | F35: APT | G35: APT | H35: APT | I35: B | J35: APT | K35: APT | L35: APT | M35: APT | N35: APT | O35: APT | P35: APT | Q35: APT | R35: APT | S35: APT | T35: APT | U35: APT | V35: APT | W35: APT | X35: APT | Y35: APT | Z35: APT | AA35: APT | AB35: APT | AC35: APT | AD35: APT | AE35: APT | AF35: APT | AG35: APT | AI35: =VLOOKUP(B35,'JUN25'!B:AJ,35,0) -> 18 | AJ35: =COUNTIF(C35:AG35,"U") -> 0 | AK35: =AI35-AJ35 -> 18
A36: Bruna Lima | B36: LIMA, BRUNA | C36: P22 | D36: P22 | E36: U | F36: U | G36: F | H36: F | I36: U | J36: U | K36: U | L36: U | M36: F | N36: F | O36: U | P36: U | Q36: U | R36: U | S36: F | T36: F | U36: P14 | V36: P14 | W36: P14 | X36: P14 | Y36: F | Z36: F | AA36: P06 | AB36: P06 | AC36: P06 | AD36: P06 | AE36: F | AF36: F | AG36: P22 | AI36: =VLOOKUP(B36,'JUN25'!B:AJ,35,0) -> 20 | AJ36: =COUNTIF(C36:AG36,"U") -> 10 | AK36: =AI36-AJ36 -> 10
A37: Gonçalo Pereira | B37: PEREIRA, GONCALO | C37: P06 | D37: P06 | E37: F | F37: F | G37: P22 | H37: P22 | I37: P22 | J37: P22 | K37: F | L37: F | M37: P14 | N37: P14 | O37: P14 | P37: P14 | Q37: F | R37: F | S37: P06 | T37: P06 | U37: P06 | V37: P06 | W37: F | X37: F | Y37: P14 | Z37: P13 | AA37: P14 | AB37: P14 | AC37: F | AD37: F | AE37: P06 | AF37: P06 | AG37: P06 | AI37: =VLOOKUP(B37,'JUN25'!B:AJ,35,0) -> 10 | AJ37: =COUNTIF(C37:AG37,"U") -> 0 | AK37: =AI37-AJ37 -> 10
A38: Joana Pinheiro | B38: PINHEIRO, JOANA | C38: F | D38: F | E38: P06 | F38: P06 | G38: P06 | H38: P06 | I38: F | J38: F | K38: P22 | L38: P22 | M38: P22 | N38: P22 | O38: F | P38: F | Q38: P14 | R38: P14 | S38: P14 | T38: P14 | U38: F | V38: F | W38: P06 | X38: P06 | Y38: P06 | Z38: P06 | AA38: F | AB38: F | AC38: P14 | AD38: P14 | AE38: P14 | AF38: P14 | AG38: F | AI38: =VLOOKUP(B38,'JUN25'!B:AJ,35,0) -> 15 | AJ38: =COUNTIF(C38:AG38,"U") -> 0 | AK38: =AI38-AJ38 -> 15
A39: Inês Coelho | B39: COELHO, INES | C39: P14 | D39: P14 | E39: P14 | F39: P14 | G39: F | H39: F | I39: P06 | J39: P06 | K39: P06 | L39: P06 | M39: F | N39: F | O39: P22 | P39: P22 | Q39: P22 | R39: P22 | S39: P22 | T39: F | U39: F | V39: F | W39: TR P08 | X39: TR P08 | Y39: TR P08 | Z39: TR P08 | AA39: TR P08 | AB39: F | AC39: F | AD39: TR P08 | AE39: TR P08 | AF39: TR P08 | AG39: TR P08 | AI39: =VLOOKUP(B39,'JUN25'!B:AJ,35,0) -> 14 | AJ39: =COUNTIF(C39:AG39,"U") -> 0 | AK39: =AI39-AJ39 -> 14
A40: Ivo Latourrette | B40: LATOURRETTE, IVO | C40: APT | D40: APT | E40: APT | F40: APT | G40: APT | H40: APT | I40: APT | J40: APT | K40: APT | L40: APT | M40: APT | N40: APT | O40: APT | P40: APT | Q40: APT | R40: APT | S40: APT | T40: APT | U40: APT | V40: APT | W40: APT | X40: APT | Y40: APT | Z40: APT | AA40: APT | AB40: APT | AC40: APT | AD40: APT | AE40: APT | AF40: APT | AG40: APT | AI40: =VLOOKUP(B40,'JUN25'!B:AJ,35,0) -> 11 | AJ40: =COUNTIF(C40:AG40,"U") -> 0 | AK40: =AI40-AJ40 -> 11
A42: Hubs Services Team
A43: Carla Ferreira | B43: FERREIRA, CARLA | C43: U | D43: F | E43: F | F43: U | G43: U | H43: U | I43: P06 | J43: F | K43: F | L43: P14 | M43: P14 | N43: P14 | O43: P14 | P43: F | Q43: F | R43: P06 | S43: P06 | T43: P06 | U43: P06 | V43: F | W43: F | X43: P14 | Y43: P14 | Z43: P14 | AA43: P14 | AB43: F | AC43: F | AD43: P06 | AE43: P06 | AF43: P07/ | AG43: P06 | AI43: =VLOOKUP(B43,'JUN25'!B:AJ,35,0) -> 15 | AJ43: =COUNTIF(C43:AG43,"U") -> 4 | AK43: =AI43-AJ43 -> 11
A44: Rafael Medina | B44: MEDINA, RAFAEL | C44: F | D44: P14 | E44: P14 | F44: P14 | G44: P14 | H44: F | I44: F | J44: P06 | K44: P06 | L44: P06 | M44: P06 | N44: F | O44: F | P44: P14 | Q44: P14 | R44: P14 | S44: P14 | T44: F | U44: F | V44: P06 | W44: P06 | X44: P06 | Y44: P06 | Z44: F | AA44: F | AB44: P14 | AC44: P14 | AD44: P14 | AE44: P14 | AF44: F | AG44: F | AI44: =VLOOKUP(B44,'JUN25'!B:AJ,35,0) -> 15 | AJ44: =COUNTIF(C44:AG44,"U") -> 0 | AK44: =AI44-AJ44 -> 15
A45: Catia Neves | B45: NEVES, CATIA | C45: P05 | D45: U | E45: P06 | F45: F | G45: F | H45: P14 | I45: P14 | J45: P14 | K45: P14 | L45: F | M45: F | N45: P06 | O45: P06 | P45: P06 | Q45: P06 | R45: F | S45: F | T45: P14 | U45: P14 | V45: P14 | W45: P14 | X45: F | Y45: F | Z45: P06 | AA45: P06 | AB45: P06 | AC45: P06 | AD45: F | AE45: F | AF45: P14 | AG45: P14 | AI45: =VLOOKUP(B45,'JUN25'!B:AJ,35,0) -> 20 | AJ45: =COUNTIF(C45:AG45,"U") -> 1 | AK45: =AI45-AJ45 -> 19
A46: Barbara Pereira | B46: PEREIRA, BARBARA | C46: F | D46: P06 | E46: P06 | F46: P06 | G46: P06 | H46: F | I46: F | J46: P10 | K46: P10 | L46: P10 | M46: P10 | N46: F | O46: F | P46: P22 | Q46: P22 | R46: P22 | S46: P22 | T46: P22 | U46: F | V46: F | W46: TR P08 | X46: TR P08 | Y46: TR P08 | Z46: TR P08 | AA46: TR P08 | AB46: F | AC46: F | AD46: TR P08 | AE46: TR P08 | AF46: TR P08 | AG46: TR P08 | AI46: =VLOOKUP(B46,'JUN25'!B:AJ,35,0) -> 17 | AJ46: =COUNTIF(C46:AG46,"U") -> 0 | AK46: =AI46-AJ46 -> 17
A47: Nicole Souza | B47: SOUZA, NICOLE | C47: P14 | D47: P14 | E47: P14 | F47: P14 | G47: F | H47: F | I47: TR P08 | J47: TR P08 | K47: TR P08 | L47: TR P08 | M47: TR P08 | N47: F | O47: F | P47: TR P08 | Q47: TR P08 | R47: TR P08 | S47: TR P08 | T47: TR P08 | U47: F | V47: P14 | W47: K | X47: K | Y47: F | Z47: P14 | AA47: P14 | AB47: P14 | AC47: P14 | AD47: F | AE47: F | AF47: P06 | AG47: P06 | AI47: =VLOOKUP(B47,'JUN25'!B:AJ,35,0) -> 16 | AJ47: =COUNTIF(C47:AG47,"U") -> 0 | AK47: =AI47-AJ47 -> 16
A48: Josue Fula | B48: FULA, JOSUE | C48: P06 | D48: F | E48: P14 | F48: P14 | G48: F | H48: F | I48: TR P08 | J48: TR P08 | K48: TR P08 | L48: TR P08 | M48: TR P08 | N48: F | O48: F | P48: TR P08 | Q48: TR P08 | R48: TR P08 | S48: TR P08 | T48: TR P08 | U48: F | V48: F | W48: P22 | X48: P22 | Y48: P22 | Z48: U | AA48: U | AB48: F | AC48: F | AD48: U | AE48: U | AF48: U | AG48: U | AI48: =VLOOKUP(B48,'JUN25'!B:AJ,35,0) -> 21 | AJ48: =COUNTIF(C48:AG48,"U") -> 6 | AK48: =AI48-AJ48 -> 15
A49: Dulani Monteiro | B49: MONTEIRO, DULANI | C49: F | D49: U | E49: U | F49: U | G49: U | H49: F | I49: F | J49: P13 | K49: P13 | L49: P13 | M49: P13 | N49: F | O49: F | P49: P06 | Q49: P06 | R49: P06 | S49: P06 | T49: P06 | U49: F | V49: F | W49: TR P08 | X49: TR P08 | Y49: TR P08 | Z49: TR P08 | AA49: TR P08 | AB49: F | AC49: F | AD49: TR P08 | AE49: TR P08 | AF49: TR P08 | AG49: TR P08 | AI49: =VLOOKUP(B49,'JUN25'!B:AJ,35,0) -> 8 | AJ49: =COUNTIF(C49:AG49,"U") -> 4 | AK49: =AI49-AJ49 -> 4
A50: Jessica Martins | B50: MARTINS, JESSICA | C50: P14 | D50: P14 | E50: P14 | F50: P14 | G50: F | H50: F | I50: TR P08 | J50: TR P08 | K50: TR P08 | L50: TR P08 | M50: TR P08 | N50: F | O50: F | P50: K | Q50: K | R50: K | S50: TR P08 | T50: TR P08 | U50: F | V50: P06 | W50: P06 | X50: P06 | Y50: F | Z50: P10 | AA50: P10 | AB50: K | AC50: K | AD50: F | AE50: F | AF50: P22 | AG50: P22 | AI50: =VLOOKUP(B50,'JUN25'!B:AJ,35,0) -> 3 | AJ50: =COUNTIF(C50:AG50,"U") -> 0 | AK50: =AI50-AJ50 -> 3
A51: Raquel Oliveira | B51: OLIVEIRA, RAQUEL ALEXANDRA | C51: F | D51: P22 | E51: P22 | F51: P22 | G51: U | H51: F | I51: F | J51: U | K51: U | L51: U | M51: U | N51: F | O51: F | P51: U | Q51: U | R51: U | S51: U | T51: U | U51: F | V51: F | W51: TR P08 | X51: TR P08 | Y51: TR P08 | Z51: TR P08 | AA51: TR P08 | AB51: F | AC51: F | AD51: TR P08 | AE51: TR P08 | AF51: TR P08 | AG51: TR P08 | AI51: =VLOOKUP(B51,'JUN25'!B:AJ,35,0) -> 10 | AJ51: =COUNTIF(C51:AG51,"U") -> 10 | AK51: =AI51-AJ51 -> 0
A52: Jose Borges | B52: BORGES, JOSE | C52: P10 | D52: P10 | E52: P10 | F52: F | G52: F | H52: U | I52: P22 | J52: P22 | K52: P22 | L52: F | M52: F | N52: P14 | O52: P14 | P52: P14 | Q52: P14 | R52: F | S52: F | T52: P06 | U52: P06 | V52: P06 | W52: P06 | X52: F | Y52: F | Z52: P14 | AA52: P14 | AB52: P14 | AC52: P14 | AD52: F | AE52: F | AF52: V | AG52: P06 | AI52: =VLOOKUP(B52,'JUN25'!B:AJ,35,0) -> 19 | AJ52: =COUNTIF(C52:AG52,"U") -> 1 | AK52: =AI52-AJ52 -> 18
A54: P06 | C54: =COUNTIF(C5:C52,$A$54) -> 8 | D54: =COUNTIF(D5:D52,$A$54) -> 8 | E54: =COUNTIF(E5:E52,$A$54) -> 10 | F54: =COUNTIF(F5:F52,$A$54) -> 9 | G54: =COUNTIF(G5:G52,$A$54) -> 8 | H54: =COUNTIF(H5:H52,$A$54) -> 7 | I54: =COUNTIF(I5:I52,$A$54) -> 8 | J54: =COUNTIF(J5:J52,$A$54) -> 8 | ... AG54: =COUNTIF(AG5:AG52,$A$54) -> 9
A55: P10 | C55: =COUNTIF(C5:C52,$A$55) -> 1 | D55: =COUNTIF(D5:D52,$A$55) -> 1 | E55: =COUNTIF(E5:E52,$A$55) -> 1 | F55: =COUNTIF(F5:F52,$A$55) -> 0 | G55: =COUNTIF(G5:G52,$A$55) -> 0 | H55: =COUNTIF(H5:H52,$A$55) -> 0 | I55: =COUNTIF(I5:I52,$A$55) -> 0 | J55: =COUNTIF(J5:J52,$A$55) -> 1 | ... AG55: =COUNTIF(AG5:AG52,$A$55) -> 0
A56: P14 | C56: =COUNTIF(C5:C52,"P14")+COUNTIF(C5:C52,"P14EW") -> 9 | D56: =COUNTIF(D5:D52,"P14")+COUNTIF(D5:D52,"P14EW") -> 9 | E56: =COUNTIF(E5:E52,"P14")+COUNTIF(E5:E52,"P14EW") -> 11 | F56: =COUNTIF(F5:F52,"P14")+COUNTIF(F5:F52,"P14EW") -> 10 | G56: =COUNTIF(G5:G52,"P14")+COUNTIF(G5:G52,"P14EW") -> 6 | H56: =COUNTIF(H5:H52,"P14")+COUNTIF(H5:H52,"P14EW") -> 6 | I56: =COUNTIF(I5:I52,"P14")+COUNTIF(I5:I52,"P14EW") -> 5 | J56: =COUNTIF(J5:J52,"P14")+COUNTIF(J5:J52,"P14EW") -> 5 | ... AG56: =COUNTIF(AG5:AG52,"P14")+COUNTIF(AG5:AG52,"P14EW") -> 7
A57: P22 | C57: =COUNTIF(C5:C52,$A$57) -> 1 | D57: =COUNTIF(D5:D52,$A$57) -> 2 | E57: =COUNTIF(E5:E52,$A$57) -> 2 | F57: =COUNTIF(F5:F52,$A$57) -> 2 | G57: =COUNTIF(G5:G52,$A$57) -> 2 | H57: =COUNTIF(H5:H52,$A$57) -> 2 | I57: =COUNTIF(I5:I52,$A$57) -> 3 | J57: =COUNTIF(J5:J52,$A$57) -> 3 | ... AG57: =COUNTIF(AG5:AG52,$A$57) -> 2
A59: LHX & Catering
A60: Ana Telma Carvalho | B60: CARVALHO, ANA | C60: P13 | D60: P13 | E60: P13 | F60: F | G60: F | H60: H05 | I60: H05 | J60: H05 | K60: H05 | L60: F | M60: F | N60: P13 | O60: P13 | P60: P13 | Q60: P13 | R60: F | S60: F | T60: H05 | U60: H05 | V60: H05 | W60: H05 | X60: F | Y60: F | Z60: P13 | AA60: P13 | AB60: P13 | AC60: P13 | AD60: F | AE60: F | AF60: H05 | AG60: H05 | AI60: =VLOOKUP(B60,'JUN25'!B:AJ,35,0) -> 13 | AJ60: =COUNTIF(C60:AG60,"U") -> 0 | AK60: =AI60-AJ60 -> 13
A61: Catia Craveiro | B61: CRAVEIRO, CATIA | C61: F | D61: H05 | E61: H05 | F61: H05 | G61: H05 | H61: F | I61: F | J61: U | K61: U | L61: B | M61: U | N61: F | O61: F | P61: H05 | Q61: H05 | R61: H05 | S61: H05 | T61: F | U61: F | V61: P13 | W61: P13 | X61: P13 | Y61: P13 | Z61: F | AA61: F | AB61: H05 | AC61: H05 | AD61: H05 | AE61: H05 | AF61: F | AG61: F | AI61: =VLOOKUP(B61,'JUN25'!B:AJ,35,0) -> 12 | AJ61: =COUNTIF(C61:AG61,"U") -> 3 | AK61: =AI61-AJ61 -> 9
A62: Rui Roza | B62: ROZA, RUI | C62: P05 | D62: F | E62: F | F62: P13 | G62: P13 | H62: P13 | I62: P13 | J62: F | K62: F | L62: P05 | M62: P05 | N62: P05 | O62: P05 | P62: F | Q62: F | R62: P13 | S62: P13 | T62: P13 | U62: P13 | V62: F | W62: F | X62: P05 | Y62: P05 | Z62: P05 | AA62: P05 | AB62: F | AC62: F | AD62: P13 | AE62: P13 | AF62: P13 | AG62: P13 | AI62: =VLOOKUP(B62,'JUN25'!B:AJ,35,0) -> 17 | AJ62: =COUNTIF(C62:AG62,"U") -> 0 | AK62: =AI62-AJ62 -> 17
A63: Jessica Santos | B63: SANTOS, JESSICA | C63: K | D63: K | E63: K | F63: K | G63: K | H63: K | I63: K | J63: K | K63: K | L63: K | M63: K | N63: K | O63: K | P63: K | Q63: K | R63: K | S63: K | T63: K | U63: K | V63: K | W63: K | X63: K | Y63: K | Z63: K | AA63: K | AB63: K | AC63: K | AD63: K | AE63: K | AF63: K | AG63: K | AI63: =VLOOKUP(B63,'JUN25'!B:AJ,35,0) -> 0
A64: Maria Vitoria Almeida | B64: ALMEIDA, MARIA VITORIA | C64: APT | D64: APT | E64: APT | F64: APT | G64: APT | H64: APT | I64: APT | J64: APT | K64: APT | L64: APT | M64: APT | N64: APT | O64: APT | P64: APT | Q64: APT | R64: APT | S64: APT | T64: APT | U64: APT | V64: APT | W64: APT | X64: APT | Y64: APT | Z64: APT | AA64: APT | AB64: APT | AC64: APT | AD64: APT | AE64: APT | AF64: APT | AG64: APT | AI64: =VLOOKUP(B64,'JUN25'!B:AJ,35,0) -> 22 | AJ64: =COUNTIF(C64:AG64,"U") -> 0 | AK64: =AI64-AJ64 -> 22
A66: H05 | C66: =COUNTIF(C60:C64,$A$68)+COUNTIF(C46:C52,$A$68) -> 0 | D66: =COUNTIF(D60:D64,$A$66)+COUNTIF(D46:D52,$A$66) -> 1 | E66: =COUNTIF(E60:E64,$A$66)+COUNTIF(E46:E52,$A$66) -> 1 | F66: =COUNTIF(F60:F64,$A$66)+COUNTIF(F46:F52,$A$66) -> 1 | G66: =COUNTIF(G60:G64,$A$66)+COUNTIF(G46:G52,$A$66) -> 1 | H66: =COUNTIF(H60:H64,$A$66)+COUNTIF(H46:H52,$A$66) -> 1 | I66: =COUNTIF(I60:I64,$A$66)+COUNTIF(I46:I52,$A$66) -> 1 | J66: =COUNTIF(J60:J64,$A$66)+COUNTIF(J46:J52,$A$66) -> 1 | K66: =COUNTIF(K60:K64,$A$66)+COUNTIF(K46:K52,$A$66) -> 1 | ... AG66: =COUNTIF(AG60:AG64,$A$66)+COUNTIF(AG46:AG52,$A$66) -> 1
A67: P13 | C67: =COUNTIF(C60:C64,$A$69)+COUNTIF(C46:C52,$A$69) -> 0 | D67: =COUNTIF(D60:D64,$A$67)+COUNTIF(D46:D52,$A$67) -> 1 | E67: =COUNTIF(E60:E64,$A$67)+COUNTIF(E46:E52,$A$67) -> 1 | F67: =COUNTIF(F60:F64,$A$67)+COUNTIF(F46:F52,$A$67) -> 1 | G67: =COUNTIF(G60:G64,$A$67)+COUNTIF(G46:G52,$A$67) -> 1 | H67: =COUNTIF(H60:H64,$A$67)+COUNTIF(H46:H52,$A$67) -> 1 | I67: =COUNTIF(I60:I64,$A$67)+COUNTIF(I46:I52,$A$67) -> 1 | J67: =COUNTIF(J60:J64,$A$67)+COUNTIF(J46:J52,$A$67) -> 1 | K67: =COUNTIF(K60:K64,$A$67)+COUNTIF(K46:K52,$A$67) -> 1 | ... AG67: =COUNTIF(AG60:AG64,$A$67)+COUNTIF(AG46:AG52,$A$67) -> 1

Sheet AUG25
C1: LGSP - Lufthansa Ground Services Portugal NIF : 509 842 593 Atividade: CAE 52230.R3 Sede e local de trabalho: Avenida da Boavista ED.Burgo, 1837 sala 13.1 Horario de Funcionamento: 24/7 IRT: Não Aplicável
A2: Hubs Services | C2: Agosto | AI2: Ferias 2025
C3: Sex | D3: Sab | E3: Dom | F3: Seg | G3: Ter | H3: Qua | I3: Qui | J3: Sex | K3: Sab | L3: Dom | M3: Seg | N3: Ter | O3: Qua | P3: Qui | Q3: Sex | R3: Sab | S3: Dom | T3: Seg | U3: Ter | V3: Qua | W3: Qui | X3: Sex | Y3: Sab | Z3: Dom | AA3: Seg | AB3: Ter | AC3: Qua | AD3: Qui | AE3: Sex | AF3: Sab | AG3: Dom | AI3: 2025 | AJ3: Used | AK3: LEFT
A4: NOME | B4: NOME GENESYS | C4: 1 | D4: 2 | E4: 3 | F4: 4 | G4: 5 | H4: 6 | I4: 7 | J4: 8 | K4: 9 | L4: 10 | M4: 11 | N4: 12 | O4: 13 | P4: 14 | Q4: 15 | R4: 16 | S4: 17 | T4: 18 | U4: 19 | V4: 20 | W4: 21 | X4: 22 | Y4: 23 | Z4: 24 | AA4: 25 | AB4: 26 | AC4: 27 | AD4: 28 | AE4: 29 | AF4: 30 | AG4: 31
A5: Diana Reisinho | B5: REISINHO, DIANA | C5: M | D5: M | E5: M | F5: M | G5: M | H5: M | I5: M | J5: M | K5: M | L5: M | M5: M | N5: M | O5: M | P5: M | Q5: M | R5: M | S5: M | T5: M | U5: M | V5: M | W5: M | X5: M | Y5: M | Z5: M | AA5: M | AB5: M | AC5: M | AD5: M | AE5: M | AF5: M | AG5: M | AI5: =VLOOKUP(B5,'JUL25'!$B:$AK,36,0) -> 22 | AJ5: =COUNTIF(C5:AG5,"U") -> 0 | AK5: =AI5-AJ5 -> 22
A6: Catarina Ferreira | B6: FERREIRA, CATARINA | C6: F | D6: P06 | E6: P06 | F6: P06 | G6: P06 | H6: F | I6: F | J6: P06 | K6: P06 | L6: P06 | M6: P06 | N6: F | O6: F | P6: U | Q6: H | R6: U | S6: U | T6: F | U6: F | V6: U | W6: U | X6: U | Y6: U | Z6: F | AA6: F | AB6: U | AC6: U | AD6: B | AE6: U | AF6: F | AG6: F | AI6: =VLOOKUP(B6,'JUL25'!$B:$AK,36,0) -> 13 | AJ6: =COUNTIF(C6:AG6,"U") -> 10 | AK6: =AI6-AJ6 -> 3
A7: João Santos Silva | B7: SANTOS SILVA, JOAO | C7: P14 | D7: F | E7: F | F7: P14 | G7: P14 | H7: P14 | I7: P14 | J7: F | K7: F | L7: P06 | M7: P06 | N7: P06 | O7: P06 | P7: F | Q7: F | R7: F | S7: P14 | T7: P14 | U7: P14 | V7: F | W7: P06 | X7: P06 | Y7: P06 | Z7: P06 | AA7: P06 | AB7: F | AC7: F | AD7: P14 | AE7: P14 | AF7: P14 | AG7: P14 | AI7: =VLOOKUP(B7,'JUL25'!$B:$AK,36,0) -> 6 | AJ7: =COUNTIF(C7:AG7,"U") -> 0 | AK7: =AI7-AJ7 -> 6
A8: Ana Magalhães | B8: MAGALHAES, ANA CATARINA | C8: F | D8: P06 | E8: P06 | F8: P06 | G8: P06 | H8: F | I8: F | J8: P14 | K8: P14 | L8: P14 | M8: P14 | N8: F | O8: F | P8: P06 | Q8: P06 | R8: P06 | S8: P06 | T8: F | U8: F | V8: P11 | W8: P14 | X8: P14 | Y8: P14 | Z8: F | AA8: F | AB8: P22 | AC8: P22 | AD8: P22 | AE8: P22 | AF8: F | AG8: F | AI8: =VLOOKUP(B8,'JUL25'!$B:$AK,36,0) -> 15 | AJ8: =COUNTIF(C8:AG8,"U") -> 0 | AK8: =AI8-AJ8 -> 15
A9: Jorge Gonçalves | B9: GONCALVES, JORGE | C9: P06 | D9: P06 | E9: P06 | F9: F | G9: F | H9: P06 | I9: P06 | J9: P06 | K9: P06 | L9: F | M9: F | N9: P14 | O9: P14 | P9: P14 | Q9: P14 | R9: F | S9: F | T9: P06 | U9: P06 | V9: P06 | W9: P06 | X9: F | Y9: F | Z9: P14 | AA9: P14 | AB9: P14 | AC9: P14 | AD9: F | AE9: F | AF9: P06 | AG9: P06 | AI9: =VLOOKUP(B9,'JUL25'!$B:$AK,36,0) -> 10 | AJ9: =COUNTIF(C9:AG9,"U") -> 0 | AK9: =AI9-AJ9 -> 10
A10: Catarina Pereira | B10: PEREIRA, CATARINA | C10: U | D10: F | E10: F | F10: U | G10: U | H10: U | I10: U | J10: F | K10: F | L10: U | M10: U | N10: U | O10: U | P10: F | Q10: F | R10: P14 | S10: P14 | T10: P14 | U10: P14 | V10: F | W10: F | X10: P06 | Y10: P06 | Z10: P06 | AA10: P06 | AB10: F | AC10: F | AD10: P14 | AE10: P14 | AF10: P14 | AG10: P14 | AI10: =VLOOKUP(B10,'JUL25'!$B:$AK,36,0) -> 13 | AJ10: =COUNTIF(C10:AG10,"U") -> 9 | AK10: =AI10-AJ10 -> 4
A11: Sara Medeiros | B11: MEDEIROS, SARA | C11: F | D11: P14 | E11: P14 | F11: P14 | G11: P14 | H11: F | I11: F | J11: P14 | K11: P14 | L11: P14 | M11: P14 | N11: F | O11: F | P11: U | Q11: H | R11: U | S11: U | T11: F | U11: F | V11: P14 | W11: P14 | X11: P14 | Y11: P14 | Z11: F | AA11: F | AB11: P06 | AC11: P06 | AD11: P06 | AE11: P06 | AF11: F | AG11: F | AI11: =VLOOKUP(B11,'JUL25'!$B:$AK,36,0) -> 17 | AJ11: =COUNTIF(C11:AG11,"U") -> 3 | AK11: =AI11-AJ11 -> 14
A12: Catia Martins | B12: MARTINS, CATIA | C12: P14 | D12: P14 | E12: P14 | F12: F | G12: F | H12: P06 | I12: P06 | J12: P06 | K12: P06 | L12: F | M12: F | N12: P14 | O12: P14 | P12: P14 | Q12: P14 | R12: P14 | S12: F | T12: P06 | U12: P06 | V12: P08 | W12: F | X12: F | Y12: F | Z12: P14 | AA12: P14 | AB12: U | AC12: U | AD12: F | AE12: F | AF12: U | AG12: P06 | AI12: =VLOOKUP(B12,'JUL25'!$B:$AK,36,0) -> 7 | AJ12: =COUNTIF(C12:AG12,"U") -> 3 | AK12: =AI12-AJ12 -> 4
A14: INAD HUBs/ DEPOS / Cgsupport / RST
A15: Mauro Silva | B15: SILVA, MAURO | C15: U | D15: F | E15: F | F15: P08/ | G15: P08/ | H15: P08/ | I15: P08/ | J15: P08/ | K15: F | L15: F | M15: P08/ | N15: P08/ | O15: P08/ | P15: P08/ | Q15: P08/ | R15: F | S15: F | T15: P08/ | U15: P08/ | V15: P08/ | W15: P08/ | X15: P08/ | Y15: F | Z15: F | AA15: P08/ | AB15: P08/ | AC15: P08/ | AD15: P08/ | AE15: P08/ | AF15: F | AG15: F | AI15: =VLOOKUP(B15,'JUL25'!$B:$AK,36,0) -> -3 | AJ15: =COUNTIF(C15:AG15,"U") -> 1 | AK15: =AI15-AJ15 -> -4
A16: Tiago Abreu | B16: ABREU, TIAGO | C16: P14 | D16: P14 | E16: F | F16: F | G16: P06 | H16: P06 | I16: P14 | J16: P14 | K16: F | L16: F | M16: P14 | N16: P14 | O16: P14 | P16: P14 | Q16: F | R16: F | S16: P06 | T16: P06 | U16: P06 | V16: P06 | W16: F | X16: F | Y16: P14 | Z16: P14 | AA16: P14 | AB16: P14 | AC16: F | AD16: F | AE16: P06 | AF16: P06 | AG16: P06 | AI16: =VLOOKUP(B16,'JUL25'!$B:$AK,36,0) -> 10 | AJ16: =COUNTIF(C16:AG16,"U") -> 0 | AK16: =AI16-AJ16 -> 10
A17: Maria Burca | B17: BURCA, MARIA | C17: P06 | D17: P06 | E17: P06 | F17: P06 | G17: F | H17: F | I17: P06 | J17: P06 | K17: P14 | L17: P14 | M17: F | N17: F | O17: P06 | P17: P06 | Q17: P06 | R17: P06 | S17: F | T17: F | U17: P14 | V17: P14 | W17: P14 | X17: P14 | Y17: F | Z17: F | AA17: P08 | AB17: P06 | AC17: P06 | AD17: P06 | AE17: F | AF17: F | AG17: APT | AI17: =VLOOKUP(B17,'JUL25'!$B:$AK,36,0) -> 7 | AJ17: =COUNTIF(C17:AG17,"U") -> 0 | AK17: =AI17-AJ17 -> 7
A18: Tassiana Bastos | B18: BASTOS, TASSIANA | C18: F | D18: P06 | E18: U | F18: P06 | G18: F | H18: F | I18: P14 | J18: P14 | K18: P14 | L18: P14 | M18: F | N18: F | O18: P06 | P18: P06 | Q18: P06 | R18: P06 | S18: F | T18: F | U18: P14 | V18: P14 | W18: P14 | X18: P14 | Y18: F | Z18: F | AA18: P06 | AB18: P06 | AC18: P14 | AD18: P14 | AE18: F | AF18: F | AG18: P14 | AI18: =VLOOKUP(B18,'JUL25'!$B:$AK,36,0) -> 12 | AJ18: =COUNTIF(C18:AG18,"U") -> 1 | AK18: =AI18-AJ18 -> 11
A19: Barbara Martins | B19: MARTINS, BARBARA | C19: F | D19: F | E19: P14 | F19: P14 | G19: P14 | H19: P14 | I19: F | J19: F | K19: P06 | L19: P06 | M19: P06 | N19: P06 | O19: F | P19: F | Q19: P14 | R19: U | S19: U | T19: U | U19: F | V19: F | W19: U | X19: U | Y19: U | Z19: U | AA19: F | AB19: F | AC19: U | AD19: U | AE19: U | AF19: U | AG19: F | AI19: =VLOOKUP(B19,'JUL25'!$B:$AK,36,0) -> 16 | AJ19: =COUNTIF(C19:AG19,"U") -> 11 | AK19: =AI19-AJ19 -> 5
A20: Marcos Costa | B20: COSTA, MARCOS FELIPE | C20: P14 | D20: P14 | E20: F | F20: F | G20: P06 | H20: P06 | I20: P06 | J20: P06 | K20: F | L20: F | M20: P14 | N20: P14 | O20: P14 | P20: P14 | Q20: F | R20: F | S20: P06 | T20: P06 | U20: P06 | V20: P06 | W20: F | X20: F | Y20: FINJ | Z20: P14 | AA20: P14 | AB20: P14 | AC20: F | AD20: F | AE20: P06 | AF20: P06 | AG20: P06 | AI20: =VLOOKUP(B20,'JUL25'!$B:$AK,36,0) -> 8 | AJ20: =COUNTIF(C20:AG20,"U") -> 0 | AK20: =AI20-AJ20 -> 8
A21: Tatiana Monteiro | B21: MONTEIRO, TATIANA | C21: P06 | D21: F | E21: F | F21: U | G21: P14 | H21: P14 | I21: F | J21: F | K21: P06 | L21: P06 | M21: P06 | N21: P06 | O21: F | P21: F | Q21: P14 | R21: P14 | S21: P14 | T21: P14 | U21: F | V21: F | W21: P06 | X21: P06 | Y21: P06 | Z21: P06 | AA21: F | AB21: F | AC21: P14 | AD21: P14 | AE21: P14 | AF21: P14 | AG21: F | AI21: =VLOOKUP(B21,'JUL25'!$B:$AK,36,0) -> 13 | AJ21: =COUNTIF(C21:AG21,"U") -> 1 | AK21: =AI21-AJ21 -> 12
