Workbook

Sheet Sheet1
B2: Not Finalized
B3: Finalized

Sheet JAN
B2: Finalized | C2: HUB Services | E2: LGSP - Lufthansa Ground Services Portugal NIF : 509 842 593 Atividade: CAE 52230.R3 Sede e local de trabalho: Avenida da Boavista ED.Burgo, 1837 sala 13.1 Horario de Funcionamento: 24/7 IRT: Não Aplicável | AL2: Ferias 2025 | AP2: Ferias 2026 | AT2: Dias Trabalhados
C3: Janeiro | E3: Qui | F3: Sex | G3: Sab | H3: Dom | I3: Seg | J3: Ter | K3: Qua | L3: Qui | M3: Sex | N3: Sab | O3: Dom | P3: Seg | Q3: Ter | R3: Qua | S3: Qui | T3: Sex | U3: Sab | V3: Dom | W3: Seg | X3: Ter | Y3: Qua | Z3: Qui | AA3: Sex | AB3: Sab | AC3: Dom | AD3: Seg | AE3: Ter | AF3: Qua | AG3: Qui | AH3: Sex | AI3: Sab
E4: 1 | F4: 2 | G4: 3 | H4: 4 | I4: 5 | J4: 6 | K4: 7 | L4: 8 | M4: 9 | N4: 10 | O4: 11 | P4: 12 | Q4: 13 | R4: 14 | S4: 15 | T4: 16 | U4: 17 | V4: 18 | W4: 19 | X4: 20 | Y4: 21 | Z4: 22 | AA4: 23 | AB4: 24 | AC4: 25 | AD4: 26 | AE4: 27 | AF4: 28 | AG4: 29 | AH4: 30 | AI4: 31 | AL4: 2025 | AM4: Used | AN4: Left | AP4: 2026 | AQ4: Used | AR4: Left
B5: Hub Services Supervision | C5: Catarina Ferreira | D5: FERREIRA, CATARINA | E5: H | F5: P06 | G5: F | H5: F | I5: P06 | J5: P06 | K5: P06 | L5: F | M5: F | N5: P06 | O5: P06 | P5: P06 | Q5: P06 | R5: F | S5: F | T5: P14 | U5: P14 | V5: P14 | W5: P14 | X5: F | Y5: F | Z5: P06 | AA5: P06 | AB5: P06 | AC5: P06 | AD5: F | AE5: F | AF5: P14 | AG5: P14 | AH5: P14 | AI5: P14 | AL5: 1 | AM5: =COUNTIF(E5:AI5, "UA") -> 0 | AN5: =AL5-AM5 -> 1 | AQ5: =COUNTIF(E5:AI5, "U") -> 0 | AR5: =AP5-AQ5 -> 0 | AT5: =COUNTIF(E5:AI5,"P*")+COUNTIF(E5:AI5,"H*")+COUNTIF(E5:AI5,"T*")-COUNTIF(E5:AI5,"H")-COUNTIF(E5:AI5,"P") -> 20
C6: Miguel Pinto | D6: PINTO, MIGUEL | E6: B | F6: P14 | G6: P14 | H6: F | I6: F | J6: P06 | K6: P06 | L6: P06 | M6: P06 | N6: F | O6: F | P6: P14 | Q6: P14 | R6: P14 | S6: P14 | T6: F | U6: F | V6: P06 | W6: P06 | X6: P06 | Y6: P06 | Z6: F | AA6: F | AB6: P14 | AC6: P14 | AD6: P14 | AE6: P14 | AF6: F | AG6: F | AH6: P06 | AI6: P06 | AL6: 0 | AM6: =COUNTIF(E6:AI6, "UA") -> 0 | AN6: =AL6-AM6 -> 0 | AQ6: =COUNTIF(E6:AI6, "U") -> 0 | AR6: =AP6-AQ6 -> 0 | AT6: =COUNTIF(E6:AI6,"P*")+COUNTIF(E6:AI6,"H*")+COUNTIF(E6:AI6,"T*")-COUNTIF(E6:AI6,"H")-COUNTIF(E6:AI6,"P") -> 20
C7: João Santos Silva | D7: SANTOS SILVA, JOAO | E7: P14 | F7: P14 | G7: F | H7: P14 | I7: P14 | J7: P14 | K7: F | L7: F | M7: P06 | N7: P06 | O7: P06 | P7: P06 | Q7: F | R7: F | S7: P14 | T7: P14 | U7: P14 | V7: P14 | W7: F | X7: F | Y7: P06 | Z7: P06 | AA7: P06 | AB7: P06 | AC7: F | AD7: F | AE7: P22 | AF7: P22 | AG7: P22 | AH7: S3 | AI7: F | AL7: 1 | AM7: =COUNTIF(E7:AI7, "UA") -> 0 | AN7: =AL7-AM7 -> 1 | AQ7: =COUNTIF(E7:AI7, "U") -> 0 | AR7: =AP7-AQ7 -> 0 | AT7: =COUNTIF(E7:AI7,"P*")+COUNTIF(E7:AI7,"H*")+COUNTIF(E7:AI7,"T*")-COUNTIF(E7:AI7,"H")-COUNTIF(E7:AI7,"P") -> 20
C8: Ana Magalhães | D8: MAGALHAES, ANA CATARINA | E8: H | F8: UA | G8: F | H8: F | I8: P14 | J8: P14 | K8: P14 | L8: P14 | M8: F | N8: F | O8: P06 | P8: P06 | Q8: P06 | R8: P06 | S8: F | T8: F | U8: P14 | V8: P14 | W8: P14 | X8: P14 | Y8: F | Z8: F | AA8: P06 | AB8: P06 | AC8: P06 | AD8: P06 | AE8: F | AF8: F | AG8: P14 | AH8: P14 | AI8: P14 | AL8: 3 | AM8: =COUNTIF(E8:AI8, "UA") -> 1 | AN8: =AL8-AM8 -> 2 | AQ8: =COUNTIF(E8:AI8, "U") -> 0 | AR8: =AP8-AQ8 -> 0 | AT8: =COUNTIF(E8:AI8,"P*")+COUNTIF(E8:AI8,"H*")+COUNTIF(E8:AI8,"T*")-COUNTIF(E8:AI8,"H")-COUNTIF(E8:AI8,"P") -> 19
C9: Jorge Gonçalves | D9: GONCALVES, JORGE | E9: F | F9: F | G9: U | H9: U | I9: F | J9: F | K9: U | L9: U | M9: U | N9: U | O9: F | P9: F | Q9: U | R9: U | S9: U | T9: U | U9: F | V9: F | W9: P06 | X9: P06 | Y9: P06 | Z9: P06 | AA9: F | AB9: F | AC9: P14 | AD9: P14 | AE9: P14 | AF9: P14 | AG9: F | AH9: F | AI9: P06 | AL9: 0 | AM9: =COUNTIF(E9:AI9, "UA") -> 0 | AN9: =AL9-AM9 -> 0 | AQ9: =COUNTIF(E9:AI9, "U") -> 10 | AR9: =AP9-AQ9 -> -10 | AT9: =COUNTIF(E9:AI9,"P*")+COUNTIF(E9:AI9,"H*")+COUNTIF(E9:AI9,"T*")-COUNTIF(E9:AI9,"H")-COUNTIF(E9:AI9,"P") -> 9
C10: Sara Medeiros | D10: MEDEIROS, SARA | E10: P06 | F10: P06 | G10: F | H10: F | I10: P06 | J10: P06 | K10: P06 | L10: P06 | M10: F | N10: F | O10: P14 | P10: P14 | Q10: P14 | R10: P14 | S10: F | T10: F | U10: P06 | V10: P06 | W10: P06 | X10: P06 | Y10: F | Z10: F | AA10: P14 | AB10: P14 | AC10: P14 | AD10: P14 | AE10: F | AF10: F | AG10: P06 | AH10: P06 | AI10: P06 | AL10: 0 | AM10: =COUNTIF(E10:AI10, "UA") -> 0 | AN10: =AL10-AM10 -> 0 | AQ10: =COUNTIF(E10:AI10, "U") -> 0 | AR10: =AP10-AQ10 -> 0 | AT10: =COUNTIF(E10:AI10,"P*")+COUNTIF(E10:AI10,"H*")+COUNTIF(E10:AI10,"T*")-COUNTIF(E10:AI10,"H")-COUNTIF(E10:AI10,"P") -> 21
C11: Catarina Pereira | D11: PEREIRA, CATARINA | E11: P11 | F11: P07 | G11: P06 | H11: P06 | I11: F | J11: F | K11: P14 | L11: P14 | M11: P14 | N11: P14 | O11: F | P11: F | Q11: P06 | R11: P06 | S11: P06 | T11: P06 | U11: F | V11: F | W11: P14 | X11: P14 | Y11: P14 | Z11: P14 | AA11: F | AB11: F | AC11: P06 | AD11: P06 | AE11: P06 | AF11: P06 | AG11: F | AH11: F | AI11: P11 | AL11: 0 | AM11: =COUNTIF(E11:AI11, "UA") -> 0 | AN11: =AL11-AM11 -> 0 | AQ11: =COUNTIF(E11:AI11, "U") -> 0 | AR11: =AP11-AQ11 -> 0 | AT11: =COUNTIF(E11:AI11,"P*")+COUNTIF(E11:AI11,"H*")+COUNTIF(E11:AI11,"T*")-COUNTIF(E11:AI11,"H")-COUNTIF(E11:AI11,"P") -> 21
C12: Catia Martins | D12: MARTINS, CATIA | E12: F | F12: F | G12: P06 | H12: P06 | I12: P06 | J12: P06 | K12: F | L12: F | M12: P14 | N12: P14 | O12: P14 | P12: P14 | Q12: F | R12: F | S12: P06 | T12: P06 | U12: P06 | V12: P06 | W12: F | X12: F | Y12: P14 | Z12: P14 | AA12: P14 | AB12: P14 | AC12: F | AD12: F | AE12: P06 | AF12: P06 | AG12: P06 | AH12: P06 | AI12: F | AL12: 0 | AM12: =COUNTIF(E12:AI12, "UA") -> 0 | AN12: =AL12-AM12 -> 0 | AQ12: =COUNTIF(E12:AI12, "U") -> 0 | AR12: =AP12-AQ12 -> 0 | AT12: =COUNTIF(E12:AI12,"P*")+COUNTIF(E12:AI12,"H*")+COUNTIF(E12:AI12,"T*")-COUNTIF(E12:AI12,"H")-COUNTIF(E12:AI12,"P") -> 20
B13: Remote Passenger Recovery Team | C13: Ricardo Bessa | D13: BESSA, RICARDO | E13: P14 | F13: F | G13: F | H13: P06 | I13: P06 | J13: F | K13: F | L13: P14 | M13: P14 | N13: P14 | O13: P14 | P13: F | Q13: P06 | R13: P06 | S13: P06 | T13: P06 | U13: F | V13: F | W13: P14 | X13: P14 | Y13: P14 | Z13: P14 | AA13: F | AB13: F | AC13: P22 | AD13: P22 | AE13: P22 | AF13: P22 | AG13: F | AH13: F | AI13: P14 | AL13: 0 | AM13: =COUNTIF(E13:AI13, "UA") -> 0 | AN13: =AL13-AM13 -> 0 | AQ13: =COUNTIF(E13:AI13, "U") -> 0 | AR13: =AP13-AQ13 -> 0 | AT13: =COUNTIF(E13:AI13,"P*")+COUNTIF(E13:AI13,"H*")+COUNTIF(E13:AI13,"T*")-COUNTIF(E13:AI13,"H")-COUNTIF(E13:AI13,"P") -> 20
C14: Samuel Neves | D14: NEVES, SAMUEL | E14: P06 | F14: F | G14: F | H14: P22 | I14: P22 | J14: P22 | K14: P22 | L14: P22 | M14: F | N14: F | O14: F | P14: P14 | Q14: P14 | R14: P14 | S14: F | T14: F | U14: P06 | V14: P06 | W14: P06 | X14: P06 | Y14: F | Z14: F | AA14: P14 | AB14: P14 | AC14: P14 | AD14: P14 | AE14: F | AF14: P06 | AG14: P06 | AH14: P06 | AI14: P06 | AL14: 11 | AM14: =COUNTIF(E14:AI14, "UA") -> 0 | AN14: =AL14-AM14 -> 11 | AQ14: =COUNTIF(E14:AI14, "U") -> 0 | AR14: =AP14-AQ14 -> 0 | AT14: =COUNTIF(E14:AI14,"P*")+COUNTIF(E14:AI14,"H*")+COUNTIF(E14:AI14,"T*")-COUNTIF(E14:AI14,"H")-COUNTIF(E14:AI14,"P") -> 21
C15: Ricardo Medeiros | D15: MEDEIROS, RICARDO | E15: H | F15: F | G15: F | H15: P06 | I15: P06 | J15: P06 | K15: F | L15: F | M15: P22 | N15: P22 | O15: P22 | P15: P22 | Q15: F | R15: F | S15: P14 | T15: P14 | U15: P14 | V15: P14 | W15: F | X15: F | Y15: P06 | Z15: P06 | AA15: P06 | AB15: P06 | AC15: F | AD15: F | AE15: P14 | AF15: P14 | AG15: P14 | AH15: P14 | AI15: F | AL15: 0 | AM15: =COUNTIF(E15:AI15, "UA") -> 0 | AN15: =AL15-AM15 -> 0 | AQ15: =COUNTIF(E15:AI15, "U") -> 0 | AR15: =AP15-AQ15 -> 0 | AT15: =COUNTIF(E15:AI15,"P*")+COUNTIF(E15:AI15,"H*")+COUNTIF(E15:AI15,"T*")-COUNTIF(E15:AI15,"H")-COUNTIF(E15:AI15,"P") -> 19
C16: Joana Pinheiro | D16: PINHEIRO, JOANA | E16: P06 | F16: P06 | G16: F | H16: F | I16: F | J16: P06 | K16: P06 | L16: P06 | M16: P06 | N16: S3 | O16: F | P16: F | Q16: P22 | R16: P22 | S16: P22 | T16: P22 | U16: F | V16: F | W16: P14 | X16: P14 | Y16: P14 | Z16: P14 | AA16: F | AB16: F | AC16: P06 | AD16: P06 | AE16: P06 | AF16: P06 | AG16: F | AH16: F | AI16: P14 | AL16: 0 | AM16: =COUNTIF(E16:AI16, "UA") -> 0 | AN16: =AL16-AM16 -> 0 | AQ16: =COUNTIF(E16:AI16, "U") -> 0 | AR16: =AP16-AQ16 -> 0 | AT16: =COUNTIF(E16:AI16,"P*")+COUNTIF(E16:AI16,"H*")+COUNTIF(E16:AI16,"T*")-COUNTIF(E16:AI16,"H")-COUNTIF(E16:AI16,"P") -> 19
C17: Bruna Lima | D17: LIMA, BRUNA | E17: H | F17: P14 | G17: P14 | H17: F | I17: F | J17: P06 | K17: P06 | L17: P06 | M17: F | N17: F | O17: P06 | P17: P06 | Q17: P06 | R17: P06 | S17: F | T17: F | U17: P22 | V17: P22 | W17: P22 | X17: P22 | Y17: F | Z17: F | AA17: S3 | AB17: UA | AC17: UA | AD17: UA | AE17: F | AF17: F | AG17: P06 | AH17: P06 | AI17: P06 | AL17: 4 | AM17: =COUNTIF(E17:AI17, "UA") -> 3 | AN17: =AL17-AM17 -> 1 | AQ17: =COUNTIF(E17:AI17, "U") -> 0 | AR17: =AP17-AQ17 -> 0 | AT17: =COUNTIF(E17:AI17,"P*")+COUNTIF(E17:AI17,"H*")+COUNTIF(E17:AI17,"T*")-COUNTIF(E17:AI17,"H")-COUNTIF(E17:AI17,"P") -> 16
C18: Ivo Latourrette | D18: LATOURRETTE, IVO | E18: P14 | F18: F | G18: F | H18: P14 | I18: P14 | J18: P14 | K18: F | L18: F | M18: P06 | N18: P06 | O18: P06 | P18: P06 | Q18: F | R18: F | S18: P06 | T18: P06 | U18: P06 | V18: P06 | W18: F | X18: F | Y18: P22 | Z18: P22 | AA18: P22 | AB18: P22 | AC18: F | AD18: F | AE18: P14 | AF18: P14 | AG18: P14 | AH18: P14 | AI18: F | AL18: 18 | AM18: =COUNTIF(E18:AI18, "UA") -> 0 | AN18: =AL18-AM18 -> 18 | AQ18: =COUNTIF(E18:AI18, "U") -> 0 | AR18: =AP18-AQ18 -> 0 | AT18: =COUNTIF(E18:AI18,"P*")+COUNTIF(E18:AI18,"H*")+COUNTIF(E18:AI18,"T*")-COUNTIF(E18:AI18,"H")-COUNTIF(E18:AI18,"P") -> 20
C19: Inês Coelho | D19: COELHO, INES | E19: F | F19: P22 | G19: P22 | H19: P22 | I19: P22 | J19: F | K19: F | L19: P14 | M19: P14 | N19: P14 | O19: P14 | P19: F | Q19: P06 | R19: P06 | S19: P06 | T19: P06 | U19: F | V19: F | W19: P06 | X19: P06 | Y19: P06 | Z19: P06 | AA19: F | AB19: F | AC19: P06 | AD19: P06 | AE19: P06 | AF19: F | AG19: F | AH19: F | AI19: S3 | AL19: 1 | AM19: =COUNTIF(E19:AI19, "UA") -> 0 | AN19: =AL19-AM19 -> 1 | AQ19: =COUNTIF(E19:AI19, "U") -> 0 | AR19: =AP19-AQ19 -> 0 | AT19: =COUNTIF(E19:AI19,"P*")+COUNTIF(E19:AI19,"H*")+COUNTIF(E19:AI19,"T*")-COUNTIF(E19:AI19,"H")-COUNTIF(E19:AI19,"P") -> 19
C20: Jose Alves | D20: ALVES, JOSE | E20: P06 | F20: P06 | G20: F | H20: F | I20: P22 | J20: P22 | K20: P22 | L20: P22 | M20: F | N20: F | O20: P14 | P20: P14 | Q20: P14 | R20: P14 | S20: F | T20: F | U20: P06 | V20: P06 | W20: P06 | X20: P06 | Y20: F | Z20: F | AA20: P06 | AB20: P06 | AC20: U | AD20: U | AE20: F | AF20: F | AG20: U | AH20: P22 | AI20: P22 | AL20: 0 | AM20: =COUNTIF(E20:AI20, "UA") -> 0 | AN20: =AL20-AM20 -> 0 | AQ20: =COUNTIF(E20:AI20, "U") -> 3 | AR20: =AP20-AQ20 -> -3 | AT20: =COUNTIF(E20:AI20,"P*")+COUNTIF(E20:AI20,"H*")+COUNTIF(E20:AI20,"T*")-COUNTIF(E20:AI20,"H")-COUNTIF(E20:AI20,"P") -> 18
C21: Alefe Sobral | D21: SOBRAL, ALEFE | E21: F | F21: F | G21: P14 | H21: P14 | I21: P14 | J21: P14 | K21: F | L21: F | M21: P06 | N21: S3 | O21: P06 | P21: P06 | Q21: F | R21: F | S21: P14 | T21: P14 | U21: P14 | V21: P14 | W21: F | X21: F | Y21: P06 | Z21: P06 | AA21: P06 | AB21: P06 | AC21: F | AD21: F | AE21: P06 | AF21: P06 | AG21: P06 | AH21: P06 | AI21: F | AL21: 0 | AM21: =COUNTIF(E21:AI21, "UA") -> 0 | AN21: =AL21-AM21 -> 0 | AQ21: =COUNTIF(E21:AI21, "U") -> 0 | AR21: =AP21-AQ21 -> 0 | AT21: =COUNTIF(E21:AI21,"P*")+COUNTIF(E21:AI21,"H*")+COUNTIF(E21:AI21,"T*")-COUNTIF(E21:AI21,"H")-COUNTIF(E21:AI21,"P") -> 19
C22: Gonçalo Pereira | D22: PEREIRA, GONCALO | E22: F | F22: F | G22: P06 | H22: P06 | I22: F | J22: F | K22: P14 | L22: P14 | M22: P14 | N22: P13 | O22: F | P22: F | Q22: P06 | R22: E | S22: P06 | T22: P06 | U22: F | V22: F | W22: P14 | X22: P14 | Y22: P14 | Z22: P14 | AA22: F | AB22: F | AC22: P06 | AD22: P06 | AE22: P06 | AF22: P06 | AG22: F | AH22: F | AI22: P06 | AL22: 1 | AM22: =COUNTIF(E22:AI22, "UA") -> 0 | AN22: =AL22-AM22 -> 1 | AQ22: =COUNTIF(E22:AI22, "U") -> 0 | AR22: =AP22-AQ22 -> 0 | AT22: =COUNTIF(E22:AI22,"P*")+COUNTIF(E22:AI22,"H*")+COUNTIF(E22:AI22,"T*")-COUNTIF(E22:AI22,"H")-COUNTIF(E22:AI22,"P") -> 18
C23: Carlos Carvalhais | D23: CARVALHAIS, CARLOS | E23: P14 | F23: P14 | G23: F | H23: F | I23: P06 | J23: P06 | K23: P06 | L23: P06 | M23: F | N23: F | O23: P14 | P23: P14 | Q23: P14 | R23: P14 | S23: F | T23: F | U23: P06 | V23: P06 | W23: P06 | X23: P06 | Y23: F | Z23: F | AA23: P14 | AB23: P14 | AC23: P14 | AD23: P14 | AE23: F | AF23: F | AG23: P06 | AH23: P06 | AI23: P06 | AL23: 3 | AM23: =COUNTIF(E23:AI23, "UA") -> 0 | AN23: =AL23-AM23 -> 3 | AQ23: =COUNTIF(E23:AI23, "U") -> 0 | AR23: =AP23-AQ23 -> 0 | AT23: =COUNTIF(E23:AI23,"P*")+COUNTIF(E23:AI23,"H*")+COUNTIF(E23:AI23,"T*")-COUNTIF(E23:AI23,"H")-COUNTIF(E23:AI23,"P") -> 21
C24: Ines Pilre | D24: PILRE, INES | E24: P22 | F24: P22 | G24: P22 | H24: F | I24: F | J24: P14 | K24: P14 | L24: F | M24: F | N24: P06 | O24: P06 | P24: P06 | Q24: F | R24: F | S24: P14 | T24: P14 | U24: P14 | V24: P14 | W24: F | X24: F | Y24: P06 | Z24: P06 | AA24: P06 | AB24: S3 | AC24: F | AD24: F | AE24: P14 | AF24: P14 | AG24: P14 | AH24: P14 | AI24: F | AL24: 0 | AM24: =COUNTIF(E24:AI24, "UA") -> 0 | AN24: =AL24-AM24 -> 0 | AQ24: =COUNTIF(E24:AI24, "U") -> 0 | AR24: =AP24-AQ24 -> 0 | AT24: =COUNTIF(E24:AI24,"P*")+COUNTIF(E24:AI24,"H*")+COUNTIF(E24:AI24,"T*")-COUNTIF(E24:AI24,"H")-COUNTIF(E24:AI24,"P") -> 19
B25: Hubs Services Team | C25: Raquel Oliveira | D25: OLIVEIRA, RAQUEL ALEXANDRA | E25: H | F25: F | G25: P06 | H25: P06 | I25: F | J25: F | K25: P14 | L25: P14 | M25: P14 | N25: S3 | O25: F | P25: F | Q25: P22 | R25: P22 | S25: P22 | T25: P22 | U25: F | V25: F | W25: P14 | X25: P14 | Y25: P14 | Z25: P14 | AA25: F | AB25: F | AC25: P06 | AD25: P06 | AE25: P06 | AF25: P06 | AG25: F | AH25: F | AI25: P14 | AL25: 4 | AM25: =COUNTIF(E25:AI25, "UA") -> 0 | AN25: =AL25-AM25 -> 4 | AQ25: =COUNTIF(E25:AI25, "U") -> 0 | AR25: =AP25-AQ25 -> 0 | AT25: =COUNTIF(E25:AI25,"P*")+COUNTIF(E25:AI25,"H*")+COUNTIF(E25:AI25,"T*")-COUNTIF(E25:AI25,"H")-COUNTIF(E25:AI25,"P") -> 18
C26: Rafael Silva | D26: SILVA, RAFAEL | E26: H | F26: P14 | G26: F | H26: F | I26: P06 | J26: P06 | K26: P06 | L26: P06 | M26: F | N26: F | O26: P14 | P26: P14 | Q26: P14 | R26: P14 | S26: F | T26: F | U26: S3 | V26: U | W26: P22 | X26: P22 | Y26: F | Z26: F | AA26: P14 | AB26: P14 | AC26: P14 | AD26: P14 | AE26: F | AF26: F | AG26: P06 | AH26: P06 | AI26: P06 | AL26: 0 | AM26: =COUNTIF(E26:AI26, "UA") -> 0 | AN26: =AL26-AM26 -> 0 | AQ26: =COUNTIF(E26:AI26, "U") -> 1 | AR26: =AP26-AQ26 -> -1 | AT26: =COUNTIF(E26:AI26,"P*")+COUNTIF(E26:AI26,"H*")+COUNTIF(E26:AI26,"T*")-COUNTIF(E26:AI26,"H")-COUNTIF(E26:AI26,"P") -> 18
C27: Jose Borges | D27: BORGES, JOSE | E27: F | F27: P06 | G27: P06 | H27: P06 | I27: F | J27: F | K27: P14 | L27: P14 | M27: P14 | N27: P14 | O27: F | P27: F | Q27: P06 | R27: P06 | S27: P06 | T27: P06 | U27: F | V27: F | W27: P06 | X27: P06 | Y27: P06 | Z27: P06 | AA27: F | AB27: F | AC27: P22 | AD27: P22 | AE27: P22 | AF27: P22 | AG27: F | AH27: F | AI27: P14 | AL27: 11 | AM27: =COUNTIF(E27:AI27, "UA") -> 0 | AN27: =AL27-AM27 -> 11 | AQ27: =COUNTIF(E27:AI27, "U") -> 0 | AR27: =AP27-AQ27 -> 0 | AT27: =COUNTIF(E27:AI27,"P*")+COUNTIF(E27:AI27,"H*")+COUNTIF(E27:AI27,"T*")-COUNTIF(E27:AI27,"H")-COUNTIF(E27:AI27,"P") -> 20
C28: Josue Fula | D28: FULA, JOSUE | E28: H | F28: UA | G28: F | H28: F | I28: K | J28: K | K28: K | L28: K | M28: K | N28: F | O28: P14 | P28: P14 | Q28: P14 | R28: P14 | S28: F | T28: F | U28: P06 | V28: P06 | W28: P06 | X28: P06 | Y28: F | Z28: F | AA28: P06 | AB28: P06 | AC28: P06 | AD28: P06 | AE28: F | AF28: F | AG28: P22 | AH28: P22 | AI28: P22 | AL28: 1 | AM28: =COUNTIF(E28:AI28, "UA") -> 1 | AN28: =AL28-AM28 -> 0 | AQ28: =COUNTIF(E28:AI28, "U") -> 0 | AR28: =AP28-AQ28 -> 0 | AT28: =COUNTIF(E28:AI28,"P*")+COUNTIF(E28:AI28,"H*")+COUNTIF(E28:AI28,"T*")-COUNTIF(E28:AI28,"H")-COUNTIF(E28:AI28,"P") -> 15
C29: Barbara Pereira | D29: PEREIRA, BARBARA | E29: H | F29: F | G29: F | H29: P14 | I29: P14 | J29: P14 | K29: F | L29: F | M29: P06 | N29: P06 | O29: P06 | P29: P06 | Q29: F | R29: F | S29: P10 | T29: P10 | U29: P10 | V29: P10 | W29: F | X29: F | Y29: P22 | Z29: P22 | AA29: P22 | AB29: P22 | AC29: F | AD29: F | AE29: P14 | AF29: P14 | AG29: P14 | AH29: P14 | AI29: F | AL29: 1 | AM29: =COUNTIF(E29:AI29, "UA") -> 0 | AN29: =AL29-AM29 -> 1 | AQ29: =COUNTIF(E29:AI29, "U") -> 0 | AR29: =AP29-AQ29 -> 0 | AT29: =COUNTIF(E29:AI29,"P*")+COUNTIF(E29:AI29,"H*")+COUNTIF(E29:AI29,"T*")-COUNTIF(E29:AI29,"H")-COUNTIF(E29:AI29,"P") -> 19
C30: Dulani Monteiro | D30: MONTEIRO, DULANI | E30: P06 | F30: F | G30: F | H30: P14 | I30: P14 | J30: F | K30: P14 | L30: P14 | M30: P14 | N30: P14 | O30: F | P30: F | Q30: P06 | R30: P06 | S30: P06 | T30: P06 | U30: F | V30: F | W30: P14 | X30: P14 | Y30: P14 | Z30: P14 | AA30: F | AB30: F | AC30: P06 | AD30: P06 | AE30: P06 | AF30: P06 | AG30: F | AH30: F | AI30: P06 | AL30: 0 | AM30: =COUNTIF(E30:AI30, "UA") -> 0 | AN30: =AL30-AM30 -> 0 | AQ30: =COUNTIF(E30:AI30, "U") -> 0 | AR30: =AP30-AQ30 -> 0 | AT30: =COUNTIF(E30:AI30,"P*")+COUNTIF(E30:AI30,"H*")+COUNTIF(E30:AI30,"T*")-COUNTIF(E30:AI30,"H")-COUNTIF(E30:AI30,"P") -> 20
C31: Diogo Arantes | D31: ARANTES, DIOGO | E31: H | F31: UA | G31: F | H31: F | I31: UA | J31: UA | K31: UA | L31: UA | M31: F | N31: F | O31: P14 | P31: P14 | Q31: P14 | R31: P14 | S31: F | T31: F | U31: S3 | V31: P06 | W31: P06 | X31: P06 | Y31: F | Z31: F | AA31: P14 | AB31: P14 | AC31: P14 | AD31: P14 | AE31: F | AF31: F | AG31: P06 | AH31: P06 | AI31: UA | AL31: 12 | AM31: =COUNTIF(E31:AI31, "UA") -> 6 | AN31: =AL31-AM31 -> 6 | AQ31: =COUNTIF(E31:AI31, "U") -> 0 | AR31: =AP31-AQ31 -> 0 | AT31: =COUNTIF(E31:AI31,"P*")+COUNTIF(E31:AI31,"H*")+COUNTIF(E31:AI31,"T*")-COUNTIF(E31:AI31,"H")-COUNTIF(E31:AI31,"P") -> 13
C32: Jessica Martins | D32: MARTINS, JESSICA | E32: K | F32: K | G32: K | H32: K | I32: K | J32: K | K32: K | L32: K | M32: K | N32: K | O32: K | P32: K | Q32: F | R32: F | S32: P14 | T32: P14 | U32: P14 | V32: P14 | W32: F | X32: F | Y32: P06 | Z32: P06 | AA32: P06 | AB32: P06 | AC32: F | AD32: F | AE32: P14 | AF32: P14 | AG32: P14 | AH32: P14 | AI32: F | AL32: 8 | AM32: =COUNTIF(E32:AI32, "UA") -> 0 | AN32: =AL32-AM32 -> 8 | AQ32: =COUNTIF(E32:AI32, "U") -> 0 | AR32: =AP32-AQ32 -> 0 | AT32: =COUNTIF(E32:AI32,"P*")+COUNTIF(E32:AI32,"H*")+COUNTIF(E32:AI32,"T*")-COUNTIF(E32:AI32,"H")-COUNTIF(E32:AI32,"P") -> 12
C33: Carla Ferreira | D33: FERREIRA, CARLA | E33: P06 | F33: P06 | G33: P06 | H33: F | I33: F | J33: P14 | K33: P14 | L33: P14 | M33: P14 | N33: F | O33: F | P33: P06 | Q33: P06 | R33: P06 | S33: P06 | T33: F | U33: F | V33: P14 | W33: P14 | X33: P14 | Y33: P14 | Z33: F | AA33: F | AB33: P06 | AC33: P06 | AD33: P06 | AE33: P06 | AF33: F | AG33: F | AH33: P14 | AI33: P14 | AL33: 7 | AM33: =COUNTIF(E33:AI33, "UA") -> 0 | AN33: =AL33-AM33 -> 7 | AQ33: =COUNTIF(E33:AI33, "U") -> 0 | AR33: =AP33-AQ33 -> 0 | AT33: =COUNTIF(E33:AI33,"P*")+COUNTIF(E33:AI33,"H*")+COUNTIF(E33:AI33,"T*")-COUNTIF(E33:AI33,"H")-COUNTIF(E33:AI33,"P") -> 21
C34: Rafael Medina | D34: MEDINA, RAFAEL | E34: P14 | F34: F | G34: F | H34: P06 | I34: P06 | J34: P06 | K34: P06 | L34: F | M34: F | N34: P14 | O34: P14 | P34: P14 | Q34: P14 | R34: F | S34: F | T34: P06 | U34: P06 | V34: P06 | W34: P06 | X34: F | Y34: F | Z34: P14 | AA34: P14 | AB34: P14 | AC34: P14 | AD34: F | AE34: F | AF34: UA | AG34: P06 | AH34: P06 | AI34: P06 | AL34: 1 | AM34: =COUNTIF(E34:AI34, "UA") -> 1 | AN34: =AL34-AM34 -> 0 | AQ34: =COUNTIF(E34:AI34, "U") -> 0 | AR34: =AP34-AQ34 -> 0 | AT34: =COUNTIF(E34:AI34,"P*")+COUNTIF(E34:AI34,"H*")+COUNTIF(E34:AI34,"T*")-COUNTIF(E34:AI34,"H")-COUNTIF(E34:AI34,"P") -> 20
C35: Catia Neves | D35: NEVES, CATIA | E35: F | F35: P14 | G35: P14 | H35: P14 | I35: S3 | J35: F | K35: F | L35: P06 | M35: P06 | N35: P06 | O35: P06 | P35: F | Q35: F | R35: P14 | S35: P14 | T35: P14 | U35: P14 | V35: F | W35: F | X35: P06 | Y35: P06 | Z35: P06 | AA35: P06 | AB35: F | AC35: F | AD35: P14 | AE35: P14 | AF35: P14 | AG35: P14 | AH35: F | AI35: F | AL35: 5 | AM35: =COUNTIF(E35:AI35, "UA") -> 0 | AN35: =AL35-AM35 -> 5 | AQ35: =COUNTIF(E35:AI35, "U") -> 0 | AR35: =AP35-AQ35 -> 0 | AT35: =COUNTIF(E35:AI35,"P*")+COUNTIF(E35:AI35,"H*")+COUNTIF(E35:AI35,"T*")-COUNTIF(E35:AI35,"H")-COUNTIF(E35:AI35,"P") -> 19
B36: LHX & Catering | C36: Ana Telma Carvalho | D36: CARVALHO, ANA | E36: F | F36: H05 | G36: H05 | H36: H05 | I36: H05 | J36: F | K36: F | L36: P13 | M36: P13 | N36: P13 | O36: P13 | P36: F | Q36: F | R36: H05 | S36: H05 | T36: H05 | U36: H05 | V36: F | W36: F | X36: P13 | Y36: P13 | Z36: P13 | AA36: P13 | AB36: F | AC36: F | AD36: H05 | AE36: H05 | AF36: H05 | AG36: H05 | AH36: F | AI36: F | AL36: 0 | AM36: =COUNTIF(E36:AI36, "UA") -> 0 | AN36: =AL36-AM36 -> 0 | AQ36: =COUNTIF(E36:AI36, "U") -> 0 | AR36: =AP36-AQ36 -> 0 | AT36: =COUNTIF(E36:AI36,"P*")+COUNTIF(E36:AI36,"H*")+COUNTIF(E36:AI36,"T*")-COUNTIF(E36:AI36,"H")-COUNTIF(E36:AI36,"P") -> 20
C37: Catia Craveiro | D37: CRAVEIRO, CATIA | E37: H | F37: F | G37: F | H37: S3 | I37: P13 | J37: P13 | K37: P13 | L37: F | M37: F | N37: H05 | O37: H05 | P37: H05 | Q37: H05 | R37: F | S37: F | T37: P13 | U37: P13 | V37: P13 | W37: P13 | X37: F | Y37: F | Z37: H05 | AA37: H05 | AB37: H05 | AC37: H05 | AD37: F | AE37: F | AF37: P13 | AG37: P13 | AH37: P13 | AI37: P13 | AL37: 0 | AM37: =COUNTIF(E37:AI37, "UA") -> 0 | AN37: =AL37-AM37 -> 0 | AQ37: =COUNTIF(E37:AI37, "U") -> 0 | AR37: =AP37-AQ37 -> 0 | AT37: =COUNTIF(E37:AI37,"P*")+COUNTIF(E37:AI37,"H*")+COUNTIF(E37:AI37,"T*")-COUNTIF(E37:AI37,"H")-COUNTIF(E37:AI37,"P") -> 19
C38: Maria Vitoria Almeida | D38: ALMEIDA, MARIA VITORIA | E38: H | F38: P13 | G38: P13 | H38: F | I38: F | J38: H05 | K38: H05 | L38: H05 | M38: H05 | N38: F | O38: F | P38: P13 | Q38: P13 | R38: P13 | S38: P13 | T38: F | U38: F | V38: H05 | W38: H05 | X38: H05 | Y38: H05 | Z38: F | AA38: F | AB38: P13 | AC38: P13 | AD38: P13 | AE38: P13 | AF38: F | AG38: F | AH38: H05 | AI38: H05 | AL38: 0 | AM38: =COUNTIF(E38:AI38, "UA") -> 0 | AN38: =AL38-AM38 -> 0 | AQ38: =COUNTIF(E38:AI38, "U") -> 0 | AR38: =AP38-AQ38 -> 0 | AT38: =COUNTIF(E38:AI38,"P*")+COUNTIF(E38:AI38,"H*")+COUNTIF(E38:AI38,"T*")-COUNTIF(E38:AI38,"H")-COUNTIF(E38:AI38,"P") -> 20
C39: Jessica Santos | D39: SANTOS, JESSICA | E39: M | F39: M | G39: M | H39: M | I39: M | J39: M | K39: M | L39: M | M39: M | N39: M | O39: M | P39: M | Q39: M | R39: M | S39: M | T39: M | U39: M | V39: M | W39: M | X39: M | Y39: M | Z39: M | AA39: M | AB39: M | AC39: M | AD39: M | AE39: M | AF39: M | AG39: M | AH39: M | AI39: M | AL39: 19 | AM39: =COUNTIF(E39:AI39, "UA") -> 0 | AN39: =AL39-AM39 -> 19 | AQ39: =COUNTIF(E39:AI39, "U") -> 0 | AR39: =AP39-AQ39 -> 0 | AT39: =COUNTIF(E39:AI39,"P*")+COUNTIF(E39:AI39,"H*")+COUNTIF(E39:AI39,"T*")-COUNTIF(E39:AI39,"H")-COUNTIF(E39:AI39,"P") -> 0
B40: INAD HUB/CG/DEPO | C40: Cristiana Ferreira | D40: FERREIRA, CRISTIANA MARGARIDA | E40: K | F40: M | G40: M | H40: M | I40: M | J40: M | K40: M | L40: M | M40: M | N40: M | O40: M | P40: M | Q40: M | R40: M | S40: M | T40: M | U40: M | V40: M | W40: M | X40: M | Y40: M | Z40: M | AA40: M | AB40: M | AC40: M | AD40: M | AE40: M | AF40: M | AG40: M | AH40: M | AI40: M | AL40: 14 | AM40: =COUNTIF(E40:AI40, "UA") -> 0 | AN40: =AL40-AM40 -> 14 | AQ40: =COUNTIF(E40:AI40, "U") -> 0 | AR40: =AP40-AQ40 -> 0 | AT40: =COUNTIF(E40:AI40,"P*")+COUNTIF(E40:AI40,"H*")+COUNTIF(E40:AI40,"T*")-COUNTIF(E40:AI40,"H")-COUNTIF(E40:AI40,"P") -> 0
C41: Mauro Silva | D41: SILVA, MAURO | E41: H | F41: P08/ | G41: F | H41: F | I41: P08/ | J41: P08/ | K41: P08/ | L41: P08/ | M41: P08/ | N41: F | O41: F | P41: P08/ | Q41: P08/ | R41: P08/ | S41: P08/ | T41: P08/ | U41: F | V41: F | W41: P08/ | X41: P08/ | Y41: P08/ | Z41: P08/ | AA41: P08/ | AB41: F | AC41: F | AD41: P08/ | AE41: P08/ | AF41: P08/ | AG41: P08/ | AH41: P08/ | AI41: F | AL41: 0 | AM41: =COUNTIF(E41:AI41, "UA") -> 0 | AN41: =AL41-AM41 -> 0 | AQ41: =COUNTIF(E41:AI41, "U") -> 0 | AR41: =AP41-AQ41 -> 0 | AT41: =COUNTIF(E41:AI41,"P*")+COUNTIF(E41:AI41,"H*")+COUNTIF(E41:AI41,"T*")-COUNTIF(E41:AI41,"H")-COUNTIF(E41:AI41,"P") -> 21
C42: Tiago Abreu | D42: ABREU, TIAGO | E42: H | F42: U | G42: F | H42: F | I42: P08 | J42: P08 | K42: P08 | L42: P08 | M42: P08 | N42: F | O42: F | P42: P08 | Q42: P08 | R42: B | S42: U | T42: U | U42: F | V42: F | W42: P08 | X42: P08 | Y42: P08 | Z42: P08 | AA42: P08 | AB42: F | AC42: F | AD42: P08 | AE42: P08 | AF42: P08 | AG42: P08 | AH42: P08 | AI42: F | AL42: 0 | AM42: =COUNTIF(E42:AI42, "UA") -> 0 | AN42: =AL42-AM42 -> 0 | AQ42: =COUNTIF(E42:AI42, "U") -> 3 | AR42: =AP42-AQ42 -> -3 | AT42: =COUNTIF(E42:AI42,"P*")+COUNTIF(E42:AI42,"H*")+COUNTIF(E42:AI42,"T*")-COUNTIF(E42:AI42,"H")-COUNTIF(E42:AI42,"P") -> 17
C43: Maria Burca | D43: BURCA, MARIA | E43: P06 | F43: F | G43: F | H43: F | I43: P06 | J43: P14 | K43: S3 | L43: F | M43: F | N43: P06 | O43: P06 | P43: P06 | Q43: P06 | R43: F | S43: F | T43: P06 | U43: P06 | V43: P14 | W43: P14 | X43: F | Y43: F | Z43: P06 | AA43: P06 | AB43: P06 | AC43: P06 | AD43: F | AE43: F | AF43: P14 | AG43: P14 | AH43: P14 | AI43: P14 | AL43: 0 | AM43: =COUNTIF(E43:AI43, "UA") -> 0 | AN43: =AL43-AM43 -> 0 | AQ43: =COUNTIF(E43:AI43, "U") -> 0 | AR43: =AP43-AQ43 -> 0 | AT43: =COUNTIF(E43:AI43,"P*")+COUNTIF(E43:AI43,"H*")+COUNTIF(E43:AI43,"T*")-COUNTIF(E43:AI43,"H")-COUNTIF(E43:AI43,"P") -> 19
C44: Tassiana Bastos | D44: BASTOS, TASSIANA | E44: H | F44: F | G44: F | H44: P14 | I44: P14 | J44: P14 | K44: P14 | L44: F | M44: F | N44: P06 | O44: P06 | P44: P06 | Q44: P06 | R44: F | S44: F | T44: P14 | U44: P14 | V44: P14 | W44: P14 | X44: F | Y44: F | Z44: P06 | AA44: P06 | AB44: P06 | AC44: P06 | AD44: F | AE44: F | AF44: B | AG44: P14 | AH44: P14 | AI44: P14 | AL44: 2 | AM44: =COUNTIF(E44:AI44, "UA") -> 0 | AN44: =AL44-AM44 -> 2 | AQ44: =COUNTIF(E44:AI44, "U") -> 0 | AR44: =AP44-AQ44 -> 0 | AT44: =COUNTIF(E44:AI44,"P*")+COUNTIF(E44:AI44,"H*")+COUNTIF(E44:AI44,"T*")-COUNTIF(E44:AI44,"H")-COUNTIF(E44:AI44,"P") -> 19
C45: Barbara Martins | D45: MARTINS, BARBARA | E45: P14 | F45: P10 | G45: P06 | H45: P06 | I45: F | J45: F | K45: F | L45: FINJ | M45: FINJ | N45: P14 | O45: P14 | P45: F | Q45: F | R45: P06 | S45: P06 | T45: P14 | U45: P14 | V45: F | W45: F | X45: P14 | Y45: P14 | Z45: P14 | AA45: P14 | AB45: F | AC45: F | AD45: P06 | AE45: P06 | AF45: P06 | AG45: P06 | AH45: F | AI45: F | AL45: 0 | AM45: =COUNTIF(E45:AI45, "UA") -> 0 | AN45: =AL45-AM45 -> 0 | AQ45: =COUNTIF(E45:AI45, "U") -> 0 | AR45: =AP45-AQ45 -> 0 | AT45: =COUNTIF(E45:AI45,"P*")+COUNTIF(E45:AI45,"H*")+COUNTIF(E45:AI45,"T*")-COUNTIF(E45:AI45,"H")-COUNTIF(E45:AI45,"P") -> 18
C46: Marcos Costa | D46: COSTA, MARCOS FELIPE | E46: F | F46: P06 | G46: P06 | H46: P06 | I46: P06 | J46: F | K46: F | L46: K | M46: K | N46: K | O46: P14 | P46: F | Q46: F | R46: P06 | S46: P06 | T46: P06 | U46: P06 | V46: F | W46: F | X46: P14 | Y46: P14 | Z46: P14 | AA46: P14 | AB46: F | AC46: F | AD46: P06 | AE46: P06 | AF46: P06 | AG46: P06 | AH46: F | AI46: F | AL46: 1 | AM46: =COUNTIF(E46:AI46, "UA") -> 0 | AN46: =AL46-AM46 -> 1 | AQ46: =COUNTIF(E46:AI46, "U") -> 0 | AR46: =AP46-AQ46 -> 0 | AT46: =COUNTIF(E46:AI46,"P*")+COUNTIF(E46:AI46,"H*")+COUNTIF(E46:AI46,"T*")-COUNTIF(E46:AI46,"H")-COUNTIF(E46:AI46,"P") -> 17
C47: Tatiana Monteiro | D47: MONTEIRO, TATIANA | E47: H | F47: S3 | G47: P14 | H47: F | I47: F | J47: P06 | K47: P06 | L47: P06 | M47: P06 | N47: F | O47: F | P47: P14 | Q47: P14 | R47: P14 | S47: P14 | T47: F | U47: F | V47: P06 | W47: P06 | X47: P06 | Y47: P06 | Z47: F | AA47: F | AB47: P14 | AC47: P14 | AD47: P14 | AE47: P14 | AF47: F | AG47: F | AH47: P06 | AI47: P06 | AL47: 2 | AM47: =COUNTIF(E47:AI47, "UA") -> 0 | AN47: =AL47-AM47 -> 2 | AQ47: =COUNTIF(E47:AI47, "U") -> 0 | AR47: =AP47-AQ47 -> 0 | AT47: =COUNTIF(E47:AI47,"P*")+COUNTIF(E47:AI47,"H*")+COUNTIF(E47:AI47,"T*")-COUNTIF(E47:AI47,"H")-COUNTIF(E47:AI47,"P") -> 19
B49: Hub Services Supervision | D49: P06 | E49: =COUNTIF(E5:E12,$D$49) -> 1 | F49: =COUNTIF(F5:F12,$D$49) -> 2 | G49: =COUNTIF(G5:G12,$D$49) -> 2 | H49: =COUNTIF(H5:H12,$D$49) -> 2 | I49: =COUNTIF(I5:I12,$D$49) -> 3 | J49: =COUNTIF(J5:J12,$D$49) -> 4 | K49: =COUNTIF(K5:K12,$D$49) -> 3 | L49: =COUNTIF(L5:L12,$D$49) -> 2 | ... AI49: =COUNTIF(AI5:AI12,$D$49) -> 3
D50: P14 | E50: =COUNTIF(E5:E12,$D$50) -> 1 | F50: =COUNTIF(F5:F12,$D$50) -> 2 | G50: =COUNTIF(G5:G12,$D$50) -> 1 | H50: =COUNTIF(H5:H12,$D$50) -> 1 | I50: =COUNTIF(I5:I12,$D$50) -> 2 | J50: =COUNTIF(J5:J12,$D$50) -> 2 | K50: =COUNTIF(K5:K12,$D$50) -> 2 | L50: =COUNTIF(L5:L12,$D$50) -> 2 | ... AI50: =COUNTIF(AI5:AI12,$D$50) -> 2
D51: TOTAL Dia | E51: =E49+E50 -> 2 | F51: =F49+F50 -> 4 | G51: =G49+G50 -> 3 | H51: =H49+H50 -> 3 | I51: =I49+I50 -> 5 | J51: =J49+J50 -> 6 | K51: =K49+K50 -> 5 | L51: =L49+L50 -> 4 | ... AI51: =AI49+AI50 -> 5
B53: Remote Passenger Recovery Team | D53: P06 | E53: =COUNTIF(E13:E24,$D$53) -> 3 | F53: =COUNTIF(F13:F24,$D$53) -> 2 | G53: =COUNTIF(G13:G24,$D$53) -> 1 | H53: =COUNTIF(H13:H24,$D$53) -> 3 | I53: =COUNTIF(I13:I24,$D$53) -> 3 | J53: =COUNTIF(J13:J24,$D$53) -> 4 | K53: =COUNTIF(K13:K24,$D$53) -> 3 | L53: =COUNTIF(L13:L24,$D$53) -> 3 | ... AI53: =COUNTIF(AI13:AI24,$D$53) -> 4
D54: P14 | E54: =COUNTIF(E13:E24,$D$54) -> 3 | F54: =COUNTIF(F13:F24,$D$54) -> 2 | G54: =COUNTIF(G13:G24,$D$54) -> 2 | H54: =COUNTIF(H13:H24,$D$54) -> 2 | I54: =COUNTIF(I13:I24,$D$54) -> 2 | J54: =COUNTIF(J13:J24,$D$54) -> 3 | K54: =COUNTIF(K13:K24,$D$54) -> 2 | L54: =COUNTIF(L13:L24,$D$54) -> 3 | ... AI54: =COUNTIF(AI13:AI24,$D$54) -> 2
D55: P22 | E55: =COUNTIF(E13:E24,$D$55) -> 1 | F55: =COUNTIF(F13:F24,$D$55) -> 2 | G55: =COUNTIF(G13:G24,$D$55) -> 2 | H55: =COUNTIF(H13:H24,$D$55) -> 2 | I55: =COUNTIF(I13:I24,$D$55) -> 3 | J55: =COUNTIF(J13:J24,$D$55) -> 2 | K55: =COUNTIF(K13:K24,$D$55) -> 2 | L55: =COUNTIF(L13:L24,$D$55) -> 2 | ... AI55: =COUNTIF(AI13:AI24,$D$55) -> 1
D56: TOTAL Dia | E56: =E53+E54+E55 -> 7 | F56: =F53+F54+F55 -> 6 | G56: =G53+G54+G55 -> 5 | H56: =H53+H54+H55 -> 7 | I56: =I53+I54+I55 -> 8 | J56: =J53+J54+J55 -> 9 | K56: =K53+K54+K55 -> 7 | L56: =L53+L54+L55 -> 8 | ... AI56: =AI53+AI54+AI55 -> 7
B58: Hubs Services Team | D58: P06 | E58: =COUNTIF(E25:E35,$D$58) -> 2 | F58: =COUNTIF(F25:F35,$D$58) -> 2 | G58: =COUNTIF(G25:G35,$D$58) -> 3 | H58: =COUNTIF(H25:H35,$D$58) -> 3 | I58: =COUNTIF(I25:I35,$D$58) -> 2 | J58: =COUNTIF(J25:J35,$D$58) -> 2 | K58: =COUNTIF(K25:K35,$D$58) -> 2 | L58: =COUNTIF(L25:L35,$D$58) -> 2 | ... AI58: =COUNTIF(AI25:AI35,$D$58) -> 3
D59: P14 | E59: =COUNTIF(E25:E35,$D$59) -> 1 | F59: =COUNTIF(F25:F35,$D$59) -> 2 | G59: =COUNTIF(G25:G35,$D$59) -> 1 | H59: =COUNTIF(H25:H35,$D$59) -> 3 | I59: =COUNTIF(I25:I35,$D$59) -> 2 | J59: =COUNTIF(J25:J35,$D$59) -> 2 | K59: =COUNTIF(K25:K35,$D$59) -> 4 | L59: =COUNTIF(L25:L35,$D$59) -> 4 | ... AI59: =COUNTIF(AI25:AI35,$D$59) -> 3
D60: P22 | E60: =COUNTIF(E25:E35,$D$60) -> 0 | F60: =COUNTIF(F25:F35,$D$60) -> 0 | G60: =COUNTIF(G25:G35,$D$60) -> 0 | H60: =COUNTIF(H25:H35,$D$60) -> 0 | I60: =COUNTIF(I25:I35,$D$60) -> 0 | J60: =COUNTIF(J25:J35,$D$60) -> 0 | K60: =COUNTIF(K25:K35,$D$60) -> 0 | L60: =COUNTIF(L25:L35,$D$60) -> 0 | ... AI60: =COUNTIF(AI25:AI35,$D$60) -> 1
D61: TOTAL Dia | E61: =E58+E59+E60 -> 3 | F61: =F58+F59+F60 -> 4 | G61: =G58+G59+G60 -> 4 | H61: =H58+H59+H60 -> 6 | I61: =I58+I59+I60 -> 4 | J61: =J58+J59+J60 -> 4 | K61: =K58+K59+K60 -> 6 | L61: =L58+L59+L60 -> 6 | ... AI61: =AI58+AI59+AI60 -> 7
B63: LHX & Catering | D63: H05 | E63: =COUNTIF(E36:E39,$D$63) -> 0 | F63: =COUNTIF(F36:F39,$D$63) -> 1 | G63: =COUNTIF(G36:G39,$D$63) -> 1 | H63: =COUNTIF(H36:H39,$D$63) -> 1 | I63: =COUNTIF(I36:I39,$D$63) -> 1 | J63: =COUNTIF(J36:J39,$D$63) -> 1 | K63: =COUNTIF(K36:K39,$D$63) -> 1 | L63: =COUNTIF(L36:L39,$D$63) -> 1 | ... AI63: =COUNTIF(AI36:AI39,$D$63) -> 1
D64: P13 | E64: =COUNTIF(E36:E39,$D$64) -> 0 | F64: =COUNTIF(F36:F39,$D$64) -> 1 | G64: =COUNTIF(G36:G39,$D$64) -> 1 | H64: =COUNTIF(H36:H39,$D$64) -> 0 | I64: =COUNTIF(I36:I39,$D$64) -> 1 | J64: =COUNTIF(J36:J39,$D$64) -> 1 | K64: =COUNTIF(K36:K39,$D$64) -> 1 | L64: =COUNTIF(L36:L39,$D$64) -> 1 | ... AI64: =COUNTIF(AI36:AI39,$D$64) -> 1
D65: TOTAL Dia | E65: =E63+E64 -> 0 | F65: =F63+F64 -> 2 | G65: =G63+G64 -> 2 | H65: =H63+H64 -> 1 | I65: =I63+I64 -> 2 | J65: =J63+J64 -> 2 | K65: =K63+K64 -> 2 | L65: =L63+L64 -> 2 | ... AI65: =AI63+AI64 -> 2
B67: INAD HUB/CG/DEPO | D67: P06 | E67: =COUNTIF(E43:E47,$D$67) -> 1 | F67: =COUNTIF(F43:F47,$D$67) -> 1 | G67: =COUNTIF(G43:G47,$D$67) -> 2 | H67: =COUNTIF(H43:H47,$D$67) -> 2 | I67: =COUNTIF(I43:I47,$D$67) -> 2 | J67: =COUNTIF(J43:J47,$D$67) -> 1 | K67: =COUNTIF(K43:K47,$D$67) -> 1 | L67: =COUNTIF(L43:L47,$D$67) -> 1 | ... AI67: =COUNTIF(AI43:AI47,$D$67) -> 1
D68: P14 | E68: =COUNTIF(E43:E47,$D$68) -> 1 | F68: =COUNTIF(F43:F47,$D$68) -> 0 | G68: =COUNTIF(G43:G47,$D$68) -> 1 | H68: =COUNTIF(H43:H47,$D$68) -> 1 | I68: =COUNTIF(I43:I47,$D$68) -> 1 | J68: =COUNTIF(J43:J47,$D$68) -> 2 | K68: =COUNTIF(K43:K47,$D$68) -> 1 | L68: =COUNTIF(L43:L47,$D$68) -> 0 | ... AI68: =COUNTIF(AI43:AI47,$D$68) -> 2
D69: TOTAL Dia | E69: =E67+E68 -> 2 | F69: =F67+F68 -> 1 | G69: =G67+G68 -> 3 | H69: =H67+H68 -> 3 | I69: =I67+I68 -> 3 | J69: =J67+J68 -> 3 | K69: =K67+K68 -> 2 | L69: =L67+L68 -> 1 | ... AI69: =AI67+AI68 -> 3
E75: F | F75: Folga | K75: FJ | L75: Falta Justificada | Q75: Legenda | W75: Horário | Z75: Pausa
E76: A | F76: Folga de compensacao | K76: FINJ | L76: Falta Injustificada | Q76: H | R76: Home Office | V76: P22 | W76: 22h00-06h00 | Z76: 02h00 - 02h30
E77: H | F77: Feriado | K77: M | L77: Licenca | Q77: P | R77: Presencial | V77: P23 | W77: 23h00-07h00 | Z77: 03h00 - 03h30
E78: U | F78: Ferias | K78: P | L78: Licenca | Q78: - | R78: 45min | V78: H03/ | W78: 03h30-11h30 | Z78: 07h30 - 08h00
E79: UA | F79: Ferias do ano anterior | K79: S1 | L79: Licenca | Q79: / | R79: 30min | V79: H05 | W79: 05h00-13h00 | Z79: 09h00 - 09h30
E80: H | F80: Feriado nao aprovado | K80: K | L80: Ausente | Q80: * | R80: 15min | V80: H05/ | W80: 05h30-13h30 | Z80: 09h30 - 10h00
E81: U | F81: Dia de ferias nao aprovado | K81: K1 | L81: Ausente | V81: P05- | W81: 05h45-13h45 | Z81: 09h45 - 10h15
E82: B | F82: Birthday | K82: K2 | L82: Ausente | V82: P06 | W82: 06h00 - 14h00 | Z82: 10h00 - 10h30
E83: B* | F83: Birthday - dia alternativo | K83: K6 | L83: Ausente | V83: P06/ | W83: 06h30 - 14h30 | Z83: 10h30 - 11h00
E84: TR | F84: Training | K84: E | L84: Ausente | V84: P06- | W84: 06h45 - 14h45 | Z84: 10h45 - 11h15
E85: S3 | F85: Ausencia Especial | K85: EM | L85: Ausente | V85: P07 | W85: 07h00-15h00 | Z85: 11h00 - 11h30
E86: TB | F86: Team Building | K86: J | L86: Ausente | V86: P07* | W86: 07h15-15h15 | Z86: 11h15 - 11h45
E87: R | F87: Viagem em Servico | K87: NO | L87: Ausente | V87: P07/ | W87: 07h30 - 15h30 | Z87: 11h30 - 12h00
E88: D | F88: Viagem em Servico Alemanha | K88: CM1 | L88: Ausente | V88: P07- | W88: 07h45 - 15h45 | Z88: 11h45 - 12h15
E89: SE | F89: Servico Especial | K89: V | L89: Solidariedade | V89: P08 | W89: 08h00-16h00 | Z89: 12h00 - 12h30
V90: P08* | W90: 08h15-16h15 | Z90: 12h15 - 12h45
V91: P08/ | W91: 08h30-16h30 | Z91: 12h30 - 13h30
V92: P08- | W92: 08h45-16h45 | Z92: 12h45 - 13h15
V93: P09 | W93: 09h00-17h00 | Z93: 13h00 - 13h30
V94: P09* | W94: 09h15-17h15 | Z94: 13h15 - 13h45
V95: P10 | W95: 10h00-18h00 | Z95: 14h00 - 14h30
V96: P11 | W96: 11h00-19h00 | Z96: 15h00 - 15h30
V97: P12 | W97: 12h00-20h00 | Z97: 16h00 - 16h30
V98: P13 | W98: 13h00-21h00 | Z98: 17h00 - 17h30
V99: P14 | W99: 14h00-22h00 | Z99: 18h00 - 18h30
V100: P15 | W100: 15h00-23h00 | Z100: 19h00 - 19h30
V101: P16 | W101: 16h00-00h00 | Z101: 20h00 - 20h30
V102: H17 | W102: 17h00-01h00 | Z102: 21h00 - 21h30

Sheet FEB
B2: Not Finalized | C2: HUB Services | E2: LGSP - Lufthansa Ground Services Portugal NIF : 509 842 593 Atividade: CAE 52230.R3 Sede e local de trabalho: Avenida da Boavista ED.Burgo, 1837 sala 13.1 Horario de Funcionamento: 24/7 IRT : Nao Aplicavel | AH2: Ferias 2025 | AL2: Ferias 2026 | AP2: Dias Trabalhados
C3: Fevereiro | E3: Dom | F3: Seg | G3: Ter | H3: Qua | I3: Qui | J3: Sex | K3: Sab | L3: Dom | M3: Seg | N3: Ter | O3: Qua | P3: Qui | Q3: Sex | R3: Sab | S3: Dom | T3: Seg | U3: Ter | V3: Qua | W3: Qui | X3: Sex | Y3: Sab | Z3: Dom | AA3: Seg | AB3: Ter | AC3: Qua | AD3: Qui | AE3: Sex | AF3: Sab
E4: 1 | F4: 2 | G4: 3 | H4: 4 | I4: 5 | J4: 6 | K4: 7 | L4: 8 | M4: 9 | N4: 10 | O4: 11 | P4: 12 | Q4: 13 | R4: 14 | S4: 15 | T4: 16 | U4: 17 | V4: 18 | W4: 19 | X4: 20 | Y4: 21 | Z4: 22 | AA4: 23 | AB4: 24 | AC4: 25 | AD4: 26 | AE4: 27 | AF4: 28 | AH4: 2025 | AI4: Used | AJ4: Left | AL4: 2026 | AM4: Used | AN4: Left
B5: Hub Services Supervision | C5: Catarina Ferreira | D5: FERREIRA, CATARINA | E5: F | F5: F | G5: P06 | H5: P06 | I5: P06 | J5: P06 | K5: F | L5: F | M5: P14 | N5: P14 | O5: P14 | P5: P14 | Q5: F | R5: F | S5: P06 | T5: P06 | U5: P06 | V5: P06 | W5: F | X5: F | Y5: P14 | Z5: P14 | AA5: P14 | AB5: P14 | AC5: F | AD5: F | AE5: P06 | AF5: P06 | AH5: =JAN!AN5 -> 1 | AI5: =COUNTIF(E5:AF5, "UA") -> 0 | AJ5: =AH5-AI5 -> 1 | AM5: =COUNTIF(E5:AF5, "U") -> 0 | AN5: =AL5-AM5 -> 0 | AP5: =COUNTIF(E5:AF5,"P*")+COUNTIF(E5:AF5,"H*")+COUNTIF(E5:AF5,"T*")-COUNTIF(E5:AF5,"H")-COUNTIF(E5:AF5,"P") -> 18
C6: Miguel Pinto | D6: PINTO, MIGUEL | E6: P06 | F6: P06 | G6: F | H6: F | I6: P14 | J6: P14 | K6: P10 | L6: P06 | M6: F | N6: F | O6: S3 | P6: U | Q6: U | R6: U | S6: F | T6: F | U6: H | V6: U | W6: U | X6: U | Y6: F | Z6: F | AA6: P06 | AB6: P06 | AC6: P06 | AD6: P06 | AE6: F | AF6: F | AH6: =JAN!AN6 -> 0 | AI6: =COUNTIF(E6:AF6, "UA") -> 0 | AJ6: =AH6-AI6 -> 0 | AM6: =COUNTIF(E6:AF6, "U") -> 6 | AN6: =AL6-AM6 -> -6 | AP6: =COUNTIF(E6:AF6,"P*")+COUNTIF(E6:AF6,"H*")+COUNTIF(E6:AF6,"T*")-COUNTIF(E6:AF6,"H")-COUNTIF(E6:AF6,"P") -> 10
C7: João Santos Silva | D7: SANTOS SILVA, JOAO | E7: F | F7: P06 | G7: P06 | H7: P06 | I7: P06 | J7: F | K7: F | L7: P14 | M7: P14 | N7: P14 | O7: P14 | P7: F | Q7: F | R7: P06 | S7: P06 | T7: P06 | U7: P06 | V7: F | W7: F | X7: P06 | Y7: P06 | Z7: P06 | AA7: P06 | AB7: F | AC7: F | AD7: P22 | AE7: P22 | AF7: P22 | AH7: =JAN!AN7 -> 1 | AI7: =COUNTIF(E7:AF7, "UA") -> 0 | AJ7: =AH7-AI7 -> 1 | AM7: =COUNTIF(E7:AF7, "U") -> 0 | AN7: =AL7-AM7 -> 0 | AP7: =COUNTIF(E7:AF7,"P*")+COUNTIF(E7:AF7,"H*")+COUNTIF(E7:AF7,"T*")-COUNTIF(E7:AF7,"H")-COUNTIF(E7:AF7,"P") -> 19
C8: Ana Magalhães | D8: MAGALHAES, ANA CATARINA | E8: P14 | F8: F | G8: F | H8: P06 | I8: P06 | J8: P06 | K8: P06 | L8: F | M8: F | N8: P14 | O8: P14 | P8: P14 | Q8: P14 | R8: F | S8: F | T8: P06 | U8: P06 | V8: P06 | W8: P06 | X8: F | Y8: F | Z8: P14 | AA8: P14 | AB8: P14 | AC8: P14 | AD8: F | AE8: F | AF8: P06 | AH8: =JAN!AN8 -> 2 | AI8: =COUNTIF(E8:AF8, "UA") -> 0 | AJ8: =AH8-AI8 -> 2 | AM8: =COUNTIF(E8:AF8, "U") -> 0 | AN8: =AL8-AM8 -> 0 | AP8: =COUNTIF(E8:AF8,"P*")+COUNTIF(E8:AF8,"H*")+COUNTIF(E8:AF8,"T*")-COUNTIF(E8:AF8,"H")-COUNTIF(E8:AF8,"P") -> 18
C9: Jorge Gonçalves | D9: GONCALVES, JORGE | E9: P06 | F9: P06 | G9: P06 | H9: F | I9: F | J9: P14 | K9: P14 | L9: P14 | M9: P14 | N9: F | O9: F | P9: P06 | Q9: P06 | R9: P06 | S9: P06 | T9: F | U9: F | V9: P14 | W9: P14 | X9: P14 | Y9: P14 | Z9: F | AA9: F | AB9: P06 | AC9: P06 | AD9: P06 | AE9: P06 | AF9: F | AH9: =JAN!AN9 -> 0 | AI9: =COUNTIF(E9:AF9, "UA") -> 0 | AJ9: =AH9-AI9 -> 0 | AM9: =COUNTIF(E9:AF9, "U") -> 0 | AN9: =AL9-AM9 -> 0 | AP9: =COUNTIF(E9:AF9,"P*")+COUNTIF(E9:AF9,"H*")+COUNTIF(E9:AF9,"T*")-COUNTIF(E9:AF9,"H")-COUNTIF(E9:AF9,"P") -> 19
C10: Sara Medeiros | D10: MEDEIROS, SARA | E10: P06 | F10: F | G10: F | H10: P14 | I10: P14 | J10: P14 | K10: P14 | L10: F | M10: F | N10: P06 | O10: P06 | P10: P06 | Q10: P06 | R10: F | S10: F | T10: P14 | U10: P14 | V10: P14 | W10: P14 | X10: F | Y10: F | Z10: P06 | AA10: P06 | AB10: P06 | AC10: P06 | AD10: F | AE10: F | AF10: S3 | AH10: =JAN!AN10 -> 0 | AI10: =COUNTIF(E10:AF10, "UA") -> 0 | AJ10: =AH10-AI10 -> 0 | AM10: =COUNTIF(E10:AF10, "U") -> 0 | AN10: =AL10-AM10 -> 0 | AP10: =COUNTIF(E10:AF10,"P*")+COUNTIF(E10:AF10,"H*")+COUNTIF(E10:AF10,"T*")-COUNTIF(E10:AF10,"H")-COUNTIF(E10:AF10,"P") -> 17
C11: Catarina Pereira | D11: PEREIRA, CATARINA | E11: P14 | F11: P14 | G11: P14 | H11: F | I11: F | J11: P06 | K11: P06 | L11: P06 | M11: P06 | N11: F | O11: F | P11: P14 | Q11: P14 | R11: P14 | S11: P14 | T11: F | U11: F | V11: P06 | W11: P06 | X11: P06 | Y11: P06 | Z11: F | AA11: F | AB11: P14 | AC11: P14 | AD11: P14 | AE11: P14 | AF11: F | AH11: =JAN!AN11 -> 0 | AI11: =COUNTIF(E11:AF11, "UA") -> 0 | AJ11: =AH11-AI11 -> 0 | AM11: =COUNTIF(E11:AF11, "U") -> 0 | AN11: =AL11-AM11 -> 0 | AP11: =COUNTIF(E11:AF11,"P*")+COUNTIF(E11:AF11,"H*")+COUNTIF(E11:AF11,"T*")-COUNTIF(E11:AF11,"H")-COUNTIF(E11:AF11,"P") -> 19
C12: Catia Martins | D12: MARTINS, CATIA | E12: F | F12: P14 | G12: P14 | H12: P14 | I12: P14 | J12: F | K12: F | L12: P06 | M12: P06 | N12: P06 | O12: B | P12: F | Q12: F | R12: U | S12: U | T12: U | U12: H | V12: F | W12: F | X12: P06 | Y12: P06 | Z12: P06 | AA12: P06 | AB12: F | AC12: F | AD12: P14 | AE12: P14 | AF12: P14 | AH12: =JAN!AN12 -> 0 | AI12: =COUNTIF(E12:AF12, "UA") -> 0 | AJ12: =AH12-AI12 -> 0 | AM12: =COUNTIF(E12:AF12, "U") -> 3 | AN12: =AL12-AM12 -> -3 | AP12: =COUNTIF(E12:AF12,"P*")+COUNTIF(E12:AF12,"H*")+COUNTIF(E12:AF12,"T*")-COUNTIF(E12:AF12,"H")-COUNTIF(E12:AF12,"P") -> 14
B13: Remote Passenger Recovery Team | C13: Ricardo Bessa | D13: BESSA, RICARDO | E13: P14 | F13: P14 | G13: P14 | H13: F | I13: F | J13: P06 | K13: P06 | L13: P06 | M13: P06 | N13: F | O13: F | P13: P06 | Q13: P06 | R13: P06 | S13: P06 | T13: F | U13: F | V13: P22 | W13: P22 | X13: P22 | Y13: P22 | Z13: F | AA13: F | AB13: P14 | AC13: P14 | AD13: P14 | AE13: P14 | AF13: F | AH13: =JAN!AN13 -> 0 | AI13: =COUNTIF(E13:AF13, "UA") -> 0 | AJ13: =AH13-AI13 -> 0 | AM13: =COUNTIF(E13:AF13, "U") -> 0 | AN13: =AL13-AM13 -> 0 | AP13: =COUNTIF(E13:AF13,"P*")+COUNTIF(E13:AF13,"H*")+COUNTIF(E13:AF13,"T*")-COUNTIF(E13:AF13,"H")-COUNTIF(E13:AF13,"P") -> 19
C14: Samuel Neves | D14: NEVES, SAMUEL | E14: P06 | F14: F | G14: F | H14: P14 | I14: P14 | J14: P14 | K14: P14 | L14: F | M14: F | N14: P06 | O14: P06 | P14: P06 | Q14: P06 | R14: F | S14: F | T14: P06 | U14: P06 | V14: P06 | W14: P06 | X14: F | Y14: F | Z14: P22 | AA14: P22 | AB14: P22 | AC14: P22 | AD14: F | AE14: F | AF14: P14 | AH14: =JAN!AN14 -> 11 | AI14: =COUNTIF(E14:AF14, "UA") -> 0 | AJ14: =AH14-AI14 -> 11 | AM14: =COUNTIF(E14:AF14, "U") -> 0 | AN14: =AL14-AM14 -> 0 | AP14: =COUNTIF(E14:AF14,"P*")+COUNTIF(E14:AF14,"H*")+COUNTIF(E14:AF14,"T*")-COUNTIF(E14:AF14,"H")-COUNTIF(E14:AF14,"P") -> 18
C15: Ricardo Medeiros | D15: MEDEIROS, RICARDO | E15: F | F15: P06 | G15: P06 | H15: P06 | I15: P06 | J15: F | K15: F | L15: P14 | M15: P14 | N15: P14 | O15: P14 | P15: F | Q15: F | R15: P06 | S15: P06 | T15: P06 | U15: P06 | V15: F | W15: F | X15: P06 | Y15: P06 | Z15: P06 | AA15: P06 | AB15: F | AC15: F | AD15: P22 | AE15: P22 | AF15: P22 | AH15: =JAN!AN15 -> 0 | AI15: =COUNTIF(E15:AF15, "UA") -> 0 | AJ15: =AH15-AI15 -> 0 | AM15: =COUNTIF(E15:AF15, "U") -> 0 | AN15: =AL15-AM15 -> 0 | AP15: =COUNTIF(E15:AF15,"P*")+COUNTIF(E15:AF15,"H*")+COUNTIF(E15:AF15,"T*")-COUNTIF(E15:AF15,"H")-COUNTIF(E15:AF15,"P") -> 19
C16: Joana Pinheiro | D16: PINHEIRO, JOANA | E16: P14 | F16: P14 | G16: P14 | H16: F | I16: F | J16: P06 | K16: P06 | L16: P06 | M16: P06 | N16: F | O16: F | P16: P14 | Q16: P14 | R16: P14 | S16: P14 | T16: F | U16: F | V16: P06 | W16: P06 | X16: P06 | Y16: P06 | Z16: F | AA16: F | AB16: P14 | AC16: P14 | AD16: P14 | AE16: P14 | AF16: F | AH16: =JAN!AN16 -> 0 | AI16: =COUNTIF(E16:AF16, "UA") -> 0 | AJ16: =AH16-AI16 -> 0 | AM16: =COUNTIF(E16:AF16, "U") -> 0 | AN16: =AL16-AM16 -> 0 | AP16: =COUNTIF(E16:AF16,"P*")+COUNTIF(E16:AF16,"H*")+COUNTIF(E16:AF16,"T*")-COUNTIF(E16:AF16,"H")-COUNTIF(E16:AF16,"P") -> 19
C17: Bruna Lima | D17: LIMA, BRUNA | E17: P06 | F17: F | G17: F | H17: P14 | I17: P14 | J17: P14 | K17: P14 | L17: F | M17: F | N17: P06 | O17: P06 | P17: P06 | Q17: P06 | R17: F | S17: F | T17: P14 | U17: P14 | V17: P14 | W17: P14 | X17: F | Y17: F | Z17: UA | AA17: P06 | AB17: P06 | AC17: P06 | AD17: F | AE17: F | AF17: P06 | AH17: =JAN!AN17 -> 1 | AI17: =COUNTIF(E17:AF17, "UA") -> 1 | AJ17: =AH17-AI17 -> 0 | AM17: =COUNTIF(E17:AF17, "U") -> 0 | AN17: =AL17-AM17 -> 0 | AP17: =COUNTIF(E17:AF17,"P*")+COUNTIF(E17:AF17,"H*")+COUNTIF(E17:AF17,"T*")-COUNTIF(E17:AF17,"H")-COUNTIF(E17:AF17,"P") -> 17
C18: Ivo Latourrette | D18: LATOURRETTE, IVO | E18: F | F18: P06 | G18: P06 | H18: P06 | I18: UA | J18: F | K18: F | L18: UA | M18: UA | N18: UA | O18: UA | P18: F | Q18: F | R18: P22 | S18: P22 | T18: P22 | U18: P22 | V18: F | W18: F | X18: P14 | Y18: P14 | Z18: P14 | AA18: P14 | AB18: F | AC18: F | AD18: P06 | AE18: P06 | AF18: P06 | AH18: =JAN!AN18 -> 18 | AI18: =COUNTIF(E18:AF18, "UA") -> 5 | AJ18: =AH18-AI18 -> 13 | AM18: =COUNTIF(E18:AF18, "U") -> 0 | AN18: =AL18-AM18 -> 0 | AP18: =COUNTIF(E18:AF18,"P*")+COUNTIF(E18:AF18,"H*")+COUNTIF(E18:AF18,"T*")-COUNTIF(E18:AF18,"H")-COUNTIF(E18:AF18,"P") -> 14
C19: Inês Coelho | D19: COELHO, INES | E19: UA | F19: P14 | G19: P14 | H19: F | I19: F | J19: P06 | K19: P06 | L19: P06 | M19: P06 | N19: F | O19: F | P19: P14 | Q19: P14 | R19: P14 | S19: P14 | T19: F | U19: F | V19: P06 | W19: P06 | X19: P06 | Y19: P06 | Z19: F | AA19: F | AB19: P14 | AC19: P14 | AD19: P14 | AE19: P14 | AF19: F | AH19: =JAN!AN19 -> 1 | AI19: =COUNTIF(E19:AF19, "UA") -> 1 | AJ19: =AH19-AI19 -> 0 | AM19: =COUNTIF(E19:AF19, "U") -> 0 | AN19: =AL19-AM19 -> 0 | AP19: =COUNTIF(E19:AF19,"P*")+COUNTIF(E19:AF19,"H*")+COUNTIF(E19:AF19,"T*")-COUNTIF(E19:AF19,"H")-COUNTIF(E19:AF19,"P") -> 18
C20: Jose Alves | D20: ALVES, JOSE | E20: P22 | F20: F | G20: F | H20: P14 | I20: P14 | J20: P14 | K20: P14 | L20: F | M20: F | N20: P06 | O20: P06 | P20: P06 | Q20: P06 | R20: F | S20: F | T20: P14 | U20: P14 | V20: P14 | W20: P14 | X20: F | Y20: F | Z20: P06 | AA20: P06 | AB20: P06 | AC20: P06 | AD20: F | AE20: F | AF20: P14 | AH20: =JAN!AN20 -> 0 | AI20: =COUNTIF(E20:AF20, "UA") -> 0 | AJ20: =AH20-AI20 -> 0 | AM20: =COUNTIF(E20:AF20, "U") -> 0 | AN20: =AL20-AM20 -> 0 | AP20: =COUNTIF(E20:AF20,"P*")+COUNTIF(E20:AF20,"H*")+COUNTIF(E20:AF20,"T*")-COUNTIF(E20:AF20,"H")-COUNTIF(E20:AF20,"P") -> 18
C21: Alefe Sobral | D21: SOBRAL, ALEFE | E21: F | F21: P22 | G21: P22 | H21: P22 | I21: P22 | J21: F | K21: F | L21: P14 | M21: P14 | N21: P14 | O21: P14 | P21: F | Q21: F | R21: P06 | S21: P06 | T21: P06 | U21: P06 | V21: F | W21: F | X21: P14 | Y21: P14 | Z21: P14 | AA21: P14 | AB21: F | AC21: F | AD21: P06 | AE21: P06 | AF21: P06 | AH21: =JAN!AN21 -> 0 | AI21: =COUNTIF(E21:AF21, "UA") -> 0 | AJ21: =AH21-AI21 -> 0 | AM21: =COUNTIF(E21:AF21, "U") -> 0 | AN21: =AL21-AM21 -> 0 | AP21: =COUNTIF(E21:AF21,"P*")+COUNTIF(E21:AF21,"H*")+COUNTIF(E21:AF21,"T*")-COUNTIF(E21:AF21,"H")-COUNTIF(E21:AF21,"P") -> 19
C22: Gonçalo Pereira | D22: PEREIRA, GONCALO | E22: P06 | F22: P06 | G22: P06 | H22: F | I22: F | J22: P22 | K22: P22 | L22: P22 | M22: P22 | N22: F | O22: F | P22: P14 | Q22: P14 | R22: P14 | S22: P14 | T22: F | U22: F | V22: P06 | W22: P06 | X22: P06 | Y22: P06 | Z22: F | AA22: F | AB22: P14 | AC22: P14 | AD22: P14 | AE22: P14 | AF22: F | AH22: =JAN!AN22 -> 1 | AI22: =COUNTIF(E22:AF22, "UA") -> 0 | AJ22: =AH22-AI22 -> 1 | AM22: =COUNTIF(E22:AF22, "U") -> 0 | AN22: =AL22-AM22 -> 0 | AP22: =COUNTIF(E22:AF22,"P*")+COUNTIF(E22:AF22,"H*")+COUNTIF(E22:AF22,"T*")-COUNTIF(E22:AF22,"H")-COUNTIF(E22:AF22,"P") -> 19
C23: Carlos Carvalhais | D23: CARVALHAIS, CARLOS | E23: P06 | F23: F | G23: F | H23: P06 | I23: P06 | J23: P06 | K23: P06 | L23: F | M23: F | N23: P22 | O23: P22 | P23: P22 | Q23: P22 | R23: F | S23: F | T23: P14 | U23: P14 | V23: P14 | W23: P14 | X23: F | Y23: F | Z23: P06 | AA23: P06 | AB23: P06 | AC23: P06 | AD23: F | AE23: F | AF23: P14 | AH23: =JAN!AN23 -> 3 | AI23: =COUNTIF(E23:AF23, "UA") -> 0 | AJ23: =AH23-AI23 -> 3 | AM23: =COUNTIF(E23:AF23, "U") -> 0 | AN23: =AL23-AM23 -> 0 | AP23: =COUNTIF(E23:AF23,"P*")+COUNTIF(E23:AF23,"H*")+COUNTIF(E23:AF23,"T*")-COUNTIF(E23:AF23,"H")-COUNTIF(E23:AF23,"P") -> 18
C24: Ines Pilre | D24: PILRE, INES | E24: F | F24: P06 | G24: P06 | H24: P06 | I24: P06 | J24: F | K24: F | L24: U | M24: U | N24: P06 | O24: P06 | P24: F | Q24: F | R24: P22 | S24: P22 | T24: P22 | U24: P22 | V24: F | W24: F | X24: P14 | Y24: P14 | Z24: P14 | AA24: P14 | AB24: F | AC24: F | AD24: P06 | AE24: P06 | AF24: P06 | AH24: =JAN!AN24 -> 0 | AI24: =COUNTIF(E24:AF24, "UA") -> 0 | AJ24: =AH24-AI24 -> 0 | AM24: =COUNTIF(E24:AF24, "U") -> 2 | AN24: =AL24-AM24 -> -2 | AP24: =COUNTIF(E24:AF24,"P*")+COUNTIF(E24:AF24,"H*")+COUNTIF(E24:AF24,"T*")-COUNTIF(E24:AF24,"H")-COUNTIF(E24:AF24,"P") -> 17
B25: Hubs Services Team | C25: Raquel Oliveira | D25: OLIVEIRA, RAQUEL ALEXANDRA | E25: P14 | F25: P14 | G25: P14 | H25: F | I25: F | J25: P06 | K25: P06 | L25: P06 | M25: P06 | N25: F | O25: F | P25: P06 | Q25: P06 | R25: P06 | S25: P06 | T25: F | U25: F | V25: P22 | W25: P22 | X25: P22 | Y25: P22 | Z25: F | AA25: F | AB25: UA | AC25: UA | AD25: UA | AE25: UA | AF25: F | AH25: =JAN!AN25 -> 4 | AI25: =COUNTIF(E25:AF25, "UA") -> 4 | AJ25: =AH25-AI25 -> 0 | AM25: =COUNTIF(E25:AF25, "U") -> 0 | AN25: =AL25-AM25 -> 0 | AP25: =COUNTIF(E25:AF25,"P*")+COUNTIF(E25:AF25,"H*")+COUNTIF(E25:AF25,"T*")-COUNTIF(E25:AF25,"H")-COUNTIF(E25:AF25,"P") -> 15
C26: Rafael Silva | D26: SILVA, RAFAEL | E26: P06 | F26: F | G26: F | H26: P14 | I26: P14 | J26: P14 | K26: P14 | L26: F | M26: F | N26: P06 | O26: P06 | P26: P06 | Q26: P06 | R26: F | S26: F | T26: P06 | U26: P06 | V26: P06 | W26: P06 | X26: F | Y26: F | Z26: P22 | AA26: P22 | AB26: P22 | AC26: P22 | AD26: F | AE26: F | AF26: P14 | AH26: =JAN!AN26 -> 0 | AI26: =COUNTIF(E26:AF26, "UA") -> 0 | AJ26: =AH26-AI26 -> 0 | AM26: =COUNTIF(E26:AF26, "U") -> 0 | AN26: =AL26-AM26 -> 0 | AP26: =COUNTIF(E26:AF26,"P*")+COUNTIF(E26:AF26,"H*")+COUNTIF(E26:AF26,"T*")-COUNTIF(E26:AF26,"H")-COUNTIF(E26:AF26,"P") -> 18
C27: Jose Borges | D27: BORGES, JOSE | E27: P14 | F27: P14 | G27: P14 | H27: F | I27: F | J27: P06 | K27: P06 | L27: P06 | M27: P06 | N27: F | O27: F | P27: P14 | Q27: P14 | R27: P14 | S27: P14 | T27: F | U27: F | V27: P06 | W27: P06 | X27: P06 | Y27: P06 | Z27: F | AA27: F | AB27: P06 | AC27: P06 | AD27: P06 | AE27: P06 | AF27: F | AH27: =JAN!AN27 -> 11 | AI27: =COUNTIF(E27:AF27, "UA") -> 0 | AJ27: =AH27-AI27 -> 11 | AM27: =COUNTIF(E27:AF27, "U") -> 0 | AN27: =AL27-AM27 -> 0 | AP27: =COUNTIF(E27:AF27,"P*")+COUNTIF(E27:AF27,"H*")+COUNTIF(E27:AF27,"T*")-COUNTIF(E27:AF27,"H")-COUNTIF(E27:AF27,"P") -> 19
C28: Josue Fula | D28: FULA, JOSUE | E28: P22 | F28: F | G28: F | H28: P14 | I28: P14 | J28: P14 | K28: P14 | L28: F | M28: F | N28: P06 | O28: P06 | P28: P06 | Q28: P06 | R28: F | S28: F | T28: P14 | U28: P14 | V28: P14 | W28: P14 | X28: F | Y28: F | Z28: P06 | AA28: P06 | AB28: P06 | AC28: P06 | AD28: F | AE28: F | AF28: P06 | AH28: =JAN!AN28 -> 0 | AI28: =COUNTIF(E28:AF28, "UA") -> 0 | AJ28: =AH28-AI28 -> 0 | AM28: =COUNTIF(E28:AF28, "U") -> 0 | AN28: =AL28-AM28 -> 0 | AP28: =COUNTIF(E28:AF28,"P*")+COUNTIF(E28:AF28,"H*")+COUNTIF(E28:AF28,"T*")-COUNTIF(E28:AF28,"H")-COUNTIF(E28:AF28,"P") -> 18
C29: Barbara Pereira | D29: PEREIRA, BARBARA | E29: F | F29: P22 | G29: P22 | H29: P22 | I29: P22 | J29: F | K29: F | L29: P14 | M29: P14 | N29: P14 | O29: P14 | P29: F | Q29: F | R29: P06 | S29: S3 | T29: UA | U29: P06 | V29: F | W29: F | X29: P14 | Y29: P14 | Z29: P14 | AA29: P14 | AB29: F | AC29: F | AD29: P06 | AE29: P06 | AF29: P06 | AH29: =JAN!AN29 -> 1 | AI29: =COUNTIF(E29:AF29, "UA") -> 1 | AJ29: =AH29-AI29 -> 0 | AM29: =COUNTIF(E29:AF29, "U") -> 0 | AN29: =AL29-AM29 -> 0 | AP29: =COUNTIF(E29:AF29,"P*")+COUNTIF(E29:AF29,"H*")+COUNTIF(E29:AF29,"T*")-COUNTIF(E29:AF29,"H")-COUNTIF(E29:AF29,"P") -> 17
C30: Dulani Monteiro | D30: MONTEIRO, DULANI | E30: P06 | F30: P06 | G30: P06 | H30: F | I30: F | J30: P22 | K30: P22 | L30: P22 | M30: P22 | N30: F | O30: F | P30: P14 | Q30: P14 | R30: P14 | S30: P14 | T30: F | U30: F | V30: P06 | W30: P06 | X30: P06 | Y30: P06 | Z30: F | AA30: F | AB30: P14 | AC30: P14 | AD30: P14 | AE30: P14 | AF30: F | AH30: =JAN!AN30 -> 0 | AI30: =COUNTIF(E30:AF30, "UA") -> 0 | AJ30: =AH30-AI30 -> 0 | AM30: =COUNTIF(E30:AF30, "U") -> 0 | AN30: =AL30-AM30 -> 0 | AP30: =COUNTIF(E30:AF30,"P*")+COUNTIF(E30:AF30,"H*")+COUNTIF(E30:AF30,"T*")-COUNTIF(E30:AF30,"H")-COUNTIF(E30:AF30,"P") -> 19
C31: Diogo Arantes | D31: ARANTES, DIOGO | E31: P06 | F31: F | G31: F | H31: P06 | I31: P06 | J31: P06 | K31: P06 | L31: F | M31: F | N31: P22 | O31: P22 | P31: P22 | Q31: P22 | R31: F | S31: F | T31: P14 | U31: P14 | V31: P14 | W31: P14 | X31: F | Y31: F | Z31: P06 | AA31: P06 | AB31: P06 | AC31: P06 | AD31: F | AE31: F | AF31: P14 | AH31: =JAN!AN31 -> 6 | AI31: =COUNTIF(E31:AF31, "UA") -> 0 | AJ31: =AH31-AI31 -> 6 | AM31: =COUNTIF(E31:AF31, "U") -> 0 | AN31: =AL31-AM31 -> 0 | AP31: =COUNTIF(E31:AF31,"P*")+COUNTIF(E31:AF31,"H*")+COUNTIF(E31:AF31,"T*")-COUNTIF(E31:AF31,"H")-COUNTIF(E31:AF31,"P") -> 18
C32: Jessica Martins | D32: MARTINS, JESSICA | E32: P14 | F32: P14 | G32: P14 | H32: P14 | I32: F | J32: F | K32: P14 | L32: P14 | M32: P14 | N32: UA | O32: F | P32: B | Q32: B* | R32: UA | S32: UA | T32: UA | U32: F | V32: F | W32: UA | X32: UA | Y32: UA | Z32: UA | AA32: F | AB32: F | AC32: P06 | AD32: P06 | AE32: P06 | AF32: P06 | AH32: =JAN!AN32 -> 8 | AI32: =COUNTIF(E32:AF32, "UA") -> 8 | AJ32: =AH32-AI32 -> 0 | AM32: =COUNTIF(E32:AF32, "U") -> 0 | AN32: =AL32-AM32 -> 0 | AP32: =COUNTIF(E32:AF32,"P*")+COUNTIF(E32:AF32,"H*")+COUNTIF(E32:AF32,"T*")-COUNTIF(E32:AF32,"H")-COUNTIF(E32:AF32,"P") -> 11
C33: Carla Ferreira | D33: FERREIRA, CARLA | E33: P14 | F33: P14 | G33: F | H33: F | I33: P06 | J33: P06 | K33: P06 | L33: P06 | M33: F | N33: F | O33: P14 | P33: P14 | Q33: P14 | R33: P14 | S33: F | T33: F | U33: P06 | V33: P06 | W33: P06 | X33: P06 | Y33: F | Z33: F | AA33: P14 | AB33: P14 | AC33: P14 | AD33: P14 | AE33: F | AF33: F | AH33: =JAN!AN33 -> 7 | AI33: =COUNTIF(E33:AF33, "UA") -> 0 | AJ33: =AH33-AI33 -> 7 | AM33: =COUNTIF(E33:AF33, "U") -> 0 | AN33: =AL33-AM33 -> 0 | AP33: =COUNTIF(E33:AF33,"P*")+COUNTIF(E33:AF33,"H*")+COUNTIF(E33:AF33,"T*")-COUNTIF(E33:AF33,"H")-COUNTIF(E33:AF33,"P") -> 18
C34: Rafael Medina | D34: MEDINA, RAFAEL | E34: F | F34: F | G34: P14 | H34: P14 | I34: P14 | J34: P14 | K34: F | L34: F | M34: P06 | N34: P06 | O34: P06 | P34: P06 | Q34: F | R34: F | S34: P14 | T34: P14 | U34: P14 | V34: P14 | W34: F | X34: F | Y34: P06 | Z34: P06 | AA34: P06 | AB34: P06 | AC34: F | AD34: F | AE34: P14 | AF34: P14 | AH34: =JAN!AN34 -> 0 | AI34: =COUNTIF(E34:AF34, "UA") -> 0 | AJ34: =AH34-AI34 -> 0 | AM34: =COUNTIF(E34:AF34, "U") -> 0 | AN34: =AL34-AM34 -> 0 | AP34: =COUNTIF(E34:AF34,"P*")+COUNTIF(E34:AF34,"H*")+COUNTIF(E34:AF34,"T*")-COUNTIF(E34:AF34,"H")-COUNTIF(E34:AF34,"P") -> 18
C35: Catia Neves | D35: NEVES, CATIA | E35: P06 | F35: P06 | G35: P06 | H35: P06 | I35: F | J35: F | K35: P14 | L35: P14 | M35: P14 | N35: P14 | O35: F | P35: F | Q35: P06 | R35: P06 | S35: P06 | T35: P06 | U35: F | V35: F | W35: P14 | X35: UA | Y35: P14 | Z35: P14 | AA35: F | AB35: F | AC35: P06 | AD35: P06 | AE35: P06 | AF35: P06 | AH35: =JAN!AN35 -> 5 | AI35: =COUNTIF(E35:AF35, "UA") -> 1 | AJ35: =AH35-AI35 -> 4 | AM35: =COUNTIF(E35:AF35, "U") -> 0 | AN35: =AL35-AM35 -> 0 | AP35: =COUNTIF(E35:AF35,"P*")+COUNTIF(E35:AF35,"H*")+COUNTIF(E35:AF35,"T*")-COUNTIF(E35:AF35,"H")-COUNTIF(E35:AF35,"P") -> 19
B36: LHX & Catering | C36: Ana Telma Carvalho | D36: CARVALHO, ANA | E36: P13 | F36: P13 | G36: P13 | H36: P13 | I36: F | J36: F | K36: H05 | L36: H05 | M36: H05 | N36: H05 | O36: F | P36: F | Q36: P13 | R36: P13 | S36: P13 | T36: P13 | U36: F | V36: F | W36: H05 | X36: H05 | Y36: H05 | Z36: H05 | AA36: F | AB36: F | AC36: P13 | AD36: P13 | AE36: P13 | AF36: P13 | AH36: =JAN!AN36 -> 0 | AI36: =COUNTIF(E36:AF36, "UA") -> 0 | AJ36: =AH36-AI36 -> 0 | AM36: =COUNTIF(E36:AF36, "U") -> 0 | AN36: =AL36-AM36 -> 0 | AP36: =COUNTIF(E36:AF36,"P*")+COUNTIF(E36:AF36,"H*")+COUNTIF(E36:AF36,"T*")-COUNTIF(E36:AF36,"H")-COUNTIF(E36:AF36,"P") -> 20
C37: Catia Craveiro | D37: CRAVEIRO, CATIA | E37: F | F37: F | G37: H05 | H37: H05 | I37: H05 | J37: H05 | K37: F | L37: F | M37: P13 | N37: P13 | O37: P13 | P37: P13 | Q37: F | R37: F | S37: H05 | T37: H05 | U37: H05 | V37: H05 | W37: F | X37: F | Y37: P13 | Z37: P13 | AA37: P13 | AB37: P13 | AC37: F | AD37: F | AE37: H05 | AF37: H05 | AH37: =JAN!AN37 -> 0 | AI37: =COUNTIF(E37:AF37, "UA") -> 0 | AJ37: =AH37-AI37 -> 0 | AM37: =COUNTIF(E37:AF37, "U") -> 0 | AN37: =AL37-AM37 -> 0 | AP37: =COUNTIF(E37:AF37,"P*")+COUNTIF(E37:AF37,"H*")+COUNTIF(E37:AF37,"T*")-COUNTIF(E37:AF37,"H")-COUNTIF(E37:AF37,"P") -> 18
C38: Maria Vitoria Almeida | D38: ALMEIDA, MARIA VITORIA | E38: H05 | F38: H05 | G38: F | H38: F | I38: P13 | J38: P13 | K38: P13 | L38: P13 | M38: F | N38: F | O38: H05 | P38: H05 | Q38: H05 | R38: H05 | S38: F | T38: F | U38: P13 | V38: P13 | W38: P13 | X38: P13 | Y38: F | Z38: F | AA38: H05 | AB38: H05 | AC38: H05 | AD38: H05 | AE38: F | AF38: F | AH38: =JAN!AN38 -> 0 | AI38: =COUNTIF(E38:AF38, "UA") -> 0 | AJ38: =AH38-AI38 -> 0 | AM38: =COUNTIF(E38:AF38, "U") -> 0 | AN38: =AL38-AM38 -> 0 | AP38: =COUNTIF(E38:AF38,"P*")+COUNTIF(E38:AF38,"H*")+COUNTIF(E38:AF38,"T*")-COUNTIF(E38:AF38,"H")-COUNTIF(E38:AF38,"P") -> 18
C39: Jessica Santos | D39: SANTOS, JESSICA | E39: M | F39: M | G39: M | H39: M | I39: M | J39: M | K39: M | L39: M | M39: M | N39: M | O39: M | P39: M | Q39: M | R39: M | S39: M | T39: M | U39: M | V39: M | W39: M | X39: M | Y39: M | Z39: M | AA39: M | AB39: M | AC39: M | AD39: M | AE39: M | AF39: M | AH39: =JAN!AN39 -> 19 | AI39: =COUNTIF(E39:AF39, "UA") -> 0 | AJ39: =AH39-AI39 -> 19 | AM39: =COUNTIF(E39:AF39, "U") -> 0 | AN39: =AL39-AM39 -> 0 | AP39: =COUNTIF(E39:AF39,"P*")+COUNTIF(E39:AF39,"H*")+COUNTIF(E39:AF39,"T*")-COUNTIF(E39:AF39,"H")-COUNTIF(E39:AF39,"P") -> 0
B40: INAD HUB/CG/DEPO | C40: Cristiana Ferreira | D40: FERREIRA, CRISTIANA MARGARIDA | E40: M | F40: M | G40: M | H40: M | I40: M | J40: M | K40: M | L40: M | M40: M | N40: M | O40: M | P40: M | Q40: M | R40: M | S40: M | T40: M | U40: M | V40: M | W40: M | X40: M | Y40: M | Z40: M | AA40: M | AB40: M | AC40: M | AD40: M | AE40: M | AF40: M | AH40: =JAN!AN40 -> 14 | AI40: =COUNTIF(E40:AF40, "UA") -> 0 | AJ40: =AH40-AI40 -> 14 | AM40: =COUNTIF(E40:AF40, "U") -> 0 | AN40: =AL40-AM40 -> 0 | AP40: =COUNTIF(E40:AF40,"P*")+COUNTIF(E40:AF40,"H*")+COUNTIF(E40:AF40,"T*")-COUNTIF(E40:AF40,"H")-COUNTIF(E40:AF40,"P") -> 0
C41: Mauro Silva | D41: SILVA, MAURO | E41: F | F41: P08/ | G41: P08/ | H41: P08/ | I41: P08/ | J41: P08/ | K41: F | L41: F | M41: P08/ | N41: P08/ | O41: P08/ | P41: P08/ | Q41: P08/ | R41: F | S41: F | T41: P08/ | U41: P08/ | V41: P08/ | W41: P08/ | X41: P08/ | Y41: F | Z41: F | AA41: P08/ | AB41: P08/ | AC41: P08/ | AD41: P08/ | AE41: P08/ | AF41: F | AH41: =JAN!AN41 -> 0 | AI41: =COUNTIF(E41:AF41, "UA") -> 0 | AJ41: =AH41-AI41 -> 0 | AM41: =COUNTIF(E41:AF41, "U") -> 0 | AN41: =AL41-AM41 -> 0 | AP41: =COUNTIF(E41:AF41,"P*")+COUNTIF(E41:AF41,"H*")+COUNTIF(E41:AF41,"T*")-COUNTIF(E41:AF41,"H")-COUNTIF(E41:AF41,"P") -> 20
C42: Tiago Abreu | D42: ABREU, TIAGO | E42: F | F42: P08 | G42: P08 | H42: P08 | I42: P08 | J42: P08 | K42: F | L42: F | M42: P08 | N42: P08 | O42: P08 | P42: P08 | Q42: P08 | R42: F | S42: F | T42: P08 | U42: P08 | V42: P08 | W42: P08 | X42: P08 | Y42: F | Z42: F | AA42: P08 | AB42: P08 | AC42: P08 | AD42: P08 | AE42: P08 | AF42: F | AH42: =JAN!AN42 -> 0 | AI42: =COUNTIF(E42:AF42, "UA") -> 0 | AJ42: =AH42-AI42 -> 0 | AM42: =COUNTIF(E42:AF42, "U") -> 0 | AN42: =AL42-AM42 -> 0 | AP42: =COUNTIF(E42:AF42,"P*")+COUNTIF(E42:AF42,"H*")+COUNTIF(E42:AF42,"T*")-COUNTIF(E42:AF42,"H")-COUNTIF(E42:AF42,"P") -> 20
C43: Maria Burca | D43: BURCA, MARIA | E43: F | F43: F | G43: P06 | H43: P06 | I43: P06 | J43: P06 | K43: F | L43: F | M43: P14 | N43: P14 | O43: P14 | P43: P14 | Q43: F | R43: F | S43: P06 | T43: P06 | U43: P06 | V43: P06 | W43: F | X43: F | Y43: P14 | Z43: P14 | AA43: P14 | AB43: P14 | AC43: F | AD43: F | AE43: P06 | AF43: P06 | AH43: =JAN!AN43 -> 0 | AI43: =COUNTIF(E43:AF43, "UA") -> 0 | AJ43: =AH43-AI43 -> 0 | AM43: =COUNTIF(E43:AF43, "U") -> 0 | AN43: =AL43-AM43 -> 0 | AP43: =COUNTIF(E43:AF43,"P*")+COUNTIF(E43:AF43,"H*")+COUNTIF(E43:AF43,"T*")-COUNTIF(E43:AF43,"H")-COUNTIF(E43:AF43,"P") -> 18
C44: Tassiana Bastos | D44: BASTOS, TASSIANA | E44: F | F44: F | G44: P06 | H44: P06 | I44: P06 | J44: P06 | K44: F | L44: F | M44: P14 | N44: P14 | O44: P14 | P44: P14 | Q44: F | R44: F | S44: P06 | T44: P06 | U44: P06 | V44: P06 | W44: F | X44: F | Y44: P14 | Z44: P14 | AA44: P14 | AB44: P14 | AC44: F | AD44: F | AE44: P06 | AF44: P06 | AH44: =JAN!AN44 -> 2 | AI44: =COUNTIF(E44:AF44, "UA") -> 0 | AJ44: =AH44-AI44 -> 2 | AM44: =COUNTIF(E44:AF44, "U") -> 0 | AN44: =AL44-AM44 -> 0 | AP44: =COUNTIF(E44:AF44,"P*")+COUNTIF(E44:AF44,"H*")+COUNTIF(E44:AF44,"T*")-COUNTIF(E44:AF44,"H")-COUNTIF(E44:AF44,"P") -> 18
C45: Barbara Martins | D45: MARTINS, BARBARA | E45: P14 | F45: P14 | G45: P14 | H45: P14 | I45: F | J45: F | K45: P06 | L45: P06 | M45: P06 | N45: P06 | O45: F | P45: F | Q45: P14 | R45: P14 | S45: P14 | T45: P14 | U45: F | V45: F | W45: P06 | X45: P06 | Y45: P06 | Z45: P06 | AA45: F | AB45: F | AC45: P14 | AD45: P14 | AE45: P14 | AF45: P14 | AH45: =JAN!AN45 -> 0 | AI45: =COUNTIF(E45:AF45, "UA") -> 0 | AJ45: =AH45-AI45 -> 0 | AM45: =COUNTIF(E45:AF45, "U") -> 0 | AN45: =AL45-AM45 -> 0 | AP45: =COUNTIF(E45:AF45,"P*")+COUNTIF(E45:AF45,"H*")+COUNTIF(E45:AF45,"T*")-COUNTIF(E45:AF45,"H")-COUNTIF(E45:AF45,"P") -> 20
C46: Marcos Costa | D46: COSTA, MARCOS FELIPE | E46: P14 | F46: P14 | G46: P14 | H46: P14 | I46: F | J46: F | K46: P06 | L46: P06 | M46: P06 | N46: P06 | O46: F | P46: F | Q46: P14 | R46: P14 | S46: P14 | T46: P14 | U46: F | V46: F | W46: P06 | X46: P06 | Y46: P06 | Z46: P06 | AA46: F | AB46: F | AC46: P14 | AD46: P14 | AE46: P14 | AF46: P14 | AH46: =JAN!AN46 -> 1 | AI46: =COUNTIF(E46:AF46, "UA") -> 0 | AJ46: =AH46-AI46 -> 1 | AM46: =COUNTIF(E46:AF46, "U") -> 0 | AN46: =AL46-AM46 -> 0 | AP46: =COUNTIF(E46:AF46,"P*")+COUNTIF(E46:AF46,"H*")+COUNTIF(E46:AF46,"T*")-COUNTIF(E46:AF46,"H")-COUNTIF(E46:AF46,"P") -> 20
C47: Tatiana Monteiro | D47: MONTEIRO, TATIANA | E47: P06 | F47: P06 | G47: F | H47: F | I47: P14 | J47: P14 | K47: P14 | L47: P14 | M47: F | N47: F | O47: P06 | P47: P06 | Q47: P06 | R47: P06 | S47: F | T47: F | U47: P14 | V47: P14 | W47: P14 | X47: P14 | Y47: F | Z47: F | AA47: P06 | AB47: P06 | AC47: P06 | AD47: P06 | AE47: F | AF47: F | AH47: =JAN!AN47 -> 2 | AI47: =COUNTIF(E47:AF47, "UA") -> 0 | AJ47: =AH47-AI47 -> 2 | AM47: =COUNTIF(E47:AF47, "U") -> 0 | AN47: =AL47-AM47 -> 0 | AP47: =COUNTIF(E47:AF47,"P*")+COUNTIF(E47:AF47,"H*")+COUNTIF(E47:AF47,"T*")-COUNTIF(E47:AF47,"H")-COUNTIF(E47:AF47,"P") -> 18
B49: Hub Services Supervision | D49: P06 | E49: =COUNTIF(E5:E12,$D$49) -> 3 | F49: =COUNTIF(F5:F12,$D$49) -> 3 | G49: =COUNTIF(G5:G12,$D$49) -> 3 | H49: =COUNTIF(H5:H12,$D$49) -> 3 | I49: =COUNTIF(I5:I12,$D$49) -> 3 | J49: =COUNTIF(J5:J12,$D$49) -> 3 | K49: =COUNTIF(K5:K12,$D$49) -> 2 | L49: =COUNTIF(L5:L12,$D$49) -> 3 | ... AF49: =COUNTIF(AF5:AF12,$D$49) -> 2
D50: P14 | E50: =COUNTIF(E5:E12,$D$50) -> 2 | F50: =COUNTIF(F5:F12,$D$50) -> 2 | G50: =COUNTIF(G5:G12,$D$50) -> 2 | H50: =COUNTIF(H5:H12,$D$50) -> 2 | I50: =COUNTIF(I5:I12,$D$50) -> 3 | J50: =COUNTIF(J5:J12,$D$50) -> 3 | K50: =COUNTIF(K5:K12,$D$50) -> 2 | L50: =COUNTIF(L5:L12,$D$50) -> 2 | ... AF50: =COUNTIF(AF5:AF12,$D$50) -> 1
D51: TOTAL Dia | E51: =E49+E50 -> 5 | F51: =F49+F50 -> 5 | G51: =G49+G50 -> 5 | H51: =H49+H50 -> 5 | I51: =I49+I50 -> 6 | J51: =J49+J50 -> 6 | K51: =K49+K50 -> 4 | L51: =L49+L50 -> 5 | ... AF51: =AF49+AF50 -> 3
B53: Remote Passenger Recovery Team | D53: P06 | E53: =COUNTIF(E13:E24,$D$53) -> 4 | F53: =COUNTIF(F13:F24,$D$53) -> 4 | G53: =COUNTIF(G13:G24,$D$53) -> 4 | H53: =COUNTIF(H13:H24,$D$53) -> 4 | I53: =COUNTIF(I13:I24,$D$53) -> 3 | J53: =COUNTIF(J13:J24,$D$53) -> 4 | K53: =COUNTIF(K13:K24,$D$53) -> 4 | L53: =COUNTIF(L13:L24,$D$53) -> 3 | ... AF53: =COUNTIF(AF13:AF24,$D$53) -> 4
D54: P14 | E54: =COUNTIF(E13:E24,$D$54) -> 2 | F54: =COUNTIF(F13:F24,$D$54) -> 3 | G54: =COUNTIF(G13:G24,$D$54) -> 3 | H54: =COUNTIF(H13:H24,$D$54) -> 3 | I54: =COUNTIF(I13:I24,$D$54) -> 3 | J54: =COUNTIF(J13:J24,$D$54) -> 3 | K54: =COUNTIF(K13:K24,$D$54) -> 3 | L54: =COUNTIF(L13:L24,$D$54) -> 2 | ... AF54: =COUNTIF(AF13:AF24,$D$54) -> 3
D55: P22 | E55: =COUNTIF(E13:E24,$D$55) -> 1 | F55: =COUNTIF(F13:F24,$D$55) -> 1 | G55: =COUNTIF(G13:G24,$D$55) -> 1 | H55: =COUNTIF(H13:H24,$D$55) -> 1 | I55: =COUNTIF(I13:I24,$D$55) -> 1 | J55: =COUNTIF(J13:J24,$D$55) -> 1 | K55: =COUNTIF(K13:K24,$D$55) -> 1 | L55: =COUNTIF(L13:L24,$D$55) -> 1 | ... AF55: =COUNTIF(AF13:AF24,$D$55) -> 1
D56: TOTAL Dia | E56: =E53+E54+E55 -> 7 | F56: =F53+F54+F55 -> 8 | G56: =G53+G54+G55 -> 8 | H56: =H53+H54+H55 -> 8 | I56: =I53+I54+I55 -> 7 | J56: =J53+J54+J55 -> 8 | K56: =K53+K54+K55 -> 8 | L56: =L53+L54+L55 -> 6 | ... AF56: =AF53+AF54+AF55 -> 8
B58: Hubs Services Team | D58: P06 | E58: =COUNTIF(E25:E35,$D$58) -> 4 | F58: =COUNTIF(F25:F35,$D$58) -> 2 | G58: =COUNTIF(G25:G35,$D$58) -> 2 | H58: =COUNTIF(H25:H35,$D$58) -> 2 | I58: =COUNTIF(I25:I35,$D$58) -> 2 | J58: =COUNTIF(J25:J35,$D$58) -> 4 | K58: =COUNTIF(K25:K35,$D$58) -> 4 | L58: =COUNTIF(L25:L35,$D$58) -> 3 | ... AF58: =COUNTIF(AF25:AF35,$D$58) -> 4
D59: P14 | E59: =COUNTIF(E25:E35,$D$59) -> 4 | F59: =COUNTIF(F25:F35,$D$59) -> 4 | G59: =COUNTIF(G25:G35,$D$59) -> 4 | H59: =COUNTIF(H25:H35,$D$59) -> 4 | I59: =COUNTIF(I25:I35,$D$59) -> 3 | J59: =COUNTIF(J25:J35,$D$59) -> 3 | K59: =COUNTIF(K25:K35,$D$59) -> 4 | L59: =COUNTIF(L25:L35,$D$59) -> 3 | ... AF59: =COUNTIF(AF25:AF35,$D$59) -> 3
D60: P22 | E60: =COUNTIF(E25:E35,$D$60) -> 1 | F60: =COUNTIF(F25:F35,$D$60) -> 1 | G60: =COUNTIF(G25:G35,$D$60) -> 1 | H60: =COUNTIF(H25:H35,$D$60) -> 1 | I60: =COUNTIF(I25:I35,$D$60) -> 1 | J60: =COUNTIF(J25:J35,$D$60) -> 1 | K60: =COUNTIF(K25:K35,$D$60) -> 1 | L60: =COUNTIF(L25:L35,$D$60) -> 1 | ... AF60: =COUNTIF(AF25:AF35,$D$60) -> 0
D61: TOTAL Dia | E61: =E58+E59+E60 -> 9 | F61: =F58+F59+F60 -> 7 | G61: =G58+G59+G60 -> 7 | H61: =H58+H59+H60 -> 7 | I61: =I58+I59+I60 -> 6 | J61: =J58+J59+J60 -> 8 | K61: =K58+K59+K60 -> 9 | L61: =L58+L59+L60 -> 7 | ... AF61: =AF58+AF59+AF60 -> 7
B63: LHX & Catering | D63: H05 | E63: =COUNTIF(E36:E39,$D$63) -> 1 | F63: =COUNTIF(F36:F39,$D$63) -> 1 | G63: =COUNTIF(G36:G39,$D$63) -> 1 | H63: =COUNTIF(H36:H39,$D$63) -> 1 | I63: =COUNTIF(I36:I39,$D$63) -> 1 | J63: =COUNTIF(J36:J39,$D$63) -> 1 | K63: =COUNTIF(K36:K39,$D$63) -> 1 | L63: =COUNTIF(L36:L39,$D$63) -> 1 | ... AF63: =COUNTIF(AF36:AF39,$D$63) -> 1
D64: P13 | E64: =COUNTIF(E36:E39,$D$64) -> 1 | F64: =COUNTIF(F36:F39,$D$64) -> 1 | G64: =COUNTIF(G36:G39,$D$64) -> 1 | H64: =COUNTIF(H36:H39,$D$64) -> 1 | I64: =COUNTIF(I36:I39,$D$64) -> 1 | J64: =COUNTIF(J36:J39,$D$64) -> 1 | K64: =COUNTIF(K36:K39,$D$64) -> 1 | L64: =COUNTIF(L36:L39,$D$64) -> 1 | ... AF64: =COUNTIF(AF36:AF39,$D$64) -> 1
D65: TOTAL Dia | E65: =E63+E64 -> 2 | F65: =F63+F64 -> 2 | G65: =G63+G64 -> 2 | H65: =H63+H64 -> 2 | I65: =I63+I64 -> 2 | J65: =J63+J64 -> 2 | K65: =K63+K64 -> 2 | L65: =L63+L64 -> 2 | ... AF65: =AF63+AF64 -> 2
B67: INAD HUB/CG/DEPO | D67: P06 | E67: =COUNTIF(E43:E47,$D$67) -> 1 | F67: =COUNTIF(F43:F47,$D$67) -> 1 | G67: =COUNTIF(G43:G47,$D$67) -> 2 | H67: =COUNTIF(H43:H47,$D$67) -> 2 | I67: =COUNTIF(I43:I47,$D$67) -> 2 | J67: =COUNTIF(J43:J47,$D$67) -> 2 | K67: =COUNTIF(K43:K47,$D$67) -> 2 | L67: =COUNTIF(L43:L47,$D$67) -> 2 | ... AF67: =COUNTIF(AF43:AF47,$D$67) -> 2
D68: P14 | E68: =COUNTIF(E43:E47,$D$68) -> 2 | F68: =COUNTIF(F43:F47,$D$68) -> 2 | G68: =COUNTIF(G43:G47,$D$68) -> 2 | H68: =COUNTIF(H43:H47,$D$68) -> 2 | I68: =COUNTIF(I43:I47,$D$68) -> 1 | J68: =COUNTIF(J43:J47,$D$68) -> 1 | K68: =COUNTIF(K43:K47,$D$68) -> 1 | L68: =COUNTIF(L43:L47,$D$68) -> 1 | ... AF68: =COUNTIF(AF43:AF47,$D$68) -> 2
D69: TOTAL Dia | E69: =E67+E68 -> 3 | F69: =F67+F68 -> 3 | G69: =G67+G68 -> 4 | H69: =H67+H68 -> 4 | I69: =I67+I68 -> 3 | J69: =J67+J68 -> 3 | K69: =K67+K68 -> 3 | L69: =L67+L68 -> 3 | ... AF69: =AF67+AF68 -> 4
E75: F | F75: Folga | K75: FJ | L75: Falta Justificada | Q75: Legenda | V75: Horário | Y75: Pausa
E76: A | F76: Folga de compensacao | K76: FINJ | L76: Falta Injustificada | Q76: H | R76: Home Office | U76: P22 | V76: 22h00-06h00 | Y76: 02h00 - 02h30
E77: H | F77: Feriado | K77: M | L77: Licenca | Q77: P | R77: Presencial | U77: P23 | V77: 23h00-07h00 | Y77: 03h00 - 03h30
E78: U | F78: Ferias | K78: P | L78: Licenca | Q78: - | R78: 45min | U78: H03/ | V78: 03h30-11h30 | Y78: 07h30 - 08h00
E79: UA | F79: Ferias do ano anterior | K79: S1 | L79: Licenca | Q79: / | R79: 30min | U79: H05 | V79: 05h00-13h00 | Y79: 09h00 - 09h30
E80: H | F80: Feriado nao aprovado | K80: K | L80: Ausente | Q80: * | R80: 15min | U80: H05/ | V80: 05h30-13h30 | Y80: 09h30 - 10h00
E81: U | F81: Dia de ferias nao aprovado | K81: K1 | L81: Ausente | U81: P05- | V81: 05h45-13h45 | Y81: 09h45 - 10h15
E82: B | F82: Birthday | K82: K2 | L82: Ausente | U82: P06 | V82: 06h00 - 14h00 | Y82: 10h00 - 10h30
E83: B* | F83: Birthday - dia alternativo | K83: K6 | L83: Ausente | U83: P06/ | V83: 06h30 - 14h30 | Y83: 10h30 - 11h00
E84: TR | F84: Training | K84: E | L84: Ausente | U84: P06- | V84: 06h45 - 14h45 | Y84: 10h45 - 11h15
E85: S3 | F85: Ausencia Especial | K85: EM | L85: Ausente | U85: P07 | V85: 07h00-15h00 | Y85: 11h00 - 11h30
E86: TB | F86: Team Building | K86: J | L86: Ausente | U86: P07* | V86: 07h15-15h15 | Y86: 11h15 - 11h45
E87: R | F87: Viagem em Servico | K87: NO | L87: Ausente | U87: P07/ | V87: 07h30 - 15h30 | Y87: 11h30 - 12h00
E88: D | F88: Viagem em Servico Alemanha | K88: CM1 | L88: Ausente | U88: P07- | V88: 07h45 - 15h45 | Y88: 11h45 - 12h15
E89: SE | F89: Servico Especial | K89: V | L89: Solidariedade | U89: P08 | V89: 08h00-16h00 | Y89: 12h00 - 12h30
U90: P08* | V90: 08h15-16h15 | Y90: 12h15 - 12h45
U91: P08/ | V91: 08h30-16h30 | Y91: 12h30 - 13h30
U92: P08- | V92: 08h45-16h45 | Y92: 12h45 - 13h15
U93: P09 | V93: 09h00-17h00 | Y93: 13h00 - 13h30
U94: P09* | V94: 09h15-17h15 | Y94: 13h15 - 13h45
U95: P10 | V95: 10h00-18h00 | Y95: 14h00 - 14h30
U96: P11 | V96: 11h00-19h00 | Y96: 15h00 - 15h30
U97: P12 | V97: 12h00-20h00 | Y97: 16h00 - 16h30
U98: P13 | V98: 13h00-21h00 | Y98: 17h00 - 17h30
U99: P14 | V99: 14h00-22h00 | Y99: 18h00 - 18h30
U100: P15 | V100: 15h00-23h00 | Y100: 19h00 - 19h30
U101: P16 | V101: 16h00-00h00 | Y101: 20h00 - 20h30
U102: H17 | V102: 17h00-01h00 | Y102: 21h00 - 21h30

Sheet MAR
B2: Not Finalized | C2: HUB Services | E2: LGSP - Lufthansa Ground Services Portugal NIF : 509 842 593 Atividade: CAE 52230.R3 Sede e local de trabalho: Avenida da Boavista ED.Burgo, 1837 sala 13.1 Horario de Funcionamento: 24/7 IRT: Não Aplicável | AK2: Ferias 2025 | AO2: Ferias 2026 | AS2: Dias Trabalhados
C3: Marco | E3: Dom | F3: Seg | G3: Ter | H3: Qua | I3: Qui | J3: Sex | K3: Sab | L3: Dom | M3: Seg | N3: Ter | O3: Qua | P3: Qui | Q3: Sex | R3: Sab | S3: Dom | T3: Seg | U3: Ter | V3: Qua | W3: Qui | X3: Sex | Y3: Sab | Z3: Dom | AA3: Seg | AB3: Ter | AC3: Qua | AD3: Qui | AE3: Sex | AF3: Sab | AG3: Dom | AH3: Seg | AI3: Ter
E4: 1 | F4: 2 | G4: 3 | H4: 4 | I4: 5 | J4: 6 | K4: 7 | L4: 8 | M4: 9 | N4: 10 | O4: 11 | P4: 12 | Q4: 13 | R4: 14 | S4: 15 | T4: 16 | U4: 17 | V4: 18 | W4: 19 | X4: 20 | Y4: 21 | Z4: 22 | AA4: 23 | AB4: 24 | AC4: 25 | AD4: 26 | AE4: 27 | AF4: 28 | AG4: 29 | AH4: 30 | AI4: 31 | AK4: 2025 | AL4: Used | AM4: Left | AO4: 2026 | AP4: Used | AQ4: Left
B5: Hub Services Supervision | C5: Catarina Ferreira | D5: FERREIRA, CATARINA | E5: P06 | F5: P06 | G5: F | H5: F | I5: P14 | J5: P14 | K5: P14 | L5: P14 | M5: F | N5: F | O5: P06 | P5: P06 | Q5: P06 | R5: P06 | S5: F | T5: F | U5: P14 | V5: P14 | W5: P14 | X5: P14 | Y5: F | Z5: F | AA5: P06 | AB5: P06 | AC5: P06 | AD5: P06 | AE5: F | AF5: F | AG5: P14 | AH5: P14 | AI5: P14 | AK5: =FEB!AJ5 -> 1 | AL5: =COUNTIF(E5:AI5, "UA") -> 0 | AM5: =AK5-AL5 -> 1 | AP5: =COUNTIF(E5:AI5, "U") -> 0 | AQ5: =AO5-AP5 -> 0 | AS5: =COUNTIF(E5:AI5,"P*")+COUNTIF(E5:AI5,"H*")+COUNTIF(E5:AI5,"T*")-COUNTIF(E5:AI5,"H")-COUNTIF(E5:AI5,"P") -> 21
C6: Miguel Pinto | D6: PINTO, MIGUEL | E6: P14 | F6: P14 | G6: P14 | H6: P14 | I6: F | J6: F | K6: P06 | L6: P06 | M6: P06 | N6: P06 | O6: F | P6: F | Q6: P14 | R6: P14 | S6: P14 | T6: P14 | U6: F | V6: F | W6: P06 | X6: P06 | Y6: P06 | Z6: P06 | AA6: F | AB6: F | AC6: P14 | AD6: P14 | AE6: P14 | AF6: P14 | AG6: F | AH6: F | AI6: P06 | AK6: =FEB!AJ6 -> 0 | AL6: =COUNTIF(E6:AI6, "UA") -> 0 | AM6: =AK6-AL6 -> 0 | AP6: =COUNTIF(E6:AI6, "U") -> 0 | AQ6: =AO6-AP6 -> 0 | AS6: =COUNTIF(E6:AI6,"P*")+COUNTIF(E6:AI6,"H*")+COUNTIF(E6:AI6,"T*")-COUNTIF(E6:AI6,"H")-COUNTIF(E6:AI6,"P") -> 21
C7: João Santos Silva | D7: SANTOS SILVA, JOAO | E7: P22 | F7: F | G7: F | H7: P14 | I7: P14 | J7: P14 | K7: P14 | L7: P14 | M7: F | N7: P06 | O7: P06 | P7: P06 | Q7: F | R7: F | S7: F | T7: UA | U7: P14 | V7: P14 | W7: P14 | X7: F | Y7: F | Z7: P06 | AA7: P06 | AB7: P06 | AC7: P06 | AD7: F | AE7: F | AF7: P14 | AG7: P14 | AH7: P14 | AI7: P14 | AK7: =FEB!AJ7 -> 1 | AL7: =COUNTIF(E7:AI7, "UA") -> 1 | AM7: =AK7-AL7 -> 0 | AP7: =COUNTIF(E7:AI7, "U") -> 0 | AQ7: =AO7-AP7 -> 0 | AS7: =COUNTIF(E7:AI7,"P*")+COUNTIF(E7:AI7,"H*")+COUNTIF(E7:AI7,"T*")-COUNTIF(E7:AI7,"H")-COUNTIF(E7:AI7,"P") -> 20
C8: Ana Magalhães | D8: MAGALHAES, ANA CATARINA | E8: P06 | F8: P06 | G8: P06 | H8: F | I8: F | J8: P14 | K8: P14 | L8: P14 | M8: P14 | N8: F | O8: F | P8: P06 | Q8: P06 | R8: P06 | S8: P06 | T8: F | U8: F | V8: P14 | W8: P14 | X8: P14 | Y8: P14 | Z8: F | AA8: F | AB8: P06 | AC8: P06 | AD8: P06 | AE8: P06 | AF8: F | AG8: F | AH8: P14 | AI8: P14 | AK8: =FEB!AJ8 -> 2 | AL8: =COUNTIF(E8:AI8, "UA") -> 0 | AM8: =AK8-AL8 -> 2 | AP8: =COUNTIF(E8:AI8, "U") -> 0 | AQ8: =AO8-AP8 -> 0 | AS8: =COUNTIF(E8:AI8,"P*")+COUNTIF(E8:AI8,"H*")+COUNTIF(E8:AI8,"T*")-COUNTIF(E8:AI8,"H")-COUNTIF(E8:AI8,"P") -> 21
C9: Jorge Gonçalves | D9: GONCALVES, JORGE | E9: F | F9: P14 | G9: P14 | H9: P14 | I9: P14 | J9: F | K9: F | L9: P06 | M9: P06 | N9: P06 | O9: P06 | P9: F | Q9: F | R9: P14 | S9: P14 | T9: P14 | U9: P14 | V9: F | W9: F | X9: P06 | Y9: P06 | Z9: P06 | AA9: P06 | AB9: F | AC9: F | AD9: P14 | AE9: P14 | AF9: P14 | AG9: P14 | AH9: F | AI9: F | AK9: =FEB!AJ9 -> 0 | AL9: =COUNTIF(E9:AI9, "UA") -> 0 | AM9: =AK9-AL9 -> 0 | AP9: =COUNTIF(E9:AI9, "U") -> 0 | AQ9: =AO9-AP9 -> 0 | AS9: =COUNTIF(E9:AI9,"P*")+COUNTIF(E9:AI9,"H*")+COUNTIF(E9:AI9,"T*")-COUNTIF(E9:AI9,"H")-COUNTIF(E9:AI9,"P") -> 20
C10: Sara Medeiros | D10: MEDEIROS, SARA | E10: P14 | F10: P14 | G10: P14 | H10: F | I10: F | J10: P06 | K10: P06 | L10: P06 | M10: P06 | N10: F | O10: F | P10: P14 | Q10: P14 | R10: P14 | S10: P14 | T10: F | U10: F | V10: P06 | W10: P06 | X10: P06 | Y10: P06 | Z10: F | AA10: F | AB10: P14 | AC10: P14 | AD10: P14 | AE10: P14 | AF10: F | AG10: F | AH10: P06 | AI10: P06 | AK10: =FEB!AJ10 -> 0 | AL10: =COUNTIF(E10:AI10, "UA") -> 0 | AM10: =AK10-AL10 -> 0 | AP10: =COUNTIF(E10:AI10, "U") -> 0 | AQ10: =AO10-AP10 -> 0 | AS10: =COUNTIF(E10:AI10,"P*")+COUNTIF(E10:AI10,"H*")+COUNTIF(E10:AI10,"T*")-COUNTIF(E10:AI10,"H")-COUNTIF(E10:AI10,"P") -> 21
C11: Catarina Pereira | D11: PEREIRA, CATARINA | E11: F | F11: P06 | G11: P06 | H11: P06 | I11: P06 | J11: F | K11: F | L11: F | M11: P14 | N11: P14 | O11: P14 | P11: F | Q11: P06 | R11: P06 | S11: P06 | T11: P06 | U11: P06 | V11: F | W11: F | X11: P14 | Y11: P14 | Z11: P14 | AA11: P14 | AB11: F | AC11: F | AD11: P06 | AE11: P06 | AF11: P06 | AG11: P06 | AH11: F | AI11: F | AK11: =FEB!AJ11 -> 0 | AL11: =COUNTIF(E11:AI11, "UA") -> 0 | AM11: =AK11-AL11 -> 0 | AP11: =COUNTIF(E11:AI11, "U") -> 0 | AQ11: =AO11-AP11 -> 0 | AS11: =COUNTIF(E11:AI11,"P*")+COUNTIF(E11:AI11,"H*")+COUNTIF(E11:AI11,"T*")-COUNTIF(E11:AI11,"H")-COUNTIF(E11:AI11,"P") -> 20
C12: Catia Martins | D12: MARTINS, CATIA | E12: P14 | F12: F | G12: F | H12: P06 | I12: P06 | J12: P06 | K12: P06 | L12: F | M12: F | N12: P14 | O12: P14 | P12: P14 | Q12: P14 | R12: F | S12: F | T12: P06 | U12: P06 | V12: P06 | W12: P06 | X12: F | Y12: F | Z12: P14 | AA12: P14 | AB12: P14 | AC12: P14 | AD12: F | AE12: F | AF12: P06 | AG12: P06 | AH12: P06 | AI12: P06 | AK12: =FEB!AJ12 -> 0 | AL12: =COUNTIF(E12:AI12, "UA") -> 0 | AM12: =AK12-AL12 -> 0 | AP12: =COUNTIF(E12:AI12, "U") -> 0 | AQ12: =AO12-AP12 -> 0 | AS12: =COUNTIF(E12:AI12,"P*")+COUNTIF(E12:AI12,"H*")+COUNTIF(E12:AI12,"T*")-COUNTIF(E12:AI12,"H")-COUNTIF(E12:AI12,"P") -> 21
B13: Remote Passenger Recovery Team | C13: Ricardo Bessa | D13: BESSA, RICARDO | E13: F | F13: P06 | G13: P06 | H13: P06 | I13: P06 | J13: F | K13: F | L13: P14 | M13: P14 | N13: P14 | O13: P14 | P13: F | Q13: F | R13: P06 | S13: P06 | T13: P06 | U13: P06 | V13: F | W13: F | X13: P06 | Y13: P06 | Z13: P06 | AA13: P06 | AB13: F | AC13: F | AD13: P06 | AE13: P06 | AF13: P06 | AG13: P06 | AH13: F | AI13: F | AK13: =FEB!AJ13 -> 0 | AL13: =COUNTIF(E13:AI13, "UA") -> 0 | AM13: =AK13-AL13 -> 0 | AP13: =COUNTIF(E13:AI13, "U") -> 0 | AQ13: =AO13-AP13 -> 0 | AS13: =COUNTIF(E13:AI13,"P*")+COUNTIF(E13:AI13,"H*")+COUNTIF(E13:AI13,"T*")-COUNTIF(E13:AI13,"H")-COUNTIF(E13:AI13,"P") -> 20
C14: Samuel Neves | D14: NEVES, SAMUEL | E14: P14 | F14: P14 | G14: P14 | H14: F | I14: F | J14: P06 | K14: P06 | L14: P06 | M14: P06 | N14: F | O14: F | P14: P14 | Q14: P14 | R14: P14 | S14: P14 | T14: F | U14: F | V14: P06 | W14: P06 | X14: P06 | Y14: P06 | Z14: F | AA14: F | AB14: P06 | AC14: P06 | AD14: P06 | AE14: P06 | AF14: F | AG14: F | AH14: UA | AI14: UA | AK14: =FEB!AJ14 -> 11 | AL14: =COUNTIF(E14:AI14, "UA") -> 2 | AM14: =AK14-AL14 -> 9 | AP14: =COUNTIF(E14:AI14, "U") -> 0 | AQ14: =AO14-AP14 -> 0 | AS14: =COUNTIF(E14:AI14,"P*")+COUNTIF(E14:AI14,"H*")+COUNTIF(E14:AI14,"T*")-COUNTIF(E14:AI14,"H")-COUNTIF(E14:AI14,"P") -> 19
C15: Ricardo Medeiros | D15: MEDEIROS, RICARDO | E15: P22 | F15: F | G15: F | H15: P14 | I15: P14 | J15: P14 | K15: P14 | L15: F | M15: F | N15: P06 | O15: P06 | P15: P06 | Q15: P06 | R15: F | S15: F | T15: P14 | U15: P14 | V15: P14 | W15: P14 | X15: F | Y15: F | Z15: P06 | AA15: P06 | AB15: P06 | AC15: P06 | AD15: F | AE15: F | AF15: P06 | AG15: P06 | AH15: P06 | AI15: P06 | AK15: =FEB!AJ15 -> 0 | AL15: =COUNTIF(E15:AI15, "UA") -> 0 | AM15: =AK15-AL15 -> 0 | AP15: =COUNTIF(E15:AI15, "U") -> 0 | AQ15: =AO15-AP15 -> 0 | AS15: =COUNTIF(E15:AI15,"P*")+COUNTIF(E15:AI15,"H*")+COUNTIF(E15:AI15,"T*")-COUNTIF(E15:AI15,"H")-COUNTIF(E15:AI15,"P") -> 21
C16: Joana Pinheiro | D16: PINHEIRO, JOANA | E16: F | F16: P22 | G16: P22 | H16: P22 | I16: P22 | J16: F | K16: F | L16: P14 | M16: P14 | N16: P14 | O16: P14 | P16: F | Q16: F | R16: P06 | S16: P06 | T16: P06 | U16: P06 | V16: F | W16: F | X16: P14 | Y16: P14 | Z16: P14 | AA16: P14 | AB16: F | AC16: F | AD16: P06 | AE16: P06 | AF16: P06 | AG16: P06 | AH16: F | AI16: F | AK16: =FEB!AJ16 -> 0 | AL16: =COUNTIF(E16:AI16, "UA") -> 0 | AM16: =AK16-AL16 -> 0 | AP16: =COUNTIF(E16:AI16, "U") -> 0 | AQ16: =AO16-AP16 -> 0 | AS16: =COUNTIF(E16:AI16,"P*")+COUNTIF(E16:AI16,"H*")+COUNTIF(E16:AI16,"T*")-COUNTIF(E16:AI16,"H")-COUNTIF(E16:AI16,"P") -> 20
C17: Bruna Lima | D17: LIMA, BRUNA | E17: P06 | F17: P06 | G17: P06 | H17: F | I17: F | J17: P22 | K17: P22 | L17: P22 | M17: P22 | N17: F | O17: F | P17: P14 | Q17: P14 | R17: P14 | S17: P14 | T17: F | U17: F | V17: P06 | W17: P06 | X17: P06 | Y17: P06 | Z17: F | AA17: F | AB17: P14 | AC17: P14 | AD17: P14 | AE17: P14 | AF17: F | AG17: F | AH17: P06 | AI17: P06 | AK17: =FEB!AJ17 -> 0 | AL17: =COUNTIF(E17:AI17, "UA") -> 0 | AM17: =AK17-AL17 -> 0 | AP17: =COUNTIF(E17:AI17, "U") -> 0 | AQ17: =AO17-AP17 -> 0 | AS17: =COUNTIF(E17:AI17,"P*")+COUNTIF(E17:AI17,"H*")+COUNTIF(E17:AI17,"T*")-COUNTIF(E17:AI17,"H")-COUNTIF(E17:AI17,"P") -> 21
C18: Ivo Latourrette | D18: LATOURRETTE, IVO | E18: P06 | F18: F | G18: F | H18: P06 | I18: P06 | J18: P06 | K18: P06 | L18: F | M18: F | N18: P22 | O18: P22 | P18: P22 | Q18: P22 | R18: F | S18: F | T18: P14 | U18: P14 | V18: P14 | W18: P14 | X18: F | Y18: F | Z18: UA | AA18: UA | AB18: UA | AC18: UA | AD18: F | AE18: B | AF18: B* | AG18: UA | AH18: UA | AI18: UA | AK18: =FEB!AJ18 -> 13 | AL18: =COUNTIF(E18:AI18, "UA") -> 7 | AM18: =AK18-AL18 -> 6 | AP18: =COUNTIF(E18:AI18, "U") -> 0 | AQ18: =AO18-AP18 -> 0 | AS18: =COUNTIF(E18:AI18,"P*")+COUNTIF(E18:AI18,"H*")+COUNTIF(E18:AI18,"T*")-COUNTIF(E18:AI18,"H")-COUNTIF(E18:AI18,"P") -> 13
C19: Inês Coelho | D19: COELHO, INES | E19: F | F19: P06 | G19: P06 | H19: P06 | I19: P06 | J19: F | K19: F | L19: P14 | M19: P14 | N19: P14 | O19: P14 | P19: F | Q19: F | R19: P22 | S19: P22 | T19: P22 | U19: P22 | V19: F | W19: F | X19: P14 | Y19: P14 | Z19: P14 | AA19: P14 | AB19: F | AC19: F | AD19: P06 | AE19: P06 | AF19: P06 | AG19: P06 | AH19: F | AI19: F | AK19: =FEB!AJ19 -> 0 | AL19: =COUNTIF(E19:AI19, "UA") -> 0 | AM19: =AK19-AL19 -> 0 | AP19: =COUNTIF(E19:AI19, "U") -> 0 | AQ19: =AO19-AP19 -> 0 | AS19: =COUNTIF(E19:AI19,"P*")+COUNTIF(E19:AI19,"H*")+COUNTIF(E19:AI19,"T*")-COUNTIF(E19:AI19,"H")-COUNTIF(E19:AI19,"P") -> 20
C20: Jose Alves | D20: ALVES, JOSE | E20: P14 | F20: P14 | G20: P14 | H20: F | I20: F | J20: P06 | K20: P06 | L20: P06 | M20: P06 | N20: F | O20: F | P20: P14 | Q20: P14 | R20: P14 | S20: P14 | T20: F | U20: F | V20: P22 | W20: P22 | X20: P22 | Y20: P22 | Z20: F | AA20: F | AB20: P14 | AC20: P14 | AD20: P14 | AE20: P14 | AF20: F | AG20: F | AH20: P06 | AI20: P06 | AK20: =FEB!AJ20 -> 0 | AL20: =COUNTIF(E20:AI20, "UA") -> 0 | AM20: =AK20-AL20 -> 0 | AP20: =COUNTIF(E20:AI20, "U") -> 0 | AQ20: =AO20-AP20 -> 0 | AS20: =COUNTIF(E20:AI20,"P*")+COUNTIF(E20:AI20,"H*")+COUNTIF(E20:AI20,"T*")-COUNTIF(E20:AI20,"H")-COUNTIF(E20:AI20,"P") -> 21
C21: Alefe Sobral | D21: SOBRAL, ALEFE | E21: P06 | F21: F | G21: F | H21: P14 | I21: P14 | J21: P14 | K21: P14 | L21: F | M21: F | N21: P06 | O21: P06 | P21: P06 | Q21: P06 | R21: F | S21: F | T21: P14 | U21: P14 | V21: P14 | W21: P14 | X21: F | Y21: F | Z21: P22 | AA21: P22 | AB21: P22 | AC21: P22 | AD21: F | AE21: F | AF21: P14 | AG21: P14 | AH21: P14 | AI21: P14 | AK21: =FEB!AJ21 -> 0 | AL21: =COUNTIF(E21:AI21, "UA") -> 0 | AM21: =AK21-AL21 -> 0 | AP21: =COUNTIF(E21:AI21, "U") -> 0 | AQ21: =AO21-AP21 -> 0 | AS21: =COUNTIF(E21:AI21,"P*")+COUNTIF(E21:AI21,"H*")+COUNTIF(E21:AI21,"T*")-COUNTIF(E21:AI21,"H")-COUNTIF(E21:AI21,"P") -> 21
C22: Gonçalo Pereira | D22: PEREIRA, GONCALO | E22: F | F22: P06 | G22: P06 | H22: P06 | I22: P06 | J22: F | K22: F | L22: P14 | M22: P14 | N22: P14 | O22: P14 | P22: F | Q22: F | R22: P06 | S22: P06 | T22: P06 | U22: P06 | V22: F | W22: F | X22: UA | Y22: P14 | Z22: P14 | AA22: P14 | AB22: F | AC22: F | AD22: P22 | AE22: P22 | AF22: P22 | AG22: P22 | AH22: F | AI22: F | AK22: =FEB!AJ22 -> 1 | AL22: =COUNTIF(E22:AI22, "UA") -> 1 | AM22: =AK22-AL22 -> 0 | AP22: =COUNTIF(E22:AI22, "U") -> 0 | AQ22: =AO22-AP22 -> 0 | AS22: =COUNTIF(E22:AI22,"P*")+COUNTIF(E22:AI22,"H*")+COUNTIF(E22:AI22,"T*")-COUNTIF(E22:AI22,"H")-COUNTIF(E22:AI22,"P") -> 19
C23: Carlos Carvalhais | D23: CARVALHAIS, CARLOS | E23: P14 | F23: P14 | G23: P14 | H23: F | I23: F | J23: P06 | K23: P06 | L23: P06 | M23: P06 | N23: F | O23: F | P23: P06 | Q23: P06 | R23: P06 | S23: P06 | T23: F | U23: F | V23: P22 | W23: P22 | X23: P22 | Y23: P22 | Z23: F | AA23: F | AB23: P14 | AC23: P14 | AD23: P14 | AE23: P14 | AF23: F | AG23: F | AH23: P22 | AI23: P22 | AK23: =FEB!AJ23 -> 3 | AL23: =COUNTIF(E23:AI23, "UA") -> 0 | AM23: =AK23-AL23 -> 3 | AP23: =COUNTIF(E23:AI23, "U") -> 0 | AQ23: =AO23-AP23 -> 0 | AS23: =COUNTIF(E23:AI23,"P*")+COUNTIF(E23:AI23,"H*")+COUNTIF(E23:AI23,"T*")-COUNTIF(E23:AI23,"H")-COUNTIF(E23:AI23,"P") -> 21
C24: Ines Pilre | D24: PILRE, INES | E24: P06 | F24: F | G24: F | H24: P14 | I24: P14 | J24: P10 | K24: P06 | L24: F | M24: F | N24: P06 | O24: P06 | P24: P06 | Q24: P06 | R24: F | S24: F | T24: P14 | U24: P14 | V24: P14 | W24: P14 | X24: F | Y24: F | Z24: P06 | AA24: P06 | AB24: P06 | AC24: P06 | AD24: F | AE24: F | AF24: P14 | AG24: P14 | AH24: P14 | AI24: P14 | AK24: =FEB!AJ24 -> 0 | AL24: =COUNTIF(E24:AI24, "UA") -> 0 | AM24: =AK24-AL24 -> 0 | AP24: =COUNTIF(E24:AI24, "U") -> 0 | AQ24: =AO24-AP24 -> 0 | AS24: =COUNTIF(E24:AI24,"P*")+COUNTIF(E24:AI24,"H*")+COUNTIF(E24:AI24,"T*")-COUNTIF(E24:AI24,"H")-COUNTIF(E24:AI24,"P") -> 21
B25: Hubs Services Team | C25: Raquel Oliveira | D25: OLIVEIRA, RAQUEL ALEXANDRA | E25: F | F25: P06 | G25: P06 | H25: P06 | I25: P06 | J25: F | K25: F | L25: P14 | M25: P14 | N25: P14 | O25: P14 | P25: F | Q25: F | R25: P06 | S25: P06 | T25: P06 | U25: P06 | V25: F | W25: F | X25: P06 | Y25: P06 | Z25: P06 | AA25: P06 | AB25: F | AC25: F | AD25: P22 | AE25: P22 | AF25: P22 | AG25: P22 | AH25: F | AI25: F | AK25: =FEB!AJ25 -> 0 | AL25: =COUNTIF(E25:AI25, "UA") -> 0 | AM25: =AK25-AL25 -> 0 | AP25: =COUNTIF(E25:AI25, "U") -> 0 | AQ25: =AO25-AP25 -> 0 | AS25: =COUNTIF(E25:AI25,"P*")+COUNTIF(E25:AI25,"H*")+COUNTIF(E25:AI25,"T*")-COUNTIF(E25:AI25,"H")-COUNTIF(E25:AI25,"P") -> 20
C26: Rafael Silva | D26: SILVA, RAFAEL | E26: P14 | F26: P14 | G26: P14 | H26: F | I26: F | J26: P06 | K26: P06 | L26: P06 | M26: P06 | N26: F | O26: F | P26: P14 | Q26: P14 | R26: P14 | S26: P14 | T26: F | U26: F | V26: P06 | W26: P06 | X26: P06 | Y26: P06 | Z26: F | AA26: F | AB26: P14 | AC26: P14 | AD26: P14 | AE26: P14 | AF26: F | AG26: F | AH26: P22 | AI26: P22 | AK26: =FEB!AJ26 -> 0 | AL26: =COUNTIF(E26:AI26, "UA") -> 0 | AM26: =AK26-AL26 -> 0 | AP26: =COUNTIF(E26:AI26, "U") -> 0 | AQ26: =AO26-AP26 -> 0 | AS26: =COUNTIF(E26:AI26,"P*")+COUNTIF(E26:AI26,"H*")+COUNTIF(E26:AI26,"T*")-COUNTIF(E26:AI26,"H")-COUNTIF(E26:AI26,"P") -> 21
C27: Jose Borges | D27: BORGES, JOSE | E27: F | F27: P22 | G27: P22 | H27: P22 | I27: P22 | J27: F | K27: F | L27: P14 | M27: P14 | N27: P14 | O27: P14 | P27: F | Q27: F | R27: P06 | S27: P06 | T27: P06 | U27: P06 | V27: F | W27: F | X27: P14 | Y27: P14 | Z27: P14 | AA27: P14 | AB27: F | AC27: F | AD27: P06 | AE27: P06 | AF27: P06 | AG27: P06 | AH27: F | AI27: F | AK27: =FEB!AJ27 -> 11 | AL27: =COUNTIF(E27:AI27, "UA") -> 0 | AM27: =AK27-AL27 -> 11 | AP27: =COUNTIF(E27:AI27, "U") -> 0 | AQ27: =AO27-AP27 -> 0 | AS27: =COUNTIF(E27:AI27,"P*")+COUNTIF(E27:AI27,"H*")+COUNTIF(E27:AI27,"T*")-COUNTIF(E27:AI27,"H")-COUNTIF(E27:AI27,"P") -> 20
C28: Josue Fula | D28: FULA, JOSUE | E28: P06 | F28: P06 | G28: P06 | H28: F | I28: F | J28: P22 | K28: P22 | L28: P22 | M28: P22 | N28: F | O28: F | P28: P14 | Q28: P14 | R28: P14 | S28: P14 | T28: F | U28: F | V28: P14 | W28: P14 | X28: P14 | Y28: P14 | Z28: F | AA28: F | AB28: P14 | AC28: P14 | AD28: P14 | AE28: P14 | AF28: F | AG28: F | AH28: P06 | AI28: P06 | AK28: =FEB!AJ28 -> 0 | AL28: =COUNTIF(E28:AI28, "UA") -> 0 | AM28: =AK28-AL28 -> 0 | AP28: =COUNTIF(E28:AI28, "U") -> 0 | AQ28: =AO28-AP28 -> 0 | AS28: =COUNTIF(E28:AI28,"P*")+COUNTIF(E28:AI28,"H*")+COUNTIF(E28:AI28,"T*")-COUNTIF(E28:AI28,"H")-COUNTIF(E28:AI28,"P") -> 21
C29: Barbara Pereira | D29: PEREIRA, BARBARA | E29: P06 | F29: F | G29: F | H29: P06 | I29: P06 | J29: P06 | K29: P06 | L29: F | M29: F | N29: P22 | O29: P22 | P29: P22 | Q29: P22 | R29: F | S29: F | T29: P14 | U29: P14 | V29: P14 | W29: P14 | X29: F | Y29: F | Z29: P06 | AA29: P06 | AB29: P06 | AC29: P06 | AD29: F | AE29: F | AF29: P14 | AG29: P14 | AH29: P14 | AI29: P14 | AK29: =FEB!AJ29 -> 0 | AL29: =COUNTIF(E29:AI29, "UA") -> 0 | AM29: =AK29-AL29 -> 0 | AP29: =COUNTIF(E29:AI29, "U") -> 0 | AQ29: =AO29-AP29 -> 0 | AS29: =COUNTIF(E29:AI29,"P*")+COUNTIF(E29:AI29,"H*")+COUNTIF(E29:AI29,"T*")-COUNTIF(E29:AI29,"H")-COUNTIF(E29:AI29,"P") -> 21
C30: Dulani Monteiro | D30: MONTEIRO, DULANI | E30: F | F30: P06 | G30: P06 | H30: P06 | I30: P06 | J30: F | K30: F | L30: P06 | M30: P06 | N30: P06 | O30: P06 | P30: F | Q30: F | R30: P22 | S30: P22 | T30: P22 | U30: P22 | V30: F | W30: F | X30: P14 | Y30: P14 | Z30: P14 | AA30: P14 | AB30: F | AC30: F | AD30: P06 | AE30: P06 | AF30: P06 | AG30: P06 | AH30: F | AI30: F | AK30: =FEB!AJ30 -> 0 | AL30: =COUNTIF(E30:AI30, "UA") -> 0 | AM30: =AK30-AL30 -> 0 | AP30: =COUNTIF(E30:AI30, "U") -> 0 | AQ30: =AO30-AP30 -> 0 | AS30: =COUNTIF(E30:AI30,"P*")+COUNTIF(E30:AI30,"H*")+COUNTIF(E30:AI30,"T*")-COUNTIF(E30:AI30,"H")-COUNTIF(E30:AI30,"P") -> 20
C31: Diogo Arantes | D31: ARANTES, DIOGO | E31: P14 | F31: P14 | G31: P14 | H31: F | I31: F | J31: P06 | K31: UA | L31: P06 | M31: P06 | N31: F | O31: F | P31: P06 | Q31: P06 | R31: UA | S31: P06 | T31: F | U31: F | V31: UA | W31: UA | X31: UA | Y31: UA | Z31: F | AA31: F | AB31: P14 | AC31: P14 | AD31: P14 | AE31: P14 | AF31: F | AG31: F | AH31: P06 | AI31: P06 | AK31: =FEB!AJ31 -> 6 | AL31: =COUNTIF(E31:AI31, "UA") -> 6 | AM31: =AK31-AL31 -> 0 | AP31: =COUNTIF(E31:AI31, "U") -> 0 | AQ31: =AO31-AP31 -> 0 | AS31: =COUNTIF(E31:AI31,"P*")+COUNTIF(E31:AI31,"H*")+COUNTIF(E31:AI31,"T*")-COUNTIF(E31:AI31,"H")-COUNTIF(E31:AI31,"P") -> 15
C32: Jessica Martins | D32: MARTINS, JESSICA | E32: P06 | F32: F | G32: F | H32: P14 | I32: P14 | J32: P14 | K32: P14 | L32: F | M32: F | N32: P06 | O32: P06 | P32: P06 | Q32: P06 | R32: F | S32: F | T32: P06 | U32: P06 | V32: P06 | W32: P06 | X32: F | Y32: F | Z32: P22 | AA32: P22 | AB32: P22 | AC32: P22 | AD32: F | AE32: F | AF32: P14 | AG32: P14 | AH32: P14 | AI32: P14 | AK32: =FEB!AJ32 -> 0 | AL32: =COUNTIF(E32:AI32, "UA") -> 0 | AM32: =AK32-AL32 -> 0 | AP32: =COUNTIF(E32:AI32, "U") -> 0 | AQ32: =AO32-AP32 -> 0 | AS32: =COUNTIF(E32:AI32,"P*")+COUNTIF(E32:AI32,"H*")+COUNTIF(E32:AI32,"T*")-COUNTIF(E32:AI32,"H")-COUNTIF(E32:AI32,"P") -> 21
C33: Carla Ferreira | D33: FERREIRA, CARLA | E33: P06 | F33: P06 | G33: P06 | H33: P06 | I33: F | J33: F | K33: P14 | L33: P14 | M33: P14 | N33: P14 | O33: F | P33: F | Q33: P06 | R33: P06 | S33: P06 | T33: P06 | U33: F | V33: F | W33: UA | X33: UA | Y33: UA | Z33: UA | AA33: F | AB33: F | AC33: P06 | AD33: P06 | AE33: P06 | AF33: P06 | AG33: F | AH33: F | AI33: P14 | AK33: =FEB!AJ33 -> 7 | AL33: =COUNTIF(E33:AI33, "UA") -> 4 | AM33: =AK33-AL33 -> 3 | AP33: =COUNTIF(E33:AI33, "U") -> 0 | AQ33: =AO33-AP33 -> 0 | AS33: =COUNTIF(E33:AI33,"P*")+COUNTIF(E33:AI33,"H*")+COUNTIF(E33:AI33,"T*")-COUNTIF(E33:AI33,"H")-COUNTIF(E33:AI33,"P") -> 17
C34: Rafael Medina | D34: MEDINA, RAFAEL | E34: P14 | F34: P14 | G34: F | H34: F | I34: P06 | J34: P06 | K34: P06 | L34: P06 | M34: F | N34: F | O34: P14 | P34: P14 | Q34: P14 | R34: P14 | S34: F | T34: F | U34: P06 | V34: P06 | W34: P06 | X34: P06 | Y34: F | Z34: F | AA34: P14 | AB34: P14 | AC34: P14 | AD34: P14 | AE34: F | AF34: F | AG34: P06 | AH34: P06 | AI34: P06 | AK34: =FEB!AJ34 -> 0 | AL34: =COUNTIF(E34:AI34, "UA") -> 0 | AM34: =AK34-AL34 -> 0 | AP34: =COUNTIF(E34:AI34, "U") -> 0 | AQ34: =AO34-AP34 -> 0 | AS34: =COUNTIF(E34:AI34,"P*")+COUNTIF(E34:AI34,"H*")+COUNTIF(E34:AI34,"T*")-COUNTIF(E34:AI34,"H")-COUNTIF(E34:AI34,"P") -> 21
C35: Catia Neves | D35: NEVES, CATIA | E35: F | F35: F | G35: P14 | H35: P14 | I35: P14 | J35: P14 | K35: F | L35: F | M35: P06 | N35: P06 | O35: P06 | P35: P06 | Q35: F | R35: F | S35: P14 | T35: P14 | U35: P14 | V35: P14 | W35: F | X35: F | Y35: P06 | Z35: P06 | AA35: P06 | AB35: P06 | AC35: F | AD35: F | AE35: P14 | AF35: P14 | AG35: P14 | AH35: P14 | AI35: F | AK35: =FEB!AJ35 -> 4 | AL35: =COUNTIF(E35:AI35, "UA") -> 0 | AM35: =AK35-AL35 -> 4 | AP35: =COUNTIF(E35:AI35, "U") -> 0 | AQ35: =AO35-AP35 -> 0 | AS35: =COUNTIF(E35:AI35,"P*")+COUNTIF(E35:AI35,"H*")+COUNTIF(E35:AI35,"T*")-COUNTIF(E35:AI35,"H")-COUNTIF(E35:AI35,"P") -> 20
B36: LHX & Catering | C36: Ana Telma Carvalho | D36: CARVALHO, ANA | E36: F | F36: F | G36: H05 | H36: H05 | I36: H05 | J36: H05 | K36: F | L36: F | M36: P13 | N36: P13 | O36: P13 | P36: P13 | Q36: F | R36: F | S36: H05 | T36: H05 | U36: H05 | V36: H05 | W36: F | X36: F | Y36: P13 | Z36: P13 | AA36: P13 | AB36: P13 | AC36: F | AD36: F | AE36: H05 | AF36: H05 | AG36: H05 | AH36: H05 | AI36: F | AK36: =FEB!AJ36 -> 0 | AL36: =COUNTIF(E36:AI36, "UA") -> 0 | AM36: =AK36-AL36 -> 0 | AP36: =COUNTIF(E36:AI36, "U") -> 0 | AQ36: =AO36-AP36 -> 0 | AS36: =COUNTIF(E36:AI36,"P*")+COUNTIF(E36:AI36,"H*")+COUNTIF(E36:AI36,"T*")-COUNTIF(E36:AI36,"H")-COUNTIF(E36:AI36,"P") -> 20
C37: Catia Craveiro | D37: CRAVEIRO, CATIA | E37: H05 | F37: H05 | G37: F | H37: F | I37: P13 | J37: P13 | K37: P13 | L37: P13 | M37: F | N37: F | O37: H05 | P37: H05 | Q37: H05 | R37: H05 | S37: F | T37: F | U37: P13 | V37: P13 | W37: P13 | X37: P13 | Y37: F | Z37: F | AA37: H05 | AB37: H05 | AC37: H05 | AD37: H05 | AE37: F | AF37: F | AG37: P13 | AH37: P13 | AI37: P13 | AK37: =FEB!AJ37 -> 0 | AL37: =COUNTIF(E37:AI37, "UA") -> 0 | AM37: =AK37-AL37 -> 0 | AP37: =COUNTIF(E37:AI37, "U") -> 0 | AQ37: =AO37-AP37 -> 0 | AS37: =COUNTIF(E37:AI37,"P*")+COUNTIF(E37:AI37,"H*")+COUNTIF(E37:AI37,"T*")-COUNTIF(E37:AI37,"H")-COUNTIF(E37:AI37,"P") -> 21
C38: Maria Vitoria Almeida | D38: ALMEIDA, MARIA VITORIA | E38: P13 | F38: P13 | G38: P13 | H38: P13 | I38: F | J38: F | K38: H05 | L38: H05 | M38: H05 | N38: H05 | O38: F | P38: F | Q38: P13 | R38: P13 | S38: P13 | T38: P13 | U38: F | V38: F | W38: H05 | X38: H05 | Y38: H05 | Z38: H05 | AA38: F | AB38: F | AC38: P13 | AD38: P13 | AE38: P13 | AF38: P13 | AG38: F | AH38: F | AI38: H05 | AK38: =FEB!AJ38 -> 0 | AL38: =COUNTIF(E38:AI38, "UA") -> 0 | AM38: =AK38-AL38 -> 0 | AP38: =COUNTIF(E38:AI38, "U") -> 0 | AQ38: =AO38-AP38 -> 0 | AS38: =COUNTIF(E38:AI38,"P*")+COUNTIF(E38:AI38,"H*")+COUNTIF(E38:AI38,"T*")-COUNTIF(E38:AI38,"H")-COUNTIF(E38:AI38,"P") -> 21
C39: Jessica Santos | D39: SANTOS, JESSICA | E39: M | F39: M | G39: M | H39: M | I39: M | J39: M | K39: M | L39: M | M39: M | N39: M | O39: M | P39: M | Q39: M | R39: M | S39: M | T39: M | U39: M | V39: M | W39: M | X39: M | Y39: M | Z39: M | AA39: M | AB39: M | AC39: M | AD39: M | AE39: M | AF39: M | AG39: M | AH39: M | AI39: F | AK39: =FEB!AJ39 -> 19 | AL39: =COUNTIF(E39:AI39, "UA") -> 0 | AM39: =AK39-AL39 -> 19 | AP39: =COUNTIF(E39:AI39, "U") -> 0 | AQ39: =AO39-AP39 -> 0 | AS39: =COUNTIF(E39:AI39,"P*")+COUNTIF(E39:AI39,"H*")+COUNTIF(E39:AI39,"T*")-COUNTIF(E39:AI39,"H")-COUNTIF(E39:AI39,"P") -> 0
B40: INAD HUB/CG/DEPO | C40: Cristiana Ferreira | D40: FERREIRA, CRISTIANA MARGARIDA | E40: M | F40: M | G40: M | H40: M | I40: M | J40: M | K40: M | L40: M | M40: M | N40: M | O40: M | P40: M | Q40: M | R40: M | S40: M | T40: M | U40: M | V40: M | W40: M | X40: M | Y40: M | Z40: M | AA40: M | AB40: M | AC40: M | AD40: M | AE40: M | AF40: M | AG40: M | AH40: M | AI40: M | AK40: =FEB!AJ40 -> 14 | AL40: =COUNTIF(E40:AI40, "UA") -> 0 | AM40: =AK40-AL40 -> 14 | AP40: =COUNTIF(E40:AI40, "U") -> 0 | AQ40: =AO40-AP40 -> 0 | AS40: =COUNTIF(E40:AI40,"P*")+COUNTIF(E40:AI40,"H*")+COUNTIF(E40:AI40,"T*")-COUNTIF(E40:AI40,"H")-COUNTIF(E40:AI40,"P") -> 0
C41: Mauro Silva | D41: SILVA, MAURO | E41: F | F41: P08/ | G41: P08/ | H41: P08/ | I41: P08/ | J41: P08/ | K41: F | L41: F | M41: P08/ | N41: P08/ | O41: P08/ | P41: P08/ | Q41: P08/ | R41: F | S41: F | T41: P08/ | U41: P08/ | V41: P08/ | W41: P08/ | X41: P08/ | Y41: F | Z41: F | AA41: P08/ | AB41: P08/ | AC41: P08/ | AD41: P08/ | AE41: P08/ | AF41: F | AG41: F | AH41: P08/ | AI41: P08/ | AK41: =FEB!AJ41 -> 0 | AL41: =COUNTIF(E41:AI41, "UA") -> 0 | AM41: =AK41-AL41 -> 0 | AP41: =COUNTIF(E41:AI41, "U") -> 0 | AQ41: =AO41-AP41 -> 0 | AS41: =COUNTIF(E41:AI41,"P*")+COUNTIF(E41:AI41,"H*")+COUNTIF(E41:AI41,"T*")-COUNTIF(E41:AI41,"H")-COUNTIF(E41:AI41,"P") -> 22
C42: Tiago Abreu | D42: ABREU, TIAGO | E42: F | F42: P08 | G42: P08 | H42: P08 | I42: P08 | J42: P08 | K42: F | L42: F | M42: P08 | N42: P08 | O42: P08 | P42: P08 | Q42: P08 | R42: F | S42: F | T42: P08 | U42: P08 | V42: P08 | W42: P08 | X42: P08 | Y42: F | Z42: F | AA42: P08 | AB42: P08 | AC42: P08 | AD42: P08 | AE42: P08 | AF42: F | AG42: F | AH42: P08 | AI42: P08 | AK42: =FEB!AJ42 -> 0 | AL42: =COUNTIF(E42:AI42, "UA") -> 0 | AM42: =AK42-AL42 -> 0 | AP42: =COUNTIF(E42:AI42, "U") -> 0 | AQ42: =AO42-AP42 -> 0 | AS42: =COUNTIF(E42:AI42,"P*")+COUNTIF(E42:AI42,"H*")+COUNTIF(E42:AI42,"T*")-COUNTIF(E42:AI42,"H")-COUNTIF(E42:AI42,"P") -> 22
C43: Maria Burca | D43: BURCA, MARIA | E43: P06 | F43: P06 | G43: F | H43: F | I43: P14 | J43: P14 | K43: P14 | L43: P14 | M43: F | N43: F | O43: P06 | P43: P06 | Q43: P06 | R43: P06 | S43: F | T43: F | U43: P14 | V43: P14 | W43: P14 | X43: P14 | Y43: F | Z43: F | AA43: P06 | AB43: P06 | AC43: P06 | AD43: P06 | AE43: F | AF43: F | AG43: B | AH43: P14 | AI43: P14 | AK43: =FEB!AJ43 -> 0 | AL43: =COUNTIF(E43:AI43, "UA") -> 0 | AM43: =AK43-AL43 -> 0 | AP43: =COUNTIF(E43:AI43, "U") -> 0 | AQ43: =AO43-AP43 -> 0 | AS43: =COUNTIF(E43:AI43,"P*")+COUNTIF(E43:AI43,"H*")+COUNTIF(E43:AI43,"T*")-COUNTIF(E43:AI43,"H")-COUNTIF(E43:AI43,"P") -> 20
C44: Tassiana Bastos | D44: BASTOS, TASSIANA | E44: P06 | F44: P06 | G44: F | H44: F | I44: P14 | J44: P14 | K44: P14 | L44: P14 | M44: F | N44: F | O44: P06 | P44: P06 | Q44: P06 | R44: P06 | S44: F | T44: F | U44: P14 | V44: P14 | W44: P14 | X44: P14 | Y44: F | Z44: F | AA44: P06 | AB44: P06 | AC44: P06 | AD44: P06 | AE44: F | AF44: F | AG44: P14 | AH44: P14 | AI44: P14 | AK44: =FEB!AJ44 -> 2 | AL44: =COUNTIF(E44:AI44, "UA") -> 0 | AM44: =AK44-AL44 -> 2 | AP44: =COUNTIF(E44:AI44, "U") -> 0 | AQ44: =AO44-AP44 -> 0 | AS44: =COUNTIF(E44:AI44,"P*")+COUNTIF(E44:AI44,"H*")+COUNTIF(E44:AI44,"T*")-COUNTIF(E44:AI44,"H")-COUNTIF(E44:AI44,"P") -> 21
C45: Barbara Martins | D45: MARTINS, BARBARA | E45: F | F45: F | G45: P06 | H45: P06 | I45: P06 | J45: P06 | K45: F | L45: F | M45: P14 | N45: P14 | O45: P14 | P45: P14 | Q45: F | R45: F | S45: P06 | T45: P06 | U45: P06 | V45: P06 | W45: F | X45: F | Y45: P14 | Z45: P14 | AA45: P14 | AB45: P14 | AC45: F | AD45: F | AE45: P06 | AF45: P06 | AG45: P06 | AH45: P06 | AI45: F | AK45: =FEB!AJ45 -> 0 | AL45: =COUNTIF(E45:AI45, "UA") -> 0 | AM45: =AK45-AL45 -> 0 | AP45: =COUNTIF(E45:AI45, "U") -> 0 | AQ45: =AO45-AP45 -> 0 | AS45: =COUNTIF(E45:AI45,"P*")+COUNTIF(E45:AI45,"H*")+COUNTIF(E45:AI45,"T*")-COUNTIF(E45:AI45,"H")-COUNTIF(E45:AI45,"P") -> 20
C46: Marcos Costa | D46: COSTA, MARCOS FELIPE | E46: B | F46: F | G46: P06 | H46: P06 | I46: P06 | J46: P06 | K46: F | L46: F | M46: P14 | N46: P14 | O46: P14 | P46: P14 | Q46: F | R46: F | S46: P06 | T46: P06 | U46: P06 | V46: P06 | W46: F | X46: F | Y46: P14 | Z46: P14 | AA46: P14 | AB46: P14 | AC46: F | AD46: F | AE46: P06 | AF46: P06 | AG46: P06 | AH46: P06 | AI46: F | AK46: =FEB!AJ46 -> 1 | AL46: =COUNTIF(E46:AI46, "UA") -> 0 | AM46: =AK46-AL46 -> 1 | AP46: =COUNTIF(E46:AI46, "U") -> 0 | AQ46: =AO46-AP46 -> 0 | AS46: =COUNTIF(E46:AI46,"P*")+COUNTIF(E46:AI46,"H*")+COUNTIF(E46:AI46,"T*")-COUNTIF(E46:AI46,"H")-COUNTIF(E46:AI46,"P") -> 20
C47: Tatiana Monteiro | D47: MONTEIRO, TATIANA | E47: P14 | F47: P14 | G47: P14 | H47: P14 | I47: F | J47: F | K47: P06 | L47: P06 | M47: P06 | N47: P06 | O47: F | P47: F | Q47: P14 | R47: P14 | S47: P14 | T47: P14 | U47: F | V47: F | W47: P06 | X47: P06 | Y47: P06 | Z47: P06 | AA47: F | AB47: F | AC47: P14 | AD47: P14 | AE47: P14 | AF47: P14 | AG47: F | AH47: F | AI47: P06 | AK47: =FEB!AJ47 -> 2 | AL47: =COUNTIF(E47:AI47, "UA") -> 0 | AM47: =AK47-AL47 -> 2 | AP47: =COUNTIF(E47:AI47, "U") -> 0 | AQ47: =AO47-AP47 -> 0 | AS47: =COUNTIF(E47:AI47,"P*")+COUNTIF(E47:AI47,"H*")+COUNTIF(E47:AI47,"T*")-COUNTIF(E47:AI47,"H")-COUNTIF(E47:AI47,"P") -> 21
B49: Servico | C49: TOTAL TURNO X | E49: =COUNTIF(C5:C47,$C$49) -> 0
C50: TOTAL TURNO X | E50: =COUNTIF(C5:C47,$C$50) -> 0
C51: TOTAL Dia | E51: =E49+E50 -> 0
E54: F | F54: Folga | K54: FJ | L54: Falta Justificada | Q54: Legenda | V54: Horário | Y54: Pausa
E55: A | F55: Folga de compensacao | K55: FINJ | L55: Falta Injustificada | Q55: H | R55: Home Office | U55: P22 | V55: 22h00-06h00 | Y55: 02h00 - 02h30
E56: H | F56: Feriado | K56: M | L56: Licenca | Q56: P | R56: Presencial | U56: P23 | V56: 23h00-07h00 | Y56: 03h00 - 03h30
E57: U | F57: Ferias | K57: P | L57: Licenca | Q57: - | R57: 45min | U57: H03/ | V57: 03h30-11h30 | Y57: 07h30 - 08h00
E58: UA | F58: Ferias do ano anterior | K58: S1 | L58: Licenca | Q58: / | R58: 30min | U58: H05 | V58: 05h00-13h00 | Y58: 09h00 - 09h30
E59: H | F59: Feriado nao aprovado | K59: K | L59: Ausente | Q59: * | R59: 15min | U59: H05/ | V59: 05h30-13h30 | Y59: 09h30 - 10h00
E60: U | F60: Dia de ferias nao aprovado | K60: K1 | L60: Ausente | U60: P05- | V60: 05h45-13h45 | Y60: 09h45 - 10h15
E61: B | F61: Birthday | K61: K2 | L61: Ausente | U61: P06 | V61: 06h00 - 14h00 | Y61: 10h00 - 10h30
E62: B* | F62: Birthday - dia alternativo | K62: K6 | L62: Ausente | U62: P06/ | V62: 06h30 - 14h30 | Y62: 10h30 - 11h00
E63: TR | F63: Training | K63: E | L63: Ausente | U63: P06- | V63: 06h45 - 14h45 | Y63: 10h45 - 11h15
E64: S3 | F64: Ausencia Especial | K64: EM | L64: Ausente | U64: P07 | V64: 07h00-15h00 | Y64: 11h00 - 11h30
E65: TB | F65: Team Building | K65: J | L65: Ausente | U65: P07* | V65: 07h15-15h15 | Y65: 11h15 - 11h45
E66: R | F66: Viagem em Servico | K66: NO | L66: Ausente | U66: P07/ | V66: 07h30 - 15h30 | Y66: 11h30 - 12h00
E67: D | F67: Viagem em Servico Alemanha | K67: CM1 | L67: Ausente | U67: P07- | V67: 07h45 - 15h45 | Y67: 11h45 - 12h15
E68: SE | F68: Servico Especial | K68: V | L68: Solidariedade | U68: P08 | V68: 08h00-16h00 | Y68: 12h00 - 12h30
U69: P08* | V69: 08h15-16h15 | Y69: 12h15 - 12h45
U70: P08/ | V70: 08h30-16h30 | Y70: 12h30 - 13h30
U71: P08- | V71: 08h45-16h45 | Y71: 12h45 - 13h15
U72: P09 | V72: 09h00-17h00 | Y72: 13h00 - 13h30
U73: P09* | V73: 09h15-17h15 | Y73: 13h15 - 13h45
U74: P10 | V74: 10h00-18h00 | Y74: 14h00 - 14h30
U75: P11 | V75: 11h00-19h00 | Y75: 15h00 - 15h30
U76: P12 | V76: 12h00-20h00 | Y76: 16h00 - 16h30
U77: P13 | V77: 13h00-21h00 | Y77: 17h00 - 17h30
U78: P14 | V78: 14h00-22h00 | Y78: 18h00 - 18h30
U79: P15 | V79: 15h00-23h00 | Y79: 19h00 - 19h30
U80: P16 | V80: 16h00-00h00 | Y80: 20h00 - 20h30
U81: H17 | V81: 17h00-01h00 | Y81: 21h00 - 21h30

Sheet APR
B2: Not Finalized | C2: HUB Services | E2: LGSP - Lufthansa Ground Services Portugal NIF : 509 842 593 Atividade: CAE 52230.R3 Sede e local de trabalho: Avenida da Boavista ED.Burgo, 1837 sala 13.1 Horario de Funcionamento: 24/7 IRT: Não Aplicável | AJ2: Ferias 2025 | AN2: Ferias 2026 | AR2: Dias Trabalhados
C3: Abril | E3: Qua | F3: Qui | G3: Sex | H3: Sab | I3: Dom | J3: Seg | K3: Ter | L3: Qua | M3: Qui | N3: Sex | O3: Sab | P3: Dom | Q3: Seg | R3: Ter | S3: Qua | T3: Qui | U3: Sex | V3: Sab | W3: Dom | X3: Seg | Y3: Ter | Z3: Qua | AA3: Qui | AB3: Sex | AC3: Sab | AD3: Dom | AE3: Seg | AF3: Ter | AG3: Qua | AH3: Qui
E4: 1 | F4: 2 | G4: 3 | H4: 4 | I4: 5 | J4: 6 | K4: 7 | L4: 8 | M4: 9 | N4: 10 | O4: 11 | P4: 12 | Q4: 13 | R4: 14 | S4: 15 | T4: 16 | U4: 17 | V4: 18 | W4: 19 | X4: 20 | Y4: 21 | Z4: 22 | AA4: 23 | AB4: 24 | AC4: 25 | AD4: 26 | AE4: 27 | AF4: 28 | AG4: 29 | AH4: 30 | AJ4: 2025 | AK4: Used | AL4: Left | AN4: 2026 | AO4: Used | AP4: Left
B5: Hub Services Supervision | C5: Catarina Ferreira | D5: FERREIRA, CATARINA | E5: P14 | F5: F | G5: F | H5: P06 | I5: P06 | J5: P06 | K5: P06 | L5: F | M5: F | N5: P14 | O5: P14 | P5: P14 | Q5: P14 | R5: F | S5: F | T5: P06 | U5: P06 | V5: P06 | W5: P06 | X5: F | Y5: F | Z5: UA | AA5: P14 | AB5: P14 | AC5: P14 | AD5: F | AE5: F | AF5: P06 | AG5: P06 | AH5: P06 | AJ5: =MAR!AM5 -> 1 | AK5: =COUNTIF(E5:AH5, "UA") -> 1 | AL5: =AJ5-AK5 -> 0 | AO5: =COUNTIF(E5:AH5, "U") -> 0 | AP5: =AN5-AO5 -> 0 | AR5: =COUNTIF(E5:AH5,"P*")+COUNTIF(E5:AH5,"H*")+COUNTIF(E5:AH5,"T*")-COUNTIF(E5:AH5,"H")-COUNTIF(E5:AH5,"P") -> 19
C6: Miguel Pinto | D6: PINTO, MIGUEL | E6: P06 | F6: P06 | G6: P06 | H6: F | I6: F | J6: P14 | K6: P14 | L6: P14 | M6: P14 | N6: F | O6: F | P6: P06 | Q6: P06 | R6: P06 | S6: P06 | T6: F | U6: F | V6: P14 | W6: P14 | X6: P14 | Y6: P14 | Z6: F | AA6: F | AB6: P06 | AC6: P06 | AD6: P06 | AE6: P06 | AF6: F | AG6: F | AH6: P14 | AJ6: =MAR!AM6 -> 0 | AK6: =COUNTIF(E6:AH6, "UA") -> 0 | AL6: =AJ6-AK6 -> 0 | AO6: =COUNTIF(E6:AH6, "U") -> 0 | AP6: =AN6-AO6 -> 0 | AR6: =COUNTIF(E6:AH6,"P*")+COUNTIF(E6:AH6,"H*")+COUNTIF(E6:AH6,"T*")-COUNTIF(E6:AH6,"H")-COUNTIF(E6:AH6,"P") -> 20
C7: João Santos Silva | D7: SANTOS SILVA, JOAO | E7: F | F7: F | G7: P06 | H7: P06 | I7: P06 | J7: P06 | K7: F | L7: F | M7: P14 | N7: P14 | O7: P14 | P7: P14 | Q7: F | R7: F | S7: P06 | T7: P06 | U7: P06 | V7: P06 | W7: F | X7: F | Y7: P14 | Z7: P14 | AA7: P14 | AB7: P14 | AC7: F | AD7: F | AE7: P06 | AF7: P06 | AG7: P06 | AH7: P06 | AJ7: =MAR!AM7 -> 0 | AK7: =COUNTIF(E7:AH7, "UA") -> 0 | AL7: =AJ7-AK7 -> 0 | AO7: =COUNTIF(E7:AH7, "U") -> 0 | AP7: =AN7-AO7 -> 0 | AR7: =COUNTIF(E7:AH7,"P*")+COUNTIF(E7:AH7,"H*")+COUNTIF(E7:AH7,"T*")-COUNTIF(E7:AH7,"H")-COUNTIF(E7:AH7,"P") -> 20
C8: Ana Magalhães | D8: MAGALHAES, ANA CATARINA | E8: P14 | F8: P14 | G8: F | H8: F | I8: P06 | J8: P06 | K8: P06 | L8: P06 | M8: F | N8: F | O8: P14 | P8: P14 | Q8: P14 | R8: P14 | S8: F | T8: F | U8: P06 | V8: P06 | W8: P06 | X8: P06 | Y8: F | Z8: F | AA8: P14 | AB8: P14 | AC8: P14 | AD8: P14 | AE8: F | AF8: F | AG8: P06 | AH8: P06 | AJ8: =MAR!AM8 -> 2 | AK8: =COUNTIF(E8:AH8, "UA") -> 0 | AL8: =AJ8-AK8 -> 2 | AO8: =COUNTIF(E8:AH8, "U") -> 0 | AP8: =AN8-AO8 -> 0 | AR8: =COUNTIF(E8:AH8,"P*")+COUNTIF(E8:AH8,"H*")+COUNTIF(E8:AH8,"T*")-COUNTIF(E8:AH8,"H")-COUNTIF(E8:AH8,"P") -> 20
C9: Jorge Gonçalves | D9: GONCALVES, JORGE | E9: P06 | F9: P06 | G9: P06 | H9: P06 | I9: F | J9: F | K9: P14 | L9: P14 | M9: P14 | N9: P14 | O9: F | P9: F | Q9: P06 | R9: P06 | S9: P06 | T9: P06 | U9: F | V9: F | W9: P14 | X9: P14 | Y9: P14 | Z9: P14 | AA9: F | AB9: F | AC9: P06 | AD9: P06 | AE9: P06 | AF9: P06 | AG9: F | AH9: F | AJ9: =MAR!AM9 -> 0 | AK9: =COUNTIF(E9:AH9, "UA") -> 0 | AL9: =AJ9-AK9 -> 0 | AO9: =COUNTIF(E9:AH9, "U") -> 0 | AP9: =AN9-AO9 -> 0 | AR9: =COUNTIF(E9:AH9,"P*")+COUNTIF(E9:AH9,"H*")+COUNTIF(E9:AH9,"T*")-COUNTIF(E9:AH9,"H")-COUNTIF(E9:AH9,"P") -> 20
C10: Sara Medeiros | D10: MEDEIROS, SARA | E10: P06 | F10: P06 | G10: F | H10: F | I10: P14 | J10: P14 | K10: P14 | L10: P14 | M10: F | N10: F | O10: P06 | P10: P06 | Q10: P06 | R10: P06 | S10: F | T10: F | U10: P14 | V10: P14 | W10: P14 | X10: P14 | Y10: F | Z10: F | AA10: P06 | AB10: P06 | AC10: P06 | AD10: P06 | AE10: F | AF10: F | AG10: P14 | AH10: P14 | AJ10: =MAR!AM10 -> 0 | AK10: =COUNTIF(E10:AH10, "UA") -> 0 | AL10: =AJ10-AK10 -> 0 | AO10: =COUNTIF(E10:AH10, "U") -> 0 | AP10: =AN10-AO10 -> 0 | AR10: =COUNTIF(E10:AH10,"P*")+COUNTIF(E10:AH10,"H*")+COUNTIF(E10:AH10,"T*")-COUNTIF(E10:AH10,"H")-COUNTIF(E10:AH10,"P") -> 20
C11: Catarina Pereira | D11: PEREIRA, CATARINA | E11: P14 | F11: P14 | G11: P14 | H11: P14 | I11: F | J11: F | K11: P06 | L11: P06 | M11: P06 | N11: P06 | O11: F | P11: F | Q11: P14 | R11: P14 | S11: P14 | T11: P14 | U11: F | V11: F | W11: P06 | X11: P06 | Y11: P06 | Z11: P06 | AA11: F | AB11: F | AC11: P14 | AD11: P14 | AE11: P14 | AF11: P14 | AG11: F | AH11: F | AJ11: =MAR!AM11 -> 0 | AK11: =COUNTIF(E11:AH11, "UA") -> 0 | AL11: =AJ11-AK11 -> 0 | AO11: =COUNTIF(E11:AH11, "U") -> 0 | AP11: =AN11-AO11 -> 0 | AR11: =COUNTIF(E11:AH11,"P*")+COUNTIF(E11:AH11,"H*")+COUNTIF(E11:AH11,"T*")-COUNTIF(E11:AH11,"H")-COUNTIF(E11:AH11,"P") -> 20
C12: Catia Martins | D12: MARTINS, CATIA | E12: F | F12: F | G12: P14 | H12: P14 | I12: P14 | J12: P14 | K12: F | L12: F | M12: P06 | N12: P06 | O12: P06 | P12: P06 | Q12: F | R12: F | S12: P14 | T12: P14 | U12: P14 | V12: P14 | W12: F | X12: F | Y12: P06 | Z12: P06 | AA12: P06 | AB12: P06 | AC12: F | AD12: F | AE12: P14 | AF12: P14 | AG12: P14 | AH12: P14 | AJ12: =MAR!AM12 -> 0 | AK12: =COUNTIF(E12:AH12, "UA") -> 0 | AL12: =AJ12-AK12 -> 0 | AO12: =COUNTIF(E12:AH12, "U") -> 0 | AP12: =AN12-AO12 -> 0 | AR12: =COUNTIF(E12:AH12,"P*")+COUNTIF(E12:AH12,"H*")+COUNTIF(E12:AH12,"T*")-COUNTIF(E12:AH12,"H")-COUNTIF(E12:AH12,"P") -> 20
B13: Remote Passenger Recovery Team | C13: Ricardo Bessa | D13: BESSA, RICARDO | E13: P06 | F13: P06 | G13: P06 | H13: P06 | I13: F | J13: F | K13: P22 | L13: P22 | M13: P22 | N13: P22 | O13: F | P13: F | Q13: P14 | R13: P14 | S13: P14 | T13: P14 | U13: F | V13: B | W13: B* | X13: P06 | Y13: P06 | Z13: P06 | AA13: F | AB13: F | AC13: P14 | AD13: P14 | AE13: P14 | AF13: P14 | AG13: F | AH13: F | AJ13: =MAR!AM13 -> 0 | AK13: =COUNTIF(E13:AH13, "UA") -> 0 | AL13: =AJ13-AK13 -> 0 | AO13: =COUNTIF(E13:AH13, "U") -> 0 | AP13: =AN13-AO13 -> 0 | AR13: =COUNTIF(E13:AH13,"P*")+COUNTIF(E13:AH13,"H*")+COUNTIF(E13:AH13,"T*")-COUNTIF(E13:AH13,"H")-COUNTIF(E13:AH13,"P") -> 19
C14: Samuel Neves | D14: NEVES, SAMUEL | E14: UA | F14: UA | G14: F | H14: F | I14: H | J14: UA | K14: UA | L14: UA | M14: F | N14: F | O14: UA | P14: UA | Q14: UA | R14: UA | S14: F | T14: F | U14: P14 | V14: P14 | W14: P14 | X14: P14 | Y14: F | Z14: F | AA14: P06 | AB14: P06 | AC14: P06 | AD14: P06 | AE14: F | AF14: F | AG14: P14 | AH14: P14 | AJ14: =MAR!AM14 -> 9 | AK14: =COUNTIF(E14:AH14, "UA") -> 9 | AL14: =AJ14-AK14 -> 0 | AO14: =COUNTIF(E14:AH14, "U") -> 0 | AP14: =AN14-AO14 -> 0 | AR14: =COUNTIF(E14:AH14,"P*")+COUNTIF(E14:AH14,"H*")+COUNTIF(E14:AH14,"T*")-COUNTIF(E14:AH14,"H")-COUNTIF(E14:AH14,"P") -> 10
C15: Ricardo Medeiros | D15: MEDEIROS, RICARDO | E15: F | F15: F | G15: P06 | H15: P06 | I15: P06 | J15: P06 | K15: F | L15: F | M15: P06 | N15: P06 | O15: P06 | P15: P06 | Q15: F | R15: F | S15: P22 | T15: P22 | U15: P22 | V15: P22 | W15: F | X15: F | Y15: P14 | Z15: P14 | AA15: P14 | AB15: P14 | AC15: F | AD15: F | AE15: P06 | AF15: P06 | AG15: P06 | AH15: P06 | AJ15: =MAR!AM15 -> 0 | AK15: =COUNTIF(E15:AH15, "UA") -> 0 | AL15: =AJ15-AK15 -> 0 | AO15: =COUNTIF(E15:AH15, "U") -> 0 | AP15: =AN15-AO15 -> 0 | AR15: =COUNTIF(E15:AH15,"P*")+COUNTIF(E15:AH15,"H*")+COUNTIF(E15:AH15,"T*")-COUNTIF(E15:AH15,"H")-COUNTIF(E15:AH15,"P") -> 20
C16: Joana Pinheiro | D16: PINHEIRO, JOANA | E16: P14 | F16: P14 | G16: P14 | H16: P14 | I16: F | J16: F | K16: P14 | L16: P14 | M16: P14 | N16: P14 | O16: F | P16: F | Q16: P06 | R16: P06 | S16: P06 | T16: P06 | U16: F | V16: F | W16: P22 | X16: P22 | Y16: P22 | Z16: P22 | AA16: F | AB16: F | AC16: P14 | AD16: P14 | AE16: P14 | AF16: P14 | AG16: F | AH16: F | AJ16: =MAR!AM16 -> 0 | AK16: =COUNTIF(E16:AH16, "UA") -> 0 | AL16: =AJ16-AK16 -> 0 | AO16: =COUNTIF(E16:AH16, "U") -> 0 | AP16: =AN16-AO16 -> 0 | AR16: =COUNTIF(E16:AH16,"P*")+COUNTIF(E16:AH16,"H*")+COUNTIF(E16:AH16,"T*")-COUNTIF(E16:AH16,"H")-COUNTIF(E16:AH16,"P") -> 20
C17: Bruna Lima | D17: LIMA, BRUNA | E17: P06 | F17: P06 | G17: F | H17: F | I17: P14 | J17: P14 | K17: P14 | L17: P14 | M17: F | N17: F | O17: P14 | P17: P14 | Q17: P14 | R17: P14 | S17: F | T17: F | U17: P06 | V17: P06 | W17: P06 | X17: P06 | Y17: F | Z17: F | AA17: P22 | AB17: P22 | AC17: P22 | AD17: P22 | AE17: F | AF17: F | AG17: P14 | AH17: P14 | AJ17: =MAR!AM17 -> 0 | AK17: =COUNTIF(E17:AH17, "UA") -> 0 | AL17: =AJ17-AK17 -> 0 | AO17: =COUNTIF(E17:AH17, "U") -> 0 | AP17: =AN17-AO17 -> 0 | AR17: =COUNTIF(E17:AH17,"P*")+COUNTIF(E17:AH17,"H*")+COUNTIF(E17:AH17,"T*")-COUNTIF(E17:AH17,"H")-COUNTIF(E17:AH17,"P") -> 20
C18: Ivo Latourrette | D18: LATOURRETTE, IVO | E18: F | F18: F | G18: H | H18: UA | I18: H | J18: UA | K18: F | L18: F | M18: UA | N18: UA | O18: UA | P18: UA | Q18: F | R18: F | S18: P06 | T18: P06 | U18: P06 | V18: P06 | W18: F | X18: F | Y18: P06 | Z18: P06 | AA18: P06 | AB18: P06 | AC18: F | AD18: F | AE18: P22 | AF18: P22 | AG18: P22 | AH18: P22 | AJ18: =MAR!AM18 -> 6 | AK18: =COUNTIF(E18:AH18, "UA") -> 6 | AL18: =AJ18-AK18 -> 0 | AO18: =COUNTIF(E18:AH18, "U") -> 0 | AP18: =AN18-AO18 -> 0 | AR18: =COUNTIF(E18:AH18,"P*")+COUNTIF(E18:AH18,"H*")+COUNTIF(E18:AH18,"T*")-COUNTIF(E18:AH18,"H")-COUNTIF(E18:AH18,"P") -> 12
C19: Inês Coelho | D19: COELHO, INES | E19: P14 | F19: P14 | G19: P14 | H19: P14 | I19: F | J19: F | K19: P06 | L19: P06 | M19: P06 | N19: P06 | O19: F | P19: F | Q19: P06 | R19: P06 | S19: P06 | T19: P06 | U19: F | V19: F | W19: P06 | X19: P06 | Y19: P06 | Z19: P06 | AA19: F | AB19: F | AC19: P14 | AD19: P14 | AE19: P14 | AF19: P14 | AG19: F | AH19: F | AJ19: =MAR!AM19 -> 0 | AK19: =COUNTIF(E19:AH19, "UA") -> 0 | AL19: =AJ19-AK19 -> 0 | AO19: =COUNTIF(E19:AH19, "U") -> 0 | AP19: =AN19-AO19 -> 0 | AR19: =COUNTIF(E19:AH19,"P*")+COUNTIF(E19:AH19,"H*")+COUNTIF(E19:AH19,"T*")-COUNTIF(E19:AH19,"H")-COUNTIF(E19:AH19,"P") -> 20
C20: Jose Alves | D20: ALVES, JOSE | E20: P06 | F20: P06 | G20: F | H20: F | I20: P06 | J20: P06 | K20: P06 | L20: P06 | M20: F | N20: F | O20: P22 | P20: P22 | Q20: P22 | R20: P22 | S20: F | T20: F | U20: P06 | V20: P06 | W20: P06 | X20: P06 | Y20: F | Z20: F | AA20: P06 | AB20: P06 | AC20: P06 | AD20: P06 | AE20: F | AF20: F | AG20: P14 | AH20: P14 | AJ20: =MAR!AM20 -> 0 | AK20: =COUNTIF(E20:AH20, "UA") -> 0 | AL20: =AJ20-AK20 -> 0 | AO20: =COUNTIF(E20:AH20, "U") -> 0 | AP20: =AN20-AO20 -> 0 | AR20: =COUNTIF(E20:AH20,"P*")+COUNTIF(E20:AH20,"H*")+COUNTIF(E20:AH20,"T*")-COUNTIF(E20:AH20,"H")-COUNTIF(E20:AH20,"P") -> 20
C21: Alefe Sobral | D21: SOBRAL, ALEFE | E21: F | F21: F | G21: P06 | H21: P06 | I21: P06 | J21: P06 | K21: F | L21: F | M21: P14 | N21: P14 | O21: P14 | P21: P14 | Q21: F | R21: F | S21: P06 | T21: P06 | U21: P06 | V21: P06 | W21: F | X21: F | Y21: P14 | Z21: P14 | AA21: P14 | AB21: P14 | AC21: F | AD21: F | AE21: P06 | AF21: P06 | AG21: P06 | AH21: P06 | AJ21: =MAR!AM21 -> 0 | AK21: =COUNTIF(E21:AH21, "UA") -> 0 | AL21: =AJ21-AK21 -> 0 | AO21: =COUNTIF(E21:AH21, "U") -> 0 | AP21: =AN21-AO21 -> 0 | AR21: =COUNTIF(E21:AH21,"P*")+COUNTIF(E21:AH21,"H*")+COUNTIF(E21:AH21,"T*")-COUNTIF(E21:AH21,"H")-COUNTIF(E21:AH21,"P") -> 20
C22: Gonçalo Pereira | D22: PEREIRA, GONCALO | E22: P14 | F22: P14 | G22: P14 | H22: P14 | I22: F | J22: F | K22: P22 | L22: P22 | M22: P22 | N22: P22 | O22: F | P22: F | Q22: P14 | R22: P14 | S22: P14 | T22: P14 | U22: F | V22: F | W22: P06 | X22: P06 | Y22: P06 | Z22: P06 | AA22: F | AB22: F | AC22: P06 | AD22: P06 | AE22: P06 | AF22: P06 | AG22: F | AH22: F | AJ22: =MAR!AM22 -> 0 | AK22: =COUNTIF(E22:AH22, "UA") -> 0 | AL22: =AJ22-AK22 -> 0 | AO22: =COUNTIF(E22:AH22, "U") -> 0 | AP22: =AN22-AO22 -> 0 | AR22: =COUNTIF(E22:AH22,"P*")+COUNTIF(E22:AH22,"H*")+COUNTIF(E22:AH22,"T*")-COUNTIF(E22:AH22,"H")-COUNTIF(E22:AH22,"P") -> 20
C23: Carlos Carvalhais | D23: CARVALHAIS, CARLOS | E23: P22 | F23: P22 | G23: F | H23: F | I23: P14 | J23: P14 | K23: P14 | L23: P14 | M23: F | N23: F | O23: P06 | P23: P06 | Q23: P06 | R23: P06 | S23: F | T23: F | U23: P14 | V23: P14 | W23: P14 | X23: P14 | Y23: F | Z23: F | AA23: UA | AB23: UA | AC23: H | AD23: UA | AE23: F | AF23: F | AG23: P06 | AH23: P06 | AJ23: =MAR!AM23 -> 3 | AK23: =COUNTIF(E23:AH23, "UA") -> 3 | AL23: =AJ23-AK23 -> 0 | AO23: =COUNTIF(E23:AH23, "U") -> 0 | AP23: =AN23-AO23 -> 0 | AR23: =COUNTIF(E23:AH23,"P*")+COUNTIF(E23:AH23,"H*")+COUNTIF(E23:AH23,"T*")-COUNTIF(E23:AH23,"H")-COUNTIF(E23:AH23,"P") -> 16
C24: Ines Pilre | D24: PILRE, INES | E24: F | F24: F | G24: P22 | H24: P22 | I24: P22 | J24: P22 | K24: F | L24: F | M24: P14 | N24: P14 | O24: P14 | P24: P14 | Q24: F | R24: F | S24: P06 | T24: P06 | U24: P06 | V24: P06 | W24: F | X24: F | Y24: P14 | Z24: P14 | AA24: P14 | AB24: P14 | AC24: F | AD24: F | AE24: P06 | AF24: P06 | AG24: P06 | AH24: P06 | AJ24: =MAR!AM24 -> 0 | AK24: =COUNTIF(E24:AH24, "UA") -> 0 | AL24: =AJ24-AK24 -> 0 | AO24: =COUNTIF(E24:AH24, "U") -> 0 | AP24: =AN24-AO24 -> 0 | AR24: =COUNTIF(E24:AH24,"P*")+COUNTIF(E24:AH24,"H*")+COUNTIF(E24:AH24,"T*")-COUNTIF(E24:AH24,"H")-COUNTIF(E24:AH24,"P") -> 20
B25: Hubs Services Team | C25: Raquel Oliveira | D25: OLIVEIRA, RAQUEL ALEXANDRA | E25: P14 | F25: P14 | G25: P14 | H25: P14 | I25: F | J25: F | K25: P06 | L25: P06 | M25: P06 | N25: P06 | O25: F | P25: F | Q25: P14 | R25: P14 | S25: P14 | T25: P14 | U25: F | V25: F | W25: P06 | X25: P06 | Y25: P06 | Z25: P06 | AA25: F | AB25: F | AC25: P14 | AD25: P14 | AE25: P14 | AF25: P14 | AG25: F | AH25: F | AJ25: =MAR!AM25 -> 0 | AK25: =COUNTIF(E25:AH25, "UA") -> 0 | AL25: =AJ25-AK25 -> 0 | AO25: =COUNTIF(E25:AH25, "U") -> 0 | AP25: =AN25-AO25 -> 0 | AR25: =COUNTIF(E25:AH25,"P*")+COUNTIF(E25:AH25,"H*")+COUNTIF(E25:AH25,"T*")-COUNTIF(E25:AH25,"H")-COUNTIF(E25:AH25,"P") -> 20
C26: Rafael Silva | D26: SILVA, RAFAEL | E26: P22 | F26: P22 | G26: F | H26: F | I26: P14 | J26: P14 | K26: P14 | L26: P14 | M26: F | N26: F | O26: P06 | P26: P06 | Q26: P06 | R26: P06 | S26: F | T26: F | U26: P14 | V26: P14 | W26: P14 | X26: P14 | Y26: F | Z26: F | AA26: P06 | AB26: P06 | AC26: P06 | AD26: P06 | AE26: F | AF26: F | AG26: P06 | AH26: P06 | AJ26: =MAR!AM26 -> 0 | AK26: =COUNTIF(E26:AH26, "UA") -> 0 | AL26: =AJ26-AK26 -> 0 | AO26: =COUNTIF(E26:AH26, "U") -> 0 | AP26: =AN26-AO26 -> 0 | AR26: =COUNTIF(E26:AH26,"P*")+COUNTIF(E26:AH26,"H*")+COUNTIF(E26:AH26,"T*")-COUNTIF(E26:AH26,"H")-COUNTIF(E26:AH26,"P") -> 20
C27: Jose Borges | D27: BORGES, JOSE | E27: UA | F27: UA | G27: H | H27: UA | I27: F | J27: F | K27: UA | L27: UA | M27: UA | N27: UA | O27: F | P27: F | Q27: UA | R27: UA | S27: UA | T27: UA | U27: F | V27: F | W27: P14 | X27: P14 | Y27: P14 | Z27: P14 | AA27: F | AB27: F | AC27: P14 | AD27: P14 | AE27: P14 | AF27: P14 | AG27: F | AH27: F | AJ27: =MAR!AM27 -> 11 | AK27: =COUNTIF(E27:AH27, "UA") -> 11 | AL27: =AJ27-AK27 -> 0 | AO27: =COUNTIF(E27:AH27, "U") -> 0 | AP27: =AN27-AO27 -> 0 | AR27: =COUNTIF(E27:AH27,"P*")+COUNTIF(E27:AH27,"H*")+COUNTIF(E27:AH27,"T*")-COUNTIF(E27:AH27,"H")-COUNTIF(E27:AH27,"P") -> 8
C28: Josue Fula | D28: FULA, JOSUE | E28: P06 | F28: B | G28: F | H28: F | I28: P06 | J28: P06 | K28: P06 | L28: P06 | M28: F | N28: F | O28: P22 | P28: P22 | Q28: P22 | R28: P22 | S28: F | T28: F | U28: P14 | V28: P14 | W28: P14 | X28: P14 | Y28: F | Z28: F | AA28: P06 | AB28: P06 | AC28: P06 | AD28: P06 | AE28: F | AF28: F | AG28: P14 | AH28: P14 | AJ28: =MAR!AM28 -> 0 | AK28: =COUNTIF(E28:AH28, "UA") -> 0 | AL28: =AJ28-AK28 -> 0 | AO28: =COUNTIF(E28:AH28, "U") -> 0 | AP28: =AN28-AO28 -> 0 | AR28: =COUNTIF(E28:AH28,"P*")+COUNTIF(E28:AH28,"H*")+COUNTIF(E28:AH28,"T*")-COUNTIF(E28:AH28,"H")-COUNTIF(E28:AH28,"P") -> 19
C29: Barbara Pereira | D29: PEREIRA, BARBARA | E29: F | F29: F | G29: P06 | H29: P06 | I29: P06 | J29: P06 | K29: F | L29: F | M29: P06 | N29: P06 | O29: P06 | P29: P06 | Q29: F | R29: F | S29: P22 | T29: P22 | U29: P22 | V29: P22 | W29: F | X29: F | Y29: P14 | Z29: P14 | AA29: P14 | AB29: P14 | AC29: F | AD29: F | AE29: P06 | AF29: P06 | AG29: P06 | AH29: P06 | AJ29: =MAR!AM29 -> 0 | AK29: =COUNTIF(E29:AH29, "UA") -> 0 | AL29: =AJ29-AK29 -> 0 | AO29: =COUNTIF(E29:AH29, "U") -> 0 | AP29: =AN29-AO29 -> 0 | AR29: =COUNTIF(E29:AH29,"P*")+COUNTIF(E29:AH29,"H*")+COUNTIF(E29:AH29,"T*")-COUNTIF(E29:AH29,"H")-COUNTIF(E29:AH29,"P") -> 20
C30: Dulani Monteiro | D30: MONTEIRO, DULANI | E30: P14 | F30: P14 | G30: P14 | H30: P14 | I30: F | J30: F | K30: P14 | L30: P14 | M30: P14 | N30: P14 | O30: F | P30: F | Q30: P06 | R30: P06 | S30: P06 | T30: P06 | U30: F | V30: F | W30: P22 | X30: P22 | Y30: P22 | Z30: P22 | AA30: F | AB30: F | AC30: P14 | AD30: P14 | AE30: P14 | AF30: P14 | AG30: F | AH30: F | AJ30: =MAR!AM30 -> 0 | AK30: =COUNTIF(E30:AH30, "UA") -> 0 | AL30: =AJ30-AK30 -> 0 | AO30: =COUNTIF(E30:AH30, "U") -> 0 | AP30: =AN30-AO30 -> 0 | AR30: =COUNTIF(E30:AH30,"P*")+COUNTIF(E30:AH30,"H*")+COUNTIF(E30:AH30,"T*")-COUNTIF(E30:AH30,"H")-COUNTIF(E30:AH30,"P") -> 20
C31: Diogo Arantes | D31: ARANTES, DIOGO | E31: P06 | F31: P06 | G31: F | H31: F | I31: P14 | J31: P14 | K31: P14 | L31: P14 | M31: F | N31: F | O31: P06 | P31: P06 | Q31: P06 | R31: P06 | S31: F | T31: F | U31: P06 | V31: P06 | W31: P06 | X31: P06 | Y31: F | Z31: F | AA31: P22 | AB31: P22 | AC31: P22 | AD31: P22 | AE31: F | AF31: F | AG31: P14 | AH31: P14 | AJ31: =MAR!AM31 -> 0 | AK31: =COUNTIF(E31:AH31, "UA") -> 0 | AL31: =AJ31-AK31 -> 0 | AO31: =COUNTIF(E31:AH31, "U") -> 0 | AP31: =AN31-AO31 -> 0 | AR31: =COUNTIF(E31:AH31,"P*")+COUNTIF(E31:AH31,"H*")+COUNTIF(E31:AH31,"T*")-COUNTIF(E31:AH31,"H")-COUNTIF(E31:AH31,"P") -> 20
C32: Jessica Martins | D32: MARTINS, JESSICA | E32: F | F32: F | G32: P22 | H32: P22 | I32: P22 | J32: P22 | K32: F | L32: F | M32: P14 | N32: P14 | O32: P14 | P32: P14 | Q32: F | R32: F | S32: P06 | T32: P06 | U32: P06 | V32: P06 | W32: F | X32: F | Y32: P06 | Z32: P06 | AA32: P06 | AB32: P06 | AC32: F | AD32: F | AE32: P22 | AF32: P22 | AG32: P22 | AH32: P22 | AJ32: =MAR!AM32 -> 0 | AK32: =COUNTIF(E32:AH32, "UA") -> 0 | AL32: =AJ32-AK32 -> 0 | AO32: =COUNTIF(E32:AH32, "U") -> 0 | AP32: =AN32-AO32 -> 0 | AR32: =COUNTIF(E32:AH32,"P*")+COUNTIF(E32:AH32,"H*")+COUNTIF(E32:AH32,"T*")-COUNTIF(E32:AH32,"H")-COUNTIF(E32:AH32,"P") -> 20
C33: Carla Ferreira | D33: FERREIRA, CARLA | E33: P14 | F33: P14 | G33: P14 | H33: F | I33: F | J33: P06 | K33: P06 | L33: P06 | M33: P06 | N33: F | O33: F | P33: UA | Q33: UA | R33: UA | S33: U | T33: F | U33: F | V33: P06 | W33: P06 | X33: P06 | Y33: P06 | Z33: F | AA33: F | AB33: P14 | AC33: P14 | AD33: P14 | AE33: P14 | AF33: F | AG33: F | AH33: P06 | AJ33: =MAR!AM33 -> 3 | AK33: =COUNTIF(E33:AH33, "UA") -> 3 | AL33: =AJ33-AK33 -> 0 | AO33: =COUNTIF(E33:AH33, "U") -> 1 | AP33: =AN33-AO33 -> -1 | AR33: =COUNTIF(E33:AH33,"P*")+COUNTIF(E33:AH33,"H*")+COUNTIF(E33:AH33,"T*")-COUNTIF(E33:AH33,"H")-COUNTIF(E33:AH33,"P") -> 16
C34: Rafael Medina | D34: MEDINA, RAFAEL | E34: P06 | F34: F | G34: F | H34: P14 | I34: P14 | J34: P14 | K34: P14 | L34: F | M34: F | N34: P06 | O34: P06 | P34: P06 | Q34: P06 | R34: F | S34: F | T34: P14 | U34: P14 | V34: P14 | W34: P14 | X34: F | Y34: F | Z34: P06 | AA34: P06 | AB34: P06 | AC34: P06 | AD34: F | AE34: F | AF34: P14 | AG34: P14 | AH34: P14 | AJ34: =MAR!AM34 -> 0 | AK34: =COUNTIF(E34:AH34, "UA") -> 0 | AL34: =AJ34-AK34 -> 0 | AO34: =COUNTIF(E34:AH34, "U") -> 0 | AP34: =AN34-AO34 -> 0 | AR34: =COUNTIF(E34:AH34,"P*")+COUNTIF(E34:AH34,"H*")+COUNTIF(E34:AH34,"T*")-COUNTIF(E34:AH34,"H")-COUNTIF(E34:AH34,"P") -> 20
C35: Catia Neves | D35: NEVES, CATIA | E35: F | F35: P06 | G35: P06 | H35: P06 | I35: P06 | J35: F | K35: F | L35: P14 | M35: P14 | N35: P14 | O35: P14 | P35: F | Q35: F | R35: P06 | S35: P06 | T35: P06 | U35: P06 | V35: F | W35: F | X35: P14 | Y35: P14 | Z35: P14 | AA35: P14 | AB35: F | AC35: F | AD35: UA | AE35: UA | AF35: UA | AG35: UA | AH35: F | AJ35: =MAR!AM35 -> 4 | AK35: =COUNTIF(E35:AH35, "UA") -> 4 | AL35: =AJ35-AK35 -> 0 | AO35: =COUNTIF(E35:AH35, "U") -> 0 | AP35: =AN35-AO35 -> 0 | AR35: =COUNTIF(E35:AH35,"P*")+COUNTIF(E35:AH35,"H*")+COUNTIF(E35:AH35,"T*")-COUNTIF(E35:AH35,"H")-COUNTIF(E35:AH35,"P") -> 16
B36: LHX & Catering | C36: Ana Telma Carvalho | D36: CARVALHO, ANA | E36: F | F36: P13 | G36: P13 | H36: P13 | I36: P13 | J36: F | K36: F | L36: H05 | M36: H05 | N36: H05 | O36: H05 | P36: F | Q36: F | R36: P13 | S36: P13 | T36: P13 | U36: P13 | V36: F | W36: F | X36: H05 | Y36: H05 | Z36: H05 | AA36: H05 | AB36: F | AC36: F | AD36: P13 | AE36: P13 | AF36: P13 | AG36: P13 | AH36: F | AJ36: =MAR!AM36 -> 0 | AK36: =COUNTIF(E36:AH36, "UA") -> 0 | AL36: =AJ36-AK36 -> 0 | AO36: =COUNTIF(E36:AH36, "U") -> 0 | AP36: =AN36-AO36 -> 0 | AR36: =COUNTIF(E36:AH36,"P*")+COUNTIF(E36:AH36,"H*")+COUNTIF(E36:AH36,"T*")-COUNTIF(E36:AH36,"H")-COUNTIF(E36:AH36,"P") -> 20
C37: Catia Craveiro | D37: CRAVEIRO, CATIA | E37: P13 | F37: F | G37: F | H37: H05 | I37: H05 | J37: H05 | K37: H05 | L37: F | M37: F | N37: P13 | O37: P13 | P37: P13 | Q37: P13 | R37: F | S37: F | T37: H05 | U37: H05 | V37: H05 | W37: H05 | X37: F | Y37: F | Z37: P13 | AA37: P13 | AB37: P13 | AC37: P13 | AD37: F | AE37: F | AF37: H05 | AG37: H05 | AH37: H05 | AJ37: =MAR!AM37 -> 0 | AK37: =COUNTIF(E37:AH37, "UA") -> 0 | AL37: =AJ37-AK37 -> 0 | AO37: =COUNTIF(E37:AH37, "U") -> 0 | AP37: =AN37-AO37 -> 0 | AR37: =COUNTIF(E37:AH37,"P*")+COUNTIF(E37:AH37,"H*")+COUNTIF(E37:AH37,"T*")-COUNTIF(E37:AH37,"H")-COUNTIF(E37:AH37,"P") -> 20
C38: Maria Vitoria Almeida | D38: ALMEIDA, MARIA VITORIA | E38: H05 | F38: H05 | G38: H05 | H38: F | I38: F | J38: P13 | K38: P13 | L38: P13 | M38: P13 | N38: F | O38: F | P38: H05 | Q38: H05 | R38: H05 | S38: H05 | T38: F | U38: F | V38: P13 | W38: P13 | X38: P13 | Y38: P13 | Z38: F | AA38: F | AB38: H05 | AC38: H05 | AD38: H05 | AE38: H05 | AF38: F | AG38: F | AH38: P13 | AJ38: =MAR!AM38 -> 0 | AK38: =COUNTIF(E38:AH38, "UA") -> 0 | AL38: =AJ38-AK38 -> 0 | AO38: =COUNTIF(E38:AH38, "U") -> 0 | AP38: =AN38-AO38 -> 0 | AR38: =COUNTIF(E38:AH38,"P*")+COUNTIF(E38:AH38,"H*")+COUNTIF(E38:AH38,"T*")-COUNTIF(E38:AH38,"H")-COUNTIF(E38:AH38,"P") -> 20
C39: Jessica Santos | D39: SANTOS, JESSICA | E39: UA | F39: UA | G39: UA | H39: F | I39: F | J39: UA | K39: UA | L39: UA | M39: UA | N39: F | O39: F | P39: UA | Q39: UA | R39: UA | S39: UA | T39: F | U39: F | V39: UA | W39: UA | X39: UA | Y39: UA | Z39: F | AA39: F | AB39: UA | AC39: UA | AD39: UA | AE39: UA | AF39: F | AG39: F | AH39: P13 | AJ39: =MAR!AM39 -> 19 | AK39: =COUNTIF(E39:AH39, "UA") -> 19 | AL39: =AJ39-AK39 -> 0 | AO39: =COUNTIF(E39:AH39, "U") -> 0 | AP39: =AN39-AO39 -> 0 | AR39: =COUNTIF(E39:AH39,"P*")+COUNTIF(E39:AH39,"H*")+COUNTIF(E39:AH39,"T*")-COUNTIF(E39:AH39,"H")-COUNTIF(E39:AH39,"P") -> 1
B40: INAD HUB/CG/DEPO | C40: Cristiana Ferreira | D40: FERREIRA, CRISTIANA MARGARIDA | E40: M | F40: M | G40: M | H40: M | I40: M | J40: M | K40: M | L40: M | M40: M | N40: M | O40: M | P40: M | Q40: M | R40: M | S40: M | T40: M | U40: M | V40: M | W40: M | X40: M | Y40: M | Z40: M | AA40: M | AB40: M | AC40: M | AD40: M | AE40: M | AF40: M | AG40: M | AH40: M | AJ40: =MAR!AM40 -> 14 | AK40: =COUNTIF(E40:AH40, "UA") -> 0 | AL40: =AJ40-AK40 -> 14 | AO40: =COUNTIF(E40:AH40, "U") -> 0 | AP40: =AN40-AO40 -> 0 | AR40: =COUNTIF(E40:AH40,"P*")+COUNTIF(E40:AH40,"H*")+COUNTIF(E40:AH40,"T*")-COUNTIF(E40:AH40,"H")-COUNTIF(E40:AH40,"P") -> 0
C41: Mauro Silva | D41: SILVA, MAURO | E41: P08/ | F41: P08/ | G41: P08/ | H41: F | I41: F | J41: P08/ | K41: P08/ | L41: P08/ | M41: P08/ | N41: P08/ | O41: F | P41: F | Q41: P08/ | R41: P08/ | S41: P08/ | T41: P08/ | U41: P08/ | V41: F | W41: F | X41: P08/ | Y41: P08/ | Z41: P08/ | AA41: P08/ | AB41: P08/ | AC41: F | AD41: F | AE41: P08/ | AF41: P08/ | AG41: P08/ | AH41: P08/ | AJ41: =MAR!AM41 -> 0 | AK41: =COUNTIF(E41:AH41, "UA") -> 0 | AL41: =AJ41-AK41 -> 0 | AO41: =COUNTIF(E41:AH41, "U") -> 0 | AP41: =AN41-AO41 -> 0 | AR41: =COUNTIF(E41:AH41,"P*")+COUNTIF(E41:AH41,"H*")+COUNTIF(E41:AH41,"T*")-COUNTIF(E41:AH41,"H")-COUNTIF(E41:AH41,"P") -> 22
C42: Tiago Abreu | D42: ABREU, TIAGO | E42: P08 | F42: P08 | G42: P08 | H42: F | I42: F | J42: P08 | K42: P08 | L42: P08 | M42: P08 | N42: P08 | O42: F | P42: F | Q42: P08 | R42: P08 | S42: P08 | T42: P08 | U42: P08 | V42: F | W42: F | X42: P08 | Y42: P08 | Z42: P08 | AA42: P08 | AB42: P08 | AC42: F | AD42: F | AE42: P08 | AF42: P08 | AG42: P08 | AH42: P08 | AJ42: =MAR!AM42 -> 0 | AK42: =COUNTIF(E42:AH42, "UA") -> 0 | AL42: =AJ42-AK42 -> 0 | AO42: =COUNTIF(E42:AH42, "U") -> 0 | AP42: =AN42-AO42 -> 0 | AR42: =COUNTIF(E42:AH42,"P*")+COUNTIF(E42:AH42,"H*")+COUNTIF(E42:AH42,"T*")-COUNTIF(E42:AH42,"H")-COUNTIF(E42:AH42,"P") -> 22
C43: Maria Burca | D43: BURCA, MARIA | E43: P14 | F43: F | G43: F | H43: P06 | I43: P06 | J43: P06 | K43: P06 | L43: F | M43: F | N43: P14 | O43: P14 | P43: P14 | Q43: P14 | R43: F | S43: F | T43: P06 | U43: P06 | V43: P06 | W43: P06 | X43: F | Y43: F | Z43: P14 | AA43: P14 | AB43: P14 | AC43: P14 | AD43: F | AE43: F | AF43: P06 | AG43: P06 | AH43: P06 | AJ43: =MAR!AM43 -> 0 | AK43: =COUNTIF(E43:AH43, "UA") -> 0 | AL43: =AJ43-AK43 -> 0 | AO43: =COUNTIF(E43:AH43, "U") -> 0 | AP43: =AN43-AO43 -> 0 | AR43: =COUNTIF(E43:AH43,"P*")+COUNTIF(E43:AH43,"H*")+COUNTIF(E43:AH43,"T*")-COUNTIF(E43:AH43,"H")-COUNTIF(E43:AH43,"P") -> 20
C44: Tassiana Bastos | D44: BASTOS, TASSIANA | E44: P14 | F44: F | G44: F | H44: P06 | I44: P06 | J44: P06 | K44: P06 | L44: F | M44: F | N44: P14 | O44: P14 | P44: P14 | Q44: P14 | R44: F | S44: F | T44: P06 | U44: P06 | V44: P06 | W44: P06 | X44: F | Y44: F | Z44: P14 | AA44: P14 | AB44: P14 | AC44: P14 | AD44: F | AE44: F | AF44: P06 | AG44: P06 | AH44: P06 | AJ44: =MAR!AM44 -> 2 | AK44: =COUNTIF(E44:AH44, "UA") -> 0 | AL44: =AJ44-AK44 -> 2 | AO44: =COUNTIF(E44:AH44, "U") -> 0 | AP44: =AN44-AO44 -> 0 | AR44: =COUNTIF(E44:AH44,"P*")+COUNTIF(E44:AH44,"H*")+COUNTIF(E44:AH44,"T*")-COUNTIF(E44:AH44,"H")-COUNTIF(E44:AH44,"P") -> 20
C45: Barbara Martins | D45: MARTINS, BARBARA | E45: F | F45: P14 | G45: P14 | H45: P14 | I45: P14 | J45: F | K45: F | L45: P06 | M45: P06 | N45: B | O45: P06 | P45: F | Q45: F | R45: P14 | S45: P14 | T45: P14 | U45: P14 | V45: F | W45: F | X45: P06 | Y45: P06 | Z45: P06 | AA45: P06 | AB45: F | AC45: F | AD45: P14 | AE45: P14 | AF45: P14 | AG45: P14 | AH45: F | AJ45: =MAR!AM45 -> 0 | AK45: =COUNTIF(E45:AH45, "UA") -> 0 | AL45: =AJ45-AK45 -> 0 | AO45: =COUNTIF(E45:AH45, "U") -> 0 | AP45: =AN45-AO45 -> 0 | AR45: =COUNTIF(E45:AH45,"P*")+COUNTIF(E45:AH45,"H*")+COUNTIF(E45:AH45,"T*")-COUNTIF(E45:AH45,"H")-COUNTIF(E45:AH45,"P") -> 19
C46: Marcos Costa | D46: COSTA, MARCOS FELIPE | E46: F | F46: P14 | G46: P14 | H46: P14 | I46: P14 | J46: F | K46: F | L46: P06 | M46: P06 | N46: P06 | O46: P06 | P46: F | Q46: F | R46: P14 | S46: P14 | T46: P14 | U46: P14 | V46: F | W46: F | X46: P06 | Y46: P06 | Z46: P06 | AA46: P06 | AB46: F | AC46: F | AD46: P14 | AE46: P14 | AF46: P14 | AG46: P14 | AH46: F | AJ46: =MAR!AM46 -> 1 | AK46: =COUNTIF(E46:AH46, "UA") -> 0 | AL46: =AJ46-AK46 -> 1 | AO46: =COUNTIF(E46:AH46, "U") -> 0 | AP46: =AN46-AO46 -> 0 | AR46: =COUNTIF(E46:AH46,"P*")+COUNTIF(E46:AH46,"H*")+COUNTIF(E46:AH46,"T*")-COUNTIF(E46:AH46,"H")-COUNTIF(E46:AH46,"P") -> 20
C47: Tatiana Monteiro | D47: MONTEIRO, TATIANA | E47: P06 | F47: P06 | G47: P06 | H47: F | I47: F | J47: P14 | K47: P14 | L47: P14 | M47: P14 | N47: F | O47: F | P47: P06 | Q47: P06 | R47: P06 | S47: P06 | T47: F | U47: F | V47: P14 | W47: P14 | X47: P14 | Y47: P14 | Z47: F | AA47: F | AB47: P06 | AC47: P06 | AD47: P06 | AE47: P06 | AF47: F | AG47: F | AH47: P14 | AJ47: =MAR!AM47 -> 2 | AK47: =COUNTIF(E47:AH47, "UA") -> 0 | AL47: =AJ47-AK47 -> 2 | AO47: =COUNTIF(E47:AH47, "U") -> 0 | AP47: =AN47-AO47 -> 0 | AR47: =COUNTIF(E47:AH47,"P*")+COUNTIF(E47:AH47,"H*")+COUNTIF(E47:AH47,"T*")-COUNTIF(E47:AH47,"H")-COUNTIF(E47:AH47,"P") -> 20
B49: Servico | C49: TOTAL TURNO X | E49: =COUNTIF(C5:C47,$C$49) -> 0
C50: TOTAL TURNO X | E50: =COUNTIF(C5:C47,$C$50) -> 0
C51: TOTAL Dia | E51: =E49+E50 -> 0
E54: F | F54: Folga | K54: FJ | L54: Falta Justificada | Q54: Legenda | V54: Horário | Y54: Pausa
E55: A | F55: Folga de compensacao | K55: FINJ | L55: Falta Injustificada | Q55: H | R55: Home Office | U55: P22 | V55: 22h00-06h00 | Y55: 02h00 - 02h30
E56: H | F56: Feriado | K56: M | L56: Licenca | Q56: P | R56: Presencial | U56: P23 | V56: 23h00-07h00 | Y56: 03h00 - 03h30
E57: U | F57: Ferias | K57: P | L57: Licenca | Q57: - | R57: 45min | U57: H03/ | V57: 03h30-11h30 | Y57: 07h30 - 08h00
E58: UA | F58: Ferias do ano anterior | K58: S1 | L58: Licenca | Q58: / | R58: 30min | U58: H05 | V58: 05h00-13h00 | Y58: 09h00 - 09h30
E59: H | F59: Feriado nao aprovado | K59: K | L59: Ausente | Q59: * | R59: 15min | U59: H05/ | V59: 05h30-13h30 | Y59: 09h30 - 10h00
E60: U | F60: Dia de ferias nao aprovado | K60: K1 | L60: Ausente | U60: P05- | V60: 05h45-13h45 | Y60: 09h45 - 10h15
E61: B | F61: Birthday | K61: K2 | L61: Ausente | U61: P06 | V61: 06h00 - 14h00 | Y61: 10h00 - 10h30
E62: B* | F62: Birthday - dia alternativo | K62: K6 | L62: Ausente | U62: P06/ | V62: 06h30 - 14h30 | Y62: 10h30 - 11h00
E63: TR | F63: Training | K63: E | L63: Ausente | U63: P06- | V63: 06h45 - 14h45 | Y63: 10h45 - 11h15
E64: S3 | F64: Ausencia Especial | K64: EM | L64: Ausente | U64: P07 | V64: 07h00-15h00 | Y64: 11h00 - 11h30
E65: TB | F65: Team Building | K65: J | L65: Ausente | U65: P07* | V65: 07h15-15h15 | Y65: 11h15 - 11h45
E66: R | F66: Viagem em Servico | K66: NO | L66: Ausente | U66: P07/ | V66: 07h30 - 15h30 | Y66: 11h30 - 12h00
E67: D | F67: Viagem em Servico Alemanha | K67: CM1 | L67: Ausente | U67: P07- | V67: 07h45 - 15h45 | Y67: 11h45 - 12h15
E68: SE | F68: Servico Especial | K68: V | L68: Solidariedade | U68: P08 | V68: 08h00-16h00 | Y68: 12h00 - 12h30
U69: P08* | V69: 08h15-16h15 | Y69: 12h15 - 12h45
U70: P08/ | V70: 08h30-16h30 | Y70: 12h30 - 13h30
U71: P08- | V71: 08h45-16h45 | Y71: 12h45 - 13h15
U72: P09 | V72: 09h00-17h00 | Y72: 13h00 - 13h30
U73: P09* | V73: 09h15-17h15 | Y73: 13h15 - 13h45
U74: P10 | V74: 10h00-18h00 | Y74: 14h00 - 14h30
U75: P11 | V75: 11h00-19h00 | Y75: 15h00 - 15h30
U76: P12 | V76: 12h00-20h00 | Y76: 16h00 - 16h30
U77: P13 | V77: 13h00-21h00 | Y77: 17h00 - 17h30
U78: P14 | V78: 14h00-22h00 | Y78: 18h00 - 18h30
U79: P15 | V79: 15h00-23h00 | Y79: 19h00 - 19h30
U80: P16 | V80: 16h00-00h00 | Y80: 20h00 - 20h30
U81: H17 | V81: 17h00-01h00 | Y81: 21h00 - 21h30

Sheet MAY
B2: Not Finalized | C2: HUB Services | E2: LGSP - Lufthansa Ground Services Portugal NIF : 509 842 593 Atividade: CAE 52230.R3 Sede e local de trabalho: Avenida da Boavista ED.Burgo, 1837 sala 13.1 Horario de Funcionamento: 24/7 IRT: Não Aplicável | AK2: Ferias 2025 | AO2: Ferias 2026 | AS2: Dias Trabalhados
C3: Maio | E3: Sex | F3: Sab | G3: Dom | H3: Seg | I3: Ter | J3: Qua | K3: Qui | L3: Sex | M3: Sab | N3: Dom | O3: Seg | P3: Ter | Q3: Qua | R3: Qui | S3: Sex | T3: Sab | U3: Dom | V3: Seg | W3: Ter | X3: Qua | Y3: Qui | Z3: Sex | AA3: Sab | AB3: Dom | AC3: Seg | AD3: Ter | AE3: Qua | AF3: Qui | AG3: Sex | AH3: Sab | AI3: Dom
E4: 1 | F4: 2 | G4: 3 | H4: 4 | I4: 5 | J4: 6 | K4: 7 | L4: 8 | M4: 9 | N4: 10 | O4: 11 | P4: 12 | Q4: 13 | R4: 14 | S4: 15 | T4: 16 | U4: 17 | V4: 18 | W4: 19 | X4: 20 | Y4: 21 | Z4: 22 | AA4: 23 | AB4: 24 | AC4: 25 | AD4: 26 | AE4: 27 | AF4: 28 | AG4: 29 | AH4: 30 | AI4: 31 | AK4: 2025 | AL4: Used | AM4: Left | AO4: 2026 | AP4: Used | AQ4: Left
B5: Hub Services Supervision | C5: Catarina Ferreira | D5: FERREIRA, CATARINA | E5: P06 | F5: F | G5: F | H5: P14 | I5: P14 | J5: P14 | K5: P14 | L5: F | M5: F | N5: P06 | O5: P06 | P5: P06 | Q5: P06 | R5: F | S5: F | T5: P14 | U5: P14 | V5: P14 | W5: P14 | X5: F | Y5: F | Z5: P06 | AA5: P06 | AB5: P06 | AC5: P06 | AD5: F | AE5: F | AF5: P14 | AG5: P14 | AH5: P14 | AI5: P14 | AL5: =COUNTIF(E5:AI5, "UA") -> 0 | AM5: =AK5-AL5 -> 0 | AP5: =COUNTIF(E5:AI5, "U") -> 0 | AQ5: =AO5-AP5 -> 0 | AS5: =COUNTIF(E5:AI5,"P*")+COUNTIF(E5:AI5,"H*")+COUNTIF(E5:AI5,"T*")-COUNTIF(E5:AI5,"H")-COUNTIF(E5:AI5,"P") -> 21
C6: Miguel Pinto | D6: PINTO, MIGUEL | E6: P14 | F6: P14 | G6: P14 | H6: F | I6: F | J6: P06 | K6: P06 | L6: P06 | M6: P06 | N6: F | O6: F | P6: P14 | Q6: P14 | R6: P14 | S6: P14 | T6: F | U6: F | V6: P06 | W6: P06 | X6: P06 | Y6: P06 | Z6: F | AA6: F | AB6: P14 | AC6: P14 | AD6: P14 | AE6: P14 | AF6: F | AG6: F | AH6: P06 | AI6: P06 | AL6: =COUNTIF(E6:AI6, "UA") -> 0 | AM6: =AK6-AL6 -> 0 | AP6: =COUNTIF(E6:AI6, "U") -> 0 | AQ6: =AO6-AP6 -> 0 | AS6: =COUNTIF(E6:AI6,"P*")+COUNTIF(E6:AI6,"H*")+COUNTIF(E6:AI6,"T*")-COUNTIF(E6:AI6,"H")-COUNTIF(E6:AI6,"P") -> 21
C7: João Santos Silva | D7: SANTOS SILVA, JOAO | E7: F | F7: F | G7: P14 | H7: P14 | I7: P14 | J7: P14 | K7: F | L7: F | M7: P06 | N7: P06 | O7: P06 | P7: P06 | Q7: F | R7: F | S7: P14 | T7: P14 | U7: P14 | V7: P14 | W7: F | X7: F | Y7: P06 | Z7: P06 | AA7: P06 | AB7: P06 | AC7: F | AD7: F | AE7: P14 | AF7: P14 | AG7: P14 | AH7: P14 | AI7: F | AL7: =COUNTIF(E7:AI7, "UA") -> 0 | AM7: =AK7-AL7 -> 0 | AP7: =COUNTIF(E7:AI7, "U") -> 0 | AQ7: =AO7-AP7 -> 0 | AS7: =COUNTIF(E7:AI7,"P*")+COUNTIF(E7:AI7,"H*")+COUNTIF(E7:AI7,"T*")-COUNTIF(E7:AI7,"H")-COUNTIF(E7:AI7,"P") -> 20
C8: Ana Magalhães | D8: MAGALHAES, ANA CATARINA | E8: P06 | F8: P06 | G8: F | H8: F | I8: P14 | J8: P14 | K8: P14 | L8: P14 | M8: F | N8: F | O8: P06 | P8: P06 | Q8: P06 | R8: P06 | S8: F | T8: F | U8: P14 | V8: P14 | W8: P14 | X8: P14 | Y8: F | Z8: B | AA8: B* | AB8: P06 | AC8: P06 | AD8: P06 | AE8: F | AF8: F | AG8: P14 | AH8: P14 | AI8: P14 | AL8: =COUNTIF(E8:AI8, "UA") -> 0 | AM8: =AK8-AL8 -> 0 | AP8: =COUNTIF(E8:AI8, "U") -> 0 | AQ8: =AO8-AP8 -> 0 | AS8: =COUNTIF(E8:AI8,"P*")+COUNTIF(E8:AI8,"H*")+COUNTIF(E8:AI8,"T*")-COUNTIF(E8:AI8,"H")-COUNTIF(E8:AI8,"P") -> 20
C9: Jorge Gonçalves | D9: GONCALVES, JORGE | E9: P14 | F9: P14 | G9: P14 | H9: P14 | I9: F | J9: F | K9: P06 | L9: P06 | M9: P06 | N9: P06 | O9: F | P9: F | Q9: P14 | R9: P14 | S9: P14 | T9: P14 | U9: F | V9: F | W9: P06 | X9: P06 | Y9: P06 | Z9: P06 | AA9: F | AB9: F | AC9: P14 | AD9: P14 | AE9: P14 | AF9: P14 | AG9: F | AH9: F | AI9: P06 | AL9: =COUNTIF(E9:AI9, "UA") -> 0 | AM9: =AK9-AL9 -> 0 | AP9: =COUNTIF(E9:AI9, "U") -> 0 | AQ9: =AO9-AP9 -> 0 | AS9: =COUNTIF(E9:AI9,"P*")+COUNTIF(E9:AI9,"H*")+COUNTIF(E9:AI9,"T*")-COUNTIF(E9:AI9,"H")-COUNTIF(E9:AI9,"P") -> 21
C10: Sara Medeiros | D10: MEDEIROS, SARA | E10: P14 | F10: P14 | G10: F | H10: F | I10: P06 | J10: P06 | K10: P06 | L10: P06 | M10: F | N10: F | O10: P14 | P10: P14 | Q10: P14 | R10: P14 | S10: F | T10: F | U10: P06 | V10: P06 | W10: P06 | X10: P06 | Y10: F | Z10: F | AA10: P14 | AB10: P14 | AC10: P14 | AD10: P14 | AE10: F | AF10: F | AG10: P06 | AH10: P06 | AI10: P06 | AL10: =COUNTIF(E10:AI10, "UA") -> 0 | AM10: =AK10-AL10 -> 0 | AP10: =COUNTIF(E10:AI10, "U") -> 0 | AQ10: =AO10-AP10 -> 0 | AS10: =COUNTIF(E10:AI10,"P*")+COUNTIF(E10:AI10,"H*")+COUNTIF(E10:AI10,"T*")-COUNTIF(E10:AI10,"H")-COUNTIF(E10:AI10,"P") -> 21
C11: Catarina Pereira | D11: PEREIRA, CATARINA | E11: P06 | F11: P06 | G11: P06 | H11: P06 | I11: F | J11: F | K11: P14 | L11: P14 | M11: P14 | N11: P14 | O11: F | P11: F | Q11: P06 | R11: P06 | S11: P06 | T11: P06 | U11: F | V11: F | W11: P14 | X11: P14 | Y11: P14 | Z11: P14 | AA11: F | AB11: F | AC11: P06 | AD11: P06 | AE11: P06 | AF11: P06 | AG11: F | AH11: F | AI11: P14 | AL11: =COUNTIF(E11:AI11, "UA") -> 0 | AM11: =AK11-AL11 -> 0 | AP11: =COUNTIF(E11:AI11, "U") -> 0 | AQ11: =AO11-AP11 -> 0 | AS11: =COUNTIF(E11:AI11,"P*")+COUNTIF(E11:AI11,"H*")+COUNTIF(E11:AI11,"T*")-COUNTIF(E11:AI11,"H")-COUNTIF(E11:AI11,"P") -> 21
C12: Catia Martins | D12: MARTINS, CATIA | E12: F | F12: F | G12: P06 | H12: P06 | I12: P06 | J12: P06 | K12: F | L12: F | M12: P14 | N12: P14 | O12: P14 | P12: P14 | Q12: F | R12: F | S12: P06 | T12: P06 | U12: P06 | V12: P06 | W12: F | X12: F | Y12: P14 | Z12: P14 | AA12: P14 | AB12: P14 | AC12: F | AD12: F | AE12: P06 | AF12: P06 | AG12: P06 | AH12: P06 | AI12: F | AL12: =COUNTIF(E12:AI12, "UA") -> 0 | AM12: =AK12-AL12 -> 0 | AP12: =COUNTIF(E12:AI12, "U") -> 0 | AQ12: =AO12-AP12 -> 0 | AS12: =COUNTIF(E12:AI12,"P*")+COUNTIF(E12:AI12,"H*")+COUNTIF(E12:AI12,"T*")-COUNTIF(E12:AI12,"H")-COUNTIF(E12:AI12,"P") -> 20
B13: Remote Passenger Recovery Team | C13: Ricardo Bessa | D13: BESSA, RICARDO | E13: P06 | F13: P06 | G13: P06 | H13: P06 | I13: F | J13: F | K13: P14 | L13: P14 | M13: P14 | N13: P14 | O13: F | P13: F | Q13: P06 | R13: P06 | S13: P06 | T13: P06 | U13: F | V13: F | W13: P06 | X13: P06 | Y13: P06 | Z13: P06 | AA13: F | AB13: F | AC13: P22 | AD13: P22 | AE13: P22 | AF13: P22 | AG13: F | AH13: F | AI13: P14 | AL13: =COUNTIF(E13:AI13, "UA") -> 0 | AM13: =AK13-AL13 -> 0 | AP13: =COUNTIF(E13:AI13, "U") -> 0 | AQ13: =AO13-AP13 -> 0 | AS13: =COUNTIF(E13:AI13,"P*")+COUNTIF(E13:AI13,"H*")+COUNTIF(E13:AI13,"T*")-COUNTIF(E13:AI13,"H")-COUNTIF(E13:AI13,"P") -> 21
C14: Samuel Neves | D14: NEVES, SAMUEL | E14: P14 | F14: P14 | G14: F | H14: F | I14: P06 | J14: P06 | K14: P06 | L14: P06 | M14: F | N14: F | O14: P14 | P14: P14 | Q14: P14 | R14: P14 | S14: F | T14: F | U14: P14 | V14: P14 | W14: P14 | X14: P14 | Y14: F | Z14: F | AA14: P06 | AB14: P06 | AC14: P06 | AD14: P06 | AE14: F | AF14: F | AG14: P22 | AH14: P22 | AI14: P22 | AL14: =COUNTIF(E14:AI14, "UA") -> 0 | AM14: =AK14-AL14 -> 0 | AP14: =COUNTIF(E14:AI14, "U") -> 0 | AQ14: =AO14-AP14 -> 0 | AS14: =COUNTIF(E14:AI14,"P*")+COUNTIF(E14:AI14,"H*")+COUNTIF(E14:AI14,"T*")-COUNTIF(E14:AI14,"H")-COUNTIF(E14:AI14,"P") -> 21
C15: Ricardo Medeiros | D15: MEDEIROS, RICARDO | E15: F | F15: F | G15: P14 | H15: P14 | I15: P14 | J15: P14 | K15: F | L15: F | M15: P06 | N15: P06 | O15: P06 | P15: P06 | Q15: F | R15: B | S15: B* | T15: P14 | U15: P14 | V15: P14 | W15: F | X15: F | Y15: P06 | Z15: P06 | AA15: P06 | AB15: P06 | AC15: F | AD15: F | AE15: P14 | AF15: P14 | AG15: P14 | AH15: P14 | AI15: F | AL15: =COUNTIF(E15:AI15, "UA") -> 0 | AM15: =AK15-AL15 -> 0 | AP15: =COUNTIF(E15:AI15, "U") -> 0 | AQ15: =AO15-AP15 -> 0 | AS15: =COUNTIF(E15:AI15,"P*")+COUNTIF(E15:AI15,"H*")+COUNTIF(E15:AI15,"T*")-COUNTIF(E15:AI15,"H")-COUNTIF(E15:AI15,"P") -> 19
C16: Joana Pinheiro | D16: PINHEIRO, JOANA | E16: P06 | F16: P06 | G16: P06 | H16: P06 | I16: F | J16: F | K16: P14 | L16: P14 | M16: P14 | N16: P14 | O16: F | P16: F | Q16: P06 | R16: P06 | S16: P06 | T16: P06 | U16: F | V16: F | W16: P14 | X16: P14 | Y16: P14 | Z16: P14 | AA16: F | AB16: F | AC16: P06 | AD16: P06 | AE16: P06 | AF16: P06 | AG16: F | AH16: F | AI16: P14 | AL16: =COUNTIF(E16:AI16, "UA") -> 0 | AM16: =AK16-AL16 -> 0 | AP16: =COUNTIF(E16:AI16, "U") -> 0 | AQ16: =AO16-AP16 -> 0 | AS16: =COUNTIF(E16:AI16,"P*")+COUNTIF(E16:AI16,"H*")+COUNTIF(E16:AI16,"T*")-COUNTIF(E16:AI16,"H")-COUNTIF(E16:AI16,"P") -> 21
C17: Bruna Lima | D17: LIMA, BRUNA | E17: P14 | F17: P14 | G17: F | H17: F | I17: P06 | J17: P06 | K17: P06 | L17: P06 | M17: F | N17: F | O17: P14 | P17: P14 | Q17: P14 | R17: P14 | S17: F | T17: F | U17: P06 | V17: P06 | W17: P06 | X17: P06 | Y17: F | Z17: F | AA17: P14 | AB17: P14 | AC17: P14 | AD17: P14 | AE17: F | AF17: F | AG17: P06 | AH17: P06 | AI17: P06 | AL17: =COUNTIF(E17:AI17, "UA") -> 0 | AM17: =AK17-AL17 -> 0 | AP17: =COUNTIF(E17:AI17, "U") -> 0 | AQ17: =AO17-AP17 -> 0 | AS17: =COUNTIF(E17:AI17,"P*")+COUNTIF(E17:AI17,"H*")+COUNTIF(E17:AI17,"T*")-COUNTIF(E17:AI17,"H")-COUNTIF(E17:AI17,"P") -> 21
C18: Ivo Latourrette | D18: LATOURRETTE, IVO | E18: F | F18: F | G18: P14 | H18: P14 | I18: P14 | J18: P14 | K18: F | L18: F | M18: P06 | N18: P06 | O18: P06 | P18: P06 | Q18: F | R18: F | S18: P14 | T18: P14 | U18: P14 | V18: P14 | W18: F | X18: F | Y18: P06 | Z18: P06 | AA18: P06 | AB18: P06 | AC18: F | AD18: F | AE18: P14 | AF18: P14 | AG18: P14 | AH18: P14 | AI18: F | AL18: =COUNTIF(E18:AI18, "UA") -> 0 | AM18: =AK18-AL18 -> 0 | AP18: =COUNTIF(E18:AI18, "U") -> 0 | AQ18: =AO18-AP18 -> 0 | AS18: =COUNTIF(E18:AI18,"P*")+COUNTIF(E18:AI18,"H*")+COUNTIF(E18:AI18,"T*")-COUNTIF(E18:AI18,"H")-COUNTIF(E18:AI18,"P") -> 20
C19: Inês Coelho | D19: COELHO, INES | E19: P22 | F19: P22 | G19: P22 | H19: P22 | I19: F | J19: F | K19: P14 | L19: P14 | M19: P14 | N19: P14 | O19: F | P19: F | Q19: P06 | R19: P06 | S19: P06 | T19: P06 | U19: F | V19: F | W19: P14 | X19: P14 | Y19: P14 | Z19: P14 | AA19: F | AB19: F | AC19: P06 | AD19: P06 | AE19: P06 | AF19: P06 | AG19: F | AH19: F | AI19: P14 | AL19: =COUNTIF(E19:AI19, "UA") -> 0 | AM19: =AK19-AL19 -> 0 | AP19: =COUNTIF(E19:AI19, "U") -> 0 | AQ19: =AO19-AP19 -> 0 | AS19: =COUNTIF(E19:AI19,"P*")+COUNTIF(E19:AI19,"H*")+COUNTIF(E19:AI19,"T*")-COUNTIF(E19:AI19,"H")-COUNTIF(E19:AI19,"P") -> 21
C20: Jose Alves | D20: ALVES, JOSE | E20: P14 | F20: P14 | G20: F | H20: F | I20: P22 | J20: P22 | K20: P22 | L20: P22 | M20: F | N20: F | O20: P14 | P20: P14 | Q20: P14 | R20: P14 | S20: F | T20: F | U20: P06 | V20: P06 | W20: P06 | X20: P06 | Y20: F | Z20: F | AA20: P14 | AB20: P14 | AC20: P14 | AD20: P14 | AE20: F | AF20: F | AG20: P06 | AH20: P06 | AI20: P06 | AL20: =COUNTIF(E20:AI20, "UA") -> 0 | AM20: =AK20-AL20 -> 0 | AP20: =COUNTIF(E20:AI20, "U") -> 0 | AQ20: =AO20-AP20 -> 0 | AS20: =COUNTIF(E20:AI20,"P*")+COUNTIF(E20:AI20,"H*")+COUNTIF(E20:AI20,"T*")-COUNTIF(E20:AI20,"H")-COUNTIF(E20:AI20,"P") -> 21
C21: Alefe Sobral | D21: SOBRAL, ALEFE | E21: F | F21: F | G21: P06 | H21: P06 | I21: P06 | J21: P06 | K21: F | L21: F | M21: P22 | N21: P22 | O21: P22 | P21: P22 | Q21: F | R21: F | S21: P14 | T21: P14 | U21: P14 | V21: P14 | W21: F | X21: F | Y21: P06 | Z21: P06 | AA21: P06 | AB21: P06 | AC21: F | AD21: F | AE21: P14 | AF21: P14 | AG21: P14 | AH21: P14 | AI21: F | AL21: =COUNTIF(E21:AI21, "UA") -> 0 | AM21: =AK21-AL21 -> 0 | AP21: =COUNTIF(E21:AI21, "U") -> 0 | AQ21: =AO21-AP21 -> 0 | AS21: =COUNTIF(E21:AI21,"P*")+COUNTIF(E21:AI21,"H*")+COUNTIF(E21:AI21,"T*")-COUNTIF(E21:AI21,"H")-COUNTIF(E21:AI21,"P") -> 20
C22: Gonçalo Pereira | D22: PEREIRA, GONCALO | E22: P06 | F22: P06 | G22: P06 | H22: P06 | I22: F | J22: F | K22: P14 | L22: P14 | M22: P14 | N22: P14 | O22: F | P22: F | Q22: P22 | R22: P22 | S22: P22 | T22: P22 | U22: F | V22: F | W22: P14 | X22: P14 | Y22: P14 | Z22: P14 | AA22: F | AB22: F | AC22: P06 | AD22: P06 | AE22: P06 | AF22: P06 | AG22: F | AH22: F | AI22: P14 | AL22: =COUNTIF(E22:AI22, "UA") -> 0 | AM22: =AK22-AL22 -> 0 | AP22: =COUNTIF(E22:AI22, "U") -> 0 | AQ22: =AO22-AP22 -> 0 | AS22: =COUNTIF(E22:AI22,"P*")+COUNTIF(E22:AI22,"H*")+COUNTIF(E22:AI22,"T*")-COUNTIF(E22:AI22,"H")-COUNTIF(E22:AI22,"P") -> 21
C23: Carlos Carvalhais | D23: CARVALHAIS, CARLOS | E23: P06 | F23: P06 | G23: F | H23: F | I23: P14 | J23: P14 | K23: P14 | L23: P14 | M23: F | N23: F | O23: P06 | P23: P06 | Q23: P06 | R23: P06 | S23: F | T23: F | U23: P22 | V23: P22 | W23: P22 | X23: P22 | Y23: F | Z23: F | AA23: P14 | AB23: P14 | AC23: P14 | AD23: P14 | AE23: F | AF23: F | AG23: P06 | AH23: P06 | AI23: P06 | AL23: =COUNTIF(E23:AI23, "UA") -> 0 | AM23: =AK23-AL23 -> 0 | AP23: =COUNTIF(E23:AI23, "U") -> 0 | AQ23: =AO23-AP23 -> 0 | AS23: =COUNTIF(E23:AI23,"P*")+COUNTIF(E23:AI23,"H*")+COUNTIF(E23:AI23,"T*")-COUNTIF(E23:AI23,"H")-COUNTIF(E23:AI23,"P") -> 21
C24: Ines Pilre | D24: PILRE, INES | E24: F | F24: F | G24: P14 | H24: P14 | I24: P14 | J24: P14 | K24: F | L24: F | M24: P06 | N24: P06 | O24: P06 | P24: P06 | Q24: F | R24: F | S24: P14 | T24: P14 | U24: P14 | V24: P14 | W24: F | X24: F | Y24: P22 | Z24: P22 | AA24: P22 | AB24: P22 | AC24: F | AD24: F | AE24: P14 | AF24: P14 | AG24: P14 | AH24: P14 | AI24: F | AL24: =COUNTIF(E24:AI24, "UA") -> 0 | AM24: =AK24-AL24 -> 0 | AP24: =COUNTIF(E24:AI24, "U") -> 0 | AQ24: =AO24-AP24 -> 0 | AS24: =COUNTIF(E24:AI24,"P*")+COUNTIF(E24:AI24,"H*")+COUNTIF(E24:AI24,"T*")-COUNTIF(E24:AI24,"H")-COUNTIF(E24:AI24,"P") -> 20
B25: Hubs Services Team | C25: Raquel Oliveira | D25: OLIVEIRA, RAQUEL ALEXANDRA | E25: P22 | F25: P22 | G25: P22 | H25: P22 | I25: F | J25: F | K25: P14 | L25: P14 | M25: P14 | N25: P14 | O25: F | P25: F | Q25: P06 | R25: P06 | S25: P06 | T25: P06 | U25: F | V25: F | W25: P14 | X25: P14 | Y25: P14 | Z25: P14 | AA25: F | AB25: F | AC25: P06 | AD25: P06 | AE25: P06 | AF25: P06 | AG25: F | AH25: F | AI25: P06 | AL25: =COUNTIF(E25:AI25, "UA") -> 0 | AM25: =AK25-AL25 -> 0 | AP25: =COUNTIF(E25:AI25, "U") -> 0 | AQ25: =AO25-AP25 -> 0 | AS25: =COUNTIF(E25:AI25,"P*")+COUNTIF(E25:AI25,"H*")+COUNTIF(E25:AI25,"T*")-COUNTIF(E25:AI25,"H")-COUNTIF(E25:AI25,"P") -> 21
C26: Rafael Silva | D26: SILVA, RAFAEL | E26: P06 | F26: P06 | G26: F | H26: F | I26: P22 | J26: P22 | K26: P22 | L26: P22 | M26: F | N26: F | O26: P14 | P26: P14 | Q26: P14 | R26: P14 | S26: F | T26: F | U26: P06 | V26: P06 | W26: P06 | X26: P06 | Y26: F | Z26: F | AA26: P14 | AB26: P14 | AC26: P14 | AD26: P14 | AE26: F | AF26: F | AG26: P06 | AH26: P06 | AI26: P06 | AL26: =COUNTIF(E26:AI26, "UA") -> 0 | AM26: =AK26-AL26 -> 0 | AP26: =COUNTIF(E26:AI26, "U") -> 0 | AQ26: =AO26-AP26 -> 0 | AS26: =COUNTIF(E26:AI26,"P*")+COUNTIF(E26:AI26,"H*")+COUNTIF(E26:AI26,"T*")-COUNTIF(E26:AI26,"H")-COUNTIF(E26:AI26,"P") -> 21
C27: Jose Borges | D27: BORGES, JOSE | E27: P06 | F27: P06 | G27: P06 | H27: P06 | I27: F | J27: F | K27: P06 | L27: P06 | M27: P06 | N27: P06 | O27: F | P27: F | Q27: P22 | R27: P22 | S27: P22 | T27: P22 | U27: F | V27: F | W27: P14 | X27: P14 | Y27: P14 | Z27: P14 | AA27: F | AB27: F | AC27: P06 | AD27: P06 | AE27: P06 | AF27: P06 | AG27: F | AH27: F | AI27: P14 | AL27: =COUNTIF(E27:AI27, "UA") -> 0 | AM27: =AK27-AL27 -> 0 | AP27: =COUNTIF(E27:AI27, "U") -> 0 | AQ27: =AO27-AP27 -> 0 | AS27: =COUNTIF(E27:AI27,"P*")+COUNTIF(E27:AI27,"H*")+COUNTIF(E27:AI27,"T*")-COUNTIF(E27:AI27,"H")-COUNTIF(E27:AI27,"P") -> 21
C28: Josue Fula | D28: FULA, JOSUE | E28: P14 | F28: P14 | G28: F | H28: F | I28: P14 | J28: P14 | K28: P14 | L28: P14 | M28: F | N28: F | O28: P06 | P28: P06 | Q28: P06 | R28: P06 | S28: F | T28: F | U28: P22 | V28: P22 | W28: P22 | X28: P22 | Y28: F | Z28: F | AA28: P14 | AB28: P14 | AC28: P14 | AD28: P14 | AE28: F | AF28: F | AG28: P06 | AH28: P06 | AI28: P06 | AL28: =COUNTIF(E28:AI28, "UA") -> 0 | AM28: =AK28-AL28 -> 0 | AP28: =COUNTIF(E28:AI28, "U") -> 0 | AQ28: =AO28-AP28 -> 0 | AS28: =COUNTIF(E28:AI28,"P*")+COUNTIF(E28:AI28,"H*")+COUNTIF(E28:AI28,"T*")-COUNTIF(E28:AI28,"H")-COUNTIF(E28:AI28,"P") -> 21
C29: Barbara Pereira | D29: PEREIRA, BARBARA | E29: F | F29: F | G29: P14 | H29: P14 | I29: P14 | J29: P14 | K29: F | L29: F | M29: P06 | N29: P06 | O29: P06 | P29: P06 | Q29: F | R29: F | S29: P06 | T29: P06 | U29: P06 | V29: P06 | W29: F | X29: F | Y29: P22 | Z29: P22 | AA29: P22 | AB29: P22 | AC29: F | AD29: F | AE29: P14 | AF29: P14 | AG29: P14 | AH29: P14 | AI29: F | AL29: =COUNTIF(E29:AI29, "UA") -> 0 | AM29: =AK29-AL29 -> 0 | AP29: =COUNTIF(E29:AI29, "U") -> 0 | AQ29: =AO29-AP29 -> 0 | AS29: =COUNTIF(E29:AI29,"P*")+COUNTIF(E29:AI29,"H*")+COUNTIF(E29:AI29,"T*")-COUNTIF(E29:AI29,"H")-COUNTIF(E29:AI29,"P") -> 20
C30: Dulani Monteiro | D30: MONTEIRO, DULANI | E30: P06 | F30: P06 | G30: P06 | H30: P06 | I30: F | J30: F | K30: P14 | L30: P14 | M30: P14 | N30: P14 | O30: F | P30: F | Q30: P06 | R30: P06 | S30: P06 | T30: P06 | U30: F | V30: F | W30: P06 | X30: P06 | Y30: P06 | Z30: P06 | AA30: F | AB30: F | AC30: P22 | AD30: P22 | AE30: P22 | AF30: P22 | AG30: F | AH30: F | AI30: P06 | AL30: =COUNTIF(E30:AI30, "UA") -> 0 | AM30: =AK30-AL30 -> 0 | AP30: =COUNTIF(E30:AI30, "U") -> 0 | AQ30: =AO30-AP30 -> 0 | AS30: =COUNTIF(E30:AI30,"P*")+COUNTIF(E30:AI30,"H*")+COUNTIF(E30:AI30,"T*")-COUNTIF(E30:AI30,"H")-COUNTIF(E30:AI30,"P") -> 21
C31: Diogo Arantes | D31: ARANTES, DIOGO | E31: P14 | F31: P14 | G31: F | H31: F | I31: P06 | J31: P06 | K31: P06 | L31: P06 | M31: F | N31: F | O31: P14 | P31: P14 | Q31: P14 | R31: P14 | S31: F | T31: F | U31: P06 | V31: P06 | W31: P06 | X31: P06 | Y31: F | Z31: F | AA31: P06 | AB31: P06 | AC31: P06 | AD31: P06 | AE31: F | AF31: F | AG31: P22 | AH31: P22 | AI31: P22 | AL31: =COUNTIF(E31:AI31, "UA") -> 0 | AM31: =AK31-AL31 -> 0 | AP31: =COUNTIF(E31:AI31, "U") -> 0 | AQ31: =AO31-AP31 -> 0 | AS31: =COUNTIF(E31:AI31,"P*")+COUNTIF(E31:AI31,"H*")+COUNTIF(E31:AI31,"T*")-COUNTIF(E31:AI31,"H")-COUNTIF(E31:AI31,"P") -> 21
C32: Jessica Martins | D32: MARTINS, JESSICA | E32: F | F32: F | G32: P06 | H32: P06 | I32: P06 | J32: P06 | K32: F | L32: F | M32: P22 | N32: P22 | O32: P22 | P32: P22 | Q32: F | R32: F | S32: P14 | T32: P14 | U32: P14 | V32: P14 | W32: F | X32: F | Y32: P06 | Z32: P06 | AA32: P06 | AB32: P06 | AC32: F | AD32: F | AE32: P14 | AF32: P14 | AG32: P14 | AH32: P14 | AI32: F | AL32: =COUNTIF(E32:AI32, "UA") -> 0 | AM32: =AK32-AL32 -> 0 | AP32: =COUNTIF(E32:AI32, "U") -> 0 | AQ32: =AO32-AP32 -> 0 | AS32: =COUNTIF(E32:AI32,"P*")+COUNTIF(E32:AI32,"H*")+COUNTIF(E32:AI32,"T*")-COUNTIF(E32:AI32,"H")-COUNTIF(E32:AI32,"P") -> 20
C33: Carla Ferreira | D33: FERREIRA, CARLA | E33: P06 | F33: P06 | G33: P06 | H33: F | I33: F | J33: P06 | K33: P06 | L33: P06 | M33: P06 | N33: F | O33: F | P33: P06 | Q33: P06 | R33: P06 | S33: P06 | T33: F | U33: F | V33: P14 | W33: P14 | X33: P14 | Y33: P14 | Z33: F | AA33: F | AB33: P06 | AC33: P06 | AD33: P06 | AE33: P06 | AF33: F | AG33: F | AH33: P14 | AI33: P14 | AL33: =COUNTIF(E33:AI33, "UA") -> 0 | AM33: =AK33-AL33 -> 0 | AP33: =COUNTIF(E33:AI33, "U") -> 0 | AQ33: =AO33-AP33 -> 0 | AS33: =COUNTIF(E33:AI33,"P*")+COUNTIF(E33:AI33,"H*")+COUNTIF(E33:AI33,"T*")-COUNTIF(E33:AI33,"H")-COUNTIF(E33:AI33,"P") -> 21
C34: Rafael Medina | D34: MEDINA, RAFAEL | E34: P14 | F34: F | G34: F | H34: P06 | I34: P06 | J34: P06 | K34: P06 | L34: F | M34: F | N34: P14 | O34: P14 | P34: P14 | Q34: P14 | R34: F | S34: F | T34: P06 | U34: P06 | V34: P06 | W34: P06 | X34: F | Y34: F | Z34: P14 | AA34: P14 | AB34: P14 | AC34: P14 | AD34: F | AE34: F | AF34: P06 | AG34: P06 | AH34: P06 | AI34: P06 | AL34: =COUNTIF(E34:AI34, "UA") -> 0 | AM34: =AK34-AL34 -> 0 | AP34: =COUNTIF(E34:AI34, "U") -> 0 | AQ34: =AO34-AP34 -> 0 | AS34: =COUNTIF(E34:AI34,"P*")+COUNTIF(E34:AI34,"H*")+COUNTIF(E34:AI34,"T*")-COUNTIF(E34:AI34,"H")-COUNTIF(E34:AI34,"P") -> 21
C35: Catia Neves | D35: NEVES, CATIA | E35: F | F35: P14 | G35: P14 | H35: B | I35: P14 | J35: F | K35: F | L35: P06 | M35: P06 | N35: P06 | O35: P06 | P35: F | Q35: F | R35: P14 | S35: P14 | T35: P14 | U35: P14 | V35: F | W35: F | X35: P06 | Y35: P06 | Z35: P06 | AA35: P06 | AB35: F | AC35: F | AD35: P14 | AE35: P14 | AF35: P14 | AG35: P14 | AH35: F | AI35: F | AL35: =COUNTIF(E35:AI35, "UA") -> 0 | AM35: =AK35-AL35 -> 0 | AP35: =COUNTIF(E35:AI35, "U") -> 0 | AQ35: =AO35-AP35 -> 0 | AS35: =COUNTIF(E35:AI35,"P*")+COUNTIF(E35:AI35,"H*")+COUNTIF(E35:AI35,"T*")-COUNTIF(E35:AI35,"H")-COUNTIF(E35:AI35,"P") -> 19
B36: LHX & Catering | C36: Ana Telma Carvalho | D36: CARVALHO, ANA | E36: F | F36: H05 | G36: H05 | H36: H05 | I36: H05 | J36: B | K36: F | L36: B | M36: P13 | N36: P13 | O36: P13 | P36: F | Q36: F | R36: H05 | S36: H05 | T36: H05 | U36: H05 | V36: F | W36: F | X36: P13 | Y36: P13 | Z36: P13 | AA36: P13 | AB36: F | AC36: F | AD36: H05 | AE36: H05 | AF36: H05 | AG36: H05 | AH36: F | AI36: F | AL36: =COUNTIF(E36:AI36, "UA") -> 0 | AM36: =AK36-AL36 -> 0 | AP36: =COUNTIF(E36:AI36, "U") -> 0 | AQ36: =AO36-AP36 -> 0 | AS36: =COUNTIF(E36:AI36,"P*")+COUNTIF(E36:AI36,"H*")+COUNTIF(E36:AI36,"T*")-COUNTIF(E36:AI36,"H")-COUNTIF(E36:AI36,"P") -> 19
C37: Catia Craveiro | D37: CRAVEIRO, CATIA | E37: H05 | F37: F | G37: F | H37: P13 | I37: P13 | J37: P13 | K37: P13 | L37: F | M37: F | N37: H05 | O37: H05 | P37: H05 | Q37: H05 | R37: F | S37: F | T37: P13 | U37: P13 | V37: P13 | W37: P13 | X37: F | Y37: F | Z37: H05 | AA37: H05 | AB37: H05 | AC37: H05 | AD37: F | AE37: F | AF37: P13 | AG37: P13 | AH37: P13 | AI37: P13 | AL37: =COUNTIF(E37:AI37, "UA") -> 0 | AM37: =AK37-AL37 -> 0 | AP37: =COUNTIF(E37:AI37, "U") -> 0 | AQ37: =AO37-AP37 -> 0 | AS37: =COUNTIF(E37:AI37,"P*")+COUNTIF(E37:AI37,"H*")+COUNTIF(E37:AI37,"T*")-COUNTIF(E37:AI37,"H")-COUNTIF(E37:AI37,"P") -> 21
C38: Maria Vitoria Almeida | D38: ALMEIDA, MARIA VITORIA | E38: P13 | F38: P13 | G38: P13 | H38: F | I38: F | J38: H05 | K38: H05 | L38: H05 | M38: H05 | N38: F | O38: F | P38: P13 | Q38: P13 | R38: P13 | S38: P13 | T38: F | U38: F | V38: H05 | W38: H05 | X38: H05 | Y38: H05 | Z38: F | AA38: F | AB38: P13 | AC38: P13 | AD38: P13 | AE38: P13 | AF38: F | AG38: F | AH38: H05 | AI38: H05 | AL38: =COUNTIF(E38:AI38, "UA") -> 0 | AM38: =AK38-AL38 -> 0 | AP38: =COUNTIF(E38:AI38, "U") -> 0 | AQ38: =AO38-AP38 -> 0 | AS38: =COUNTIF(E38:AI38,"P*")+COUNTIF(E38:AI38,"H*")+COUNTIF(E38:AI38,"T*")-COUNTIF(E38:AI38,"H")-COUNTIF(E38:AI38,"P") -> 21
C39: Jessica Santos | D39: SANTOS, JESSICA | E39: P13 | F39: P13 | G39: P13 | H39: F | I39: F | J39: H05 | K39: H05 | L39: H05 | M39: H05 | N39: F | O39: F | P39: P13 | Q39: P13 | R39: P13 | S39: P13 | T39: F | U39: F | V39: H05 | W39: H05 | X39: H05 | Y39: H05 | Z39: F | AA39: F | AB39: P13 | AC39: P13 | AD39: P13 | AE39: P13 | AF39: F | AG39: F | AH39: H05 | AI39: H05 | AL39: =COUNTIF(E39:AI39, "UA") -> 0 | AM39: =AK39-AL39 -> 0 | AP39: =COUNTIF(E39:AI39, "U") -> 0 | AQ39: =AO39-AP39 -> 0 | AS39: =COUNTIF(E39:AI39,"P*")+COUNTIF(E39:AI39,"H*")+COUNTIF(E39:AI39,"T*")-COUNTIF(E39:AI39,"H")-COUNTIF(E39:AI39,"P") -> 21
B40: INAD HUB/CG/DEPO | C40: Cristiana Ferreira | D40: FERREIRA, CRISTIANA MARGARIDA | E40: M | F40: M | G40: M | H40: M | I40: M | J40: M | K40: M | L40: M | M40: M | N40: M | O40: M | P40: M | Q40: M | R40: M | S40: M | T40: M | U40: M | V40: M | W40: M | X40: M | Y40: M | Z40: M | AA40: M | AB40: M | AC40: M | AD40: M | AE40: M | AF40: M | AG40: M | AH40: M | AI40: M | AL40: =COUNTIF(E40:AI40, "UA") -> 0 | AM40: =AK40-AL40 -> 0 | AP40: =COUNTIF(E40:AI40, "U") -> 0 | AQ40: =AO40-AP40 -> 0 | AS40: =COUNTIF(E40:AI40,"P*")+COUNTIF(E40:AI40,"H*")+COUNTIF(E40:AI40,"T*")-COUNTIF(E40:AI40,"H")-COUNTIF(E40:AI40,"P") -> 0
C41: Mauro Silva | D41: SILVA, MAURO | E41: P08/ | F41: F | G41: F | H41: P08/ | I41: P08/ | J41: P08/ | K41: P08/ | L41: P08/ | M41: F | N41: F | O41: P08/ | P41: P08/ | Q41: P08/ | R41: P08/ | S41: P08/ | T41: F | U41: F | V41: P08/ | W41: P08/ | X41: P08/ | Y41: P08/ | Z41: P08/ | AA41: F | AB41: F | AC41: P08/ | AD41: P08/ | AE41: P08/ | AF41: P08/ | AG41: P08/ | AH41: F | AI41: F | AL41: =COUNTIF(E41:AI41, "UA") -> 0 | AM41: =AK41-AL41 -> 0 | AP41: =COUNTIF(E41:AI41, "U") -> 0 | AQ41: =AO41-AP41 -> 0 | AS41: =COUNTIF(E41:AI41,"P*")+COUNTIF(E41:AI41,"H*")+COUNTIF(E41:AI41,"T*")-COUNTIF(E41:AI41,"H")-COUNTIF(E41:AI41,"P") -> 21
C42: Tiago Abreu | D42: ABREU, TIAGO | E42: P08 | F42: F | G42: F | H42: P08 | I42: P08 | J42: P08 | K42: P08 | L42: P08 | M42: F | N42: F | O42: P08 | P42: P08 | Q42: P08 | R42: P08 | S42: P08 | T42: F | U42: F | V42: P08 | W42: P08 | X42: P08 | Y42: P08 | Z42: P08 | AA42: F | AB42: F | AC42: P08 | AD42: P08 | AE42: P08 | AF42: P08 | AG42: P08 | AH42: F | AI42: F | AL42: =COUNTIF(E42:AI42, "UA") -> 0 | AM42: =AK42-AL42 -> 0 | AP42: =COUNTIF(E42:AI42, "U") -> 0 | AQ42: =AO42-AP42 -> 0 | AS42: =COUNTIF(E42:AI42,"P*")+COUNTIF(E42:AI42,"H*")+COUNTIF(E42:AI42,"T*")-COUNTIF(E42:AI42,"H")-COUNTIF(E42:AI42,"P") -> 21
C43: Maria Burca | D43: BURCA, MARIA | E43: P06 | F43: F | G43: F | H43: P14 | I43: P14 | J43: P14 | K43: P14 | L43: F | M43: F | N43: P06 | O43: P06 | P43: P06 | Q43: P06 | R43: F | S43: F | T43: P14 | U43: P14 | V43: P14 | W43: P14 | X43: F | Y43: F | Z43: P06 | AA43: P06 | AB43: P06 | AC43: P06 | AD43: F | AE43: F | AF43: P14 | AG43: P14 | AH43: P14 | AI43: P14 | AL43: =COUNTIF(E43:AI43, "UA") -> 0 | AM43: =AK43-AL43 -> 0 | AP43: =COUNTIF(E43:AI43, "U") -> 0 | AQ43: =AO43-AP43 -> 0 | AS43: =COUNTIF(E43:AI43,"P*")+COUNTIF(E43:AI43,"H*")+COUNTIF(E43:AI43,"T*")-COUNTIF(E43:AI43,"H")-COUNTIF(E43:AI43,"P") -> 21
C44: Tassiana Bastos | D44: BASTOS, TASSIANA | E44: P06 | F44: F | G44: F | H44: P14 | I44: P14 | J44: P14 | K44: P14 | L44: F | M44: F | N44: P06 | O44: P06 | P44: P06 | Q44: P06 | R44: F | S44: F | T44: P14 | U44: P14 | V44: P14 | W44: P14 | X44: F | Y44: F | Z44: P06 | AA44: P06 | AB44: P06 | AC44: P06 | AD44: F | AE44: F | AF44: P14 | AG44: P14 | AH44: P14 | AI44: P14 | AL44: =COUNTIF(E44:AI44, "UA") -> 0 | AM44: =AK44-AL44 -> 0 | AP44: =COUNTIF(E44:AI44, "U") -> 0 | AQ44: =AO44-AP44 -> 0 | AS44: =COUNTIF(E44:AI44,"P*")+COUNTIF(E44:AI44,"H*")+COUNTIF(E44:AI44,"T*")-COUNTIF(E44:AI44,"H")-COUNTIF(E44:AI44,"P") -> 21
C45: Barbara Martins | D45: MARTINS, BARBARA | E45: F | F45: P06 | G45: P06 | H45: P06 | I45: P06 | J45: F | K45: F | L45: P14 | M45: P14 | N45: P14 | O45: P14 | P45: F | Q45: F | R45: P06 | S45: P06 | T45: P06 | U45: P06 | V45: F | W45: F | X45: P14 | Y45: P14 | Z45: P14 | AA45: P14 | AB45: F | AC45: F | AD45: P06 | AE45: P06 | AF45: P06 | AG45: P06 | AH45: F | AI45: F | AL45: =COUNTIF(E45:AI45, "UA") -> 0 | AM45: =AK45-AL45 -> 0 | AP45: =COUNTIF(E45:AI45, "U") -> 0 | AQ45: =AO45-AP45 -> 0 | AS45: =COUNTIF(E45:AI45,"P*")+COUNTIF(E45:AI45,"H*")+COUNTIF(E45:AI45,"T*")-COUNTIF(E45:AI45,"H")-COUNTIF(E45:AI45,"P") -> 20
C46: Marcos Costa | D46: COSTA, MARCOS FELIPE | E46: F | F46: P06 | G46: P06 | H46: P06 | I46: P06 | J46: F | K46: F | L46: P14 | M46: P14 | N46: P14 | O46: P14 | P46: F | Q46: F | R46: P06 | S46: P06 | T46: P06 | U46: P06 | V46: F | W46: F | X46: P14 | Y46: P14 | Z46: P14 | AA46: P14 | AB46: F | AC46: F | AD46: P06 | AE46: P06 | AF46: P06 | AG46: P06 | AH46: F | AI46: F | AL46: =COUNTIF(E46:AI46, "UA") -> 0 | AM46: =AK46-AL46 -> 0 | AP46: =COUNTIF(E46:AI46, "U") -> 0 | AQ46: =AO46-AP46 -> 0 | AS46: =COUNTIF(E46:AI46,"P*")+COUNTIF(E46:AI46,"H*")+COUNTIF(E46:AI46,"T*")-COUNTIF(E46:AI46,"H")-COUNTIF(E46:AI46,"P") -> 20
C47: Tatiana Monteiro | D47: MONTEIRO, TATIANA | E47: P14 | F47: P14 | G47: P14 | H47: F | I47: F | J47: P06 | K47: P06 | L47: P06 | M47: P06 | N47: F | O47: F | P47: P14 | Q47: P14 | R47: P14 | S47: P14 | T47: F | U47: F | V47: P06 | W47: P06 | X47: P06 | Y47: P06 | Z47: F | AA47: F | AB47: P14 | AC47: P14 | AD47: P14 | AE47: P14 | AF47: F | AG47: F | AH47: P06 | AI47: P06 | AL47: =COUNTIF(E47:AI47, "UA") -> 0 | AM47: =AK47-AL47 -> 0 | AP47: =COUNTIF(E47:AI47, "U") -> 0 | AQ47: =AO47-AP47 -> 0 | AS47: =COUNTIF(E47:AI47,"P*")+COUNTIF(E47:AI47,"H*")+COUNTIF(E47:AI47,"T*")-COUNTIF(E47:AI47,"H")-COUNTIF(E47:AI47,"P") -> 21
B49: Servico | C49: TOTAL TURNO X | E49: =COUNTIF(C5:C47,$C$49) -> 0
C50: TOTAL TURNO X | E50: =COUNTIF(C5:C47,$C$50) -> 0
C51: TOTAL Dia | E51: =E49+E50 -> 0
E54: F | F54: Folga | K54: FJ | L54: Falta Justificada | Q54: Legenda | V54: Horário | Y54: Pausa
E55: A | F55: Folga de compensacao | K55: FINJ | L55: Falta Injustificada | Q55: H | R55: Home Office | U55: P22 | V55: 22h00-06h00 | Y55: 02h00 - 02h30
E56: H | F56: Feriado | K56: M | L56: Licenca | Q56: P | R56: Presencial | U56: P23 | V56: 23h00-07h00 | Y56: 03h00 - 03h30
E57: U | F57: Ferias | K57: P | L57: Licenca | Q57: - | R57: 45min | U57: H03/ | V57: 03h30-11h30 | Y57: 07h30 - 08h00
E58: UA | F58: Ferias do ano anterior | K58: S1 | L58: Licenca | Q58: / | R58: 30min | U58: H05 | V58: 05h00-13h00 | Y58: 09h00 - 09h30
E59: H | F59: Feriado nao aprovado | K59: K | L59: Ausente | Q59: * | R59: 15min | U59: H05/ | V59: 05h30-13h30 | Y59: 09h30 - 10h00
E60: U | F60: Dia de ferias nao aprovado | K60: K1 | L60: Ausente | U60: P05- | V60: 05h45-13h45 | Y60: 09h45 - 10h15
E61: B | F61: Birthday | K61: K2 | L61: Ausente | U61: P06 | V61: 06h00 - 14h00 | Y61: 10h00 - 10h30
E62: B* | F62: Birthday - dia alternativo | K62: K6 | L62: Ausente | U62: P06/ | V62: 06h30 - 14h30 | Y62: 10h30 - 11h00
E63: TR | F63: Training | K63: E | L63: Ausente | U63: P06- | V63: 06h45 - 14h45 | Y63: 10h45 - 11h15
E64: S3 | F64: Ausencia Especial | K64: EM | L64: Ausente | U64: P07 | V64: 07h00-15h00 | Y64: 11h00 - 11h30
E65: TB | F65: Team Building | K65: J | L65: Ausente | U65: P07* | V65: 07h15-15h15 | Y65: 11h15 - 11h45
E66: R | F66: Viagem em Servico | K66: NO | L66: Ausente | U66: P07/ | V66: 07h30 - 15h30 | Y66: 11h30 - 12h00
E67: D | F67: Viagem em Servico Alemanha | K67: CM1 | L67: Ausente | U67: P07- | V67: 07h45 - 15h45 | Y67: 11h45 - 12h15
E68: SE | F68: Servico Especial | K68: V | L68: Solidariedade | U68: P08 | V68: 08h00-16h00 | Y68: 12h00 - 12h30
U69: P08* | V69: 08h15-16h15 | Y69: 12h15 - 12h45
U70: P08/ | V70: 08h30-16h30 | Y70: 12h30 - 13h30
U71: P08- | V71: 08h45-16h45 | Y71: 12h45 - 13h15
U72: P09 | V72: 09h00-17h00 | Y72: 13h00 - 13h30
U73: P09* | V73: 09h15-17h15 | Y73: 13h15 - 13h45
U74: P10 | V74: 10h00-18h00 | Y74: 14h00 - 14h30
U75: P11 | V75: 11h00-19h00 | Y75: 15h00 - 15h30
U76: P12 | V76: 12h00-20h00 | Y76: 16h00 - 16h30
U77: P13 | V77: 13h00-21h00 | Y77: 17h00 - 17h30
U78: P14 | V78: 14h00-22h00 | Y78: 18h00 - 18h30
U79: P15 | V79: 15h00-23h00 | Y79: 19h00 - 19h30
U80: P16 | V80: 16h00-00h00 | Y80: 20h00 - 20h30
U81: H17 | V81: 17h00-01h00 | Y81: 21h00 - 21h30

Sheet JUN
B2: Not Finalized | C2: HUB Services | E2: LGSP - Lufthansa Ground Services Portugal NIF : 509 842 593 Atividade: CAE 52230.R3 Sede e local de trabalho: Avenida da Boavista ED.Burgo, 1837 sala 13.1 Horario de Funcionamento: 24/7 IRT: Não Aplicável | AJ2: Ferias 2025 | AN2: Ferias 2026 | AR2: Dias Trabalhados
C3: Junho | E3: Seg | F3: Ter | G3: Qua | H3: Qui | I3: Sex | J3: Sab | K3: Dom | L3: Seg | M3: Ter | N3: Qua | O3: Qui | P3: Sex | Q3: Sab | R3: Dom | S3: Seg | T3: Ter | U3: Qua | V3: Qui | W3: Sex | X3: Sab | Y3: Dom | Z3: Seg | AA3: Ter | AB3: Qua | AC3: Qui | AD3: Sex | AE3: Sab | AF3: Dom | AG3: Seg | AH3: Ter
E4: 1 | F4: 2 | G4: 3 | H4: 4 | I4: 5 | J4: 6 | K4: 7 | L4: 8 | M4: 9 | N4: 10 | O4: 11 | P4: 12 | Q4: 13 | R4: 14 | S4: 15 | T4: 16 | U4: 17 | V4: 18 | W4: 19 | X4: 20 | Y4: 21 | Z4: 22 | AA4: 23 | AB4: 24 | AC4: 25 | AD4: 26 | AE4: 27 | AF4: 28 | AG4: 29 | AH4: 30 | AJ4: 2025 | AK4: Used | AL4: Left | AN4: 2026 | AO4: Used | AP4: Left
B5: Hub Services Supervision | C5: Catarina Ferreira | D5: FERREIRA, CATARINA | E5: F | F5: F | G5: P06 | H5: P06 | I5: P06 | J5: P06 | K5: F | L5: F | M5: P14 | N5: P14 | O5: P14 | P5: P14 | Q5: F | R5: F | S5: P06 | T5: P06 | U5: P06 | V5: P06 | W5: F | X5: F | Y5: P14 | Z5: P14 | AA5: P14 | AB5: P14 | AC5: F | AD5: F | AE5: P06 | AF5: P06 | AG5: P06 | AH5: P06 | AK5: =COUNTIF(E5:AH5, "UA") -> 0 | AL5: =AJ5-AK5 -> 0 | AO5: =COUNTIF(E5:AH5, "U") -> 0 | AP5: =AN5-AO5 -> 0 | AR5: =COUNTIF(E5:AH5,"P*")+COUNTIF(E5:AH5,"H*")+COUNTIF(E5:AH5,"T*")-COUNTIF(E5:AH5,"H")-COUNTIF(E5:AH5,"P") -> 20
C6: Miguel Pinto | D6: PINTO, MIGUEL | E6: P06 | F6: P06 | G6: F | H6: F | I6: P14 | J6: P14 | K6: P14 | L6: P14 | M6: F | N6: F | O6: P06 | P6: P06 | Q6: P06 | R6: P06 | S6: F | T6: F | U6: P14 | V6: P14 | W6: P14 | X6: P14 | Y6: F | Z6: F | AA6: P06 | AB6: P06 | AC6: P06 | AD6: P06 | AE6: F | AF6: F | AG6: P14 | AH6: P14 | AK6: =COUNTIF(E6:AH6, "UA") -> 0 | AL6: =AJ6-AK6 -> 0 | AO6: =COUNTIF(E6:AH6, "U") -> 0 | AP6: =AN6-AO6 -> 0 | AR6: =COUNTIF(E6:AH6,"P*")+COUNTIF(E6:AH6,"H*")+COUNTIF(E6:AH6,"T*")-COUNTIF(E6:AH6,"H")-COUNTIF(E6:AH6,"P") -> 20
C7: João Santos Silva | D7: SANTOS SILVA, JOAO | E7: F | F7: P06 | G7: P06 | H7: P06 | I7: P06 | J7: F | K7: F | L7: P14 | M7: P14 | N7: B | O7: P14 | P7: F | Q7: F | R7: P06 | S7: P06 | T7: P06 | U7: P06 | V7: F | W7: F | X7: P14 | Y7: P14 | Z7: P14 | AA7: P14 | AB7: F | AC7: F | AD7: P06 | AE7: P06 | AF7: P06 | AG7: P06 | AH7: F | AK7: =COUNTIF(E7:AH7, "UA") -> 0 | AL7: =AJ7-AK7 -> 0 | AO7: =COUNTIF(E7:AH7, "U") -> 0 | AP7: =AN7-AO7 -> 0 | AR7: =COUNTIF(E7:AH7,"P*")+COUNTIF(E7:AH7,"H*")+COUNTIF(E7:AH7,"T*")-COUNTIF(E7:AH7,"H")-COUNTIF(E7:AH7,"P") -> 19
C8: Ana Magalhães | D8: MAGALHAES, ANA CATARINA | E8: P14 | F8: F | G8: F | H8: P06 | I8: P06 | J8: P06 | K8: P06 | L8: F | M8: F | N8: P14 | O8: P14 | P8: P14 | Q8: P14 | R8: F | S8: F | T8: P06 | U8: P06 | V8: P06 | W8: P06 | X8: F | Y8: F | Z8: P14 | AA8: P14 | AB8: P14 | AC8: P14 | AD8: F | AE8: F | AF8: P06 | AG8: P06 | AH8: P06 | AK8: =COUNTIF(E8:AH8, "UA") -> 0 | AL8: =AJ8-AK8 -> 0 | AO8: =COUNTIF(E8:AH8, "U") -> 0 | AP8: =AN8-AO8 -> 0 | AR8: =COUNTIF(E8:AH8,"P*")+COUNTIF(E8:AH8,"H*")+COUNTIF(E8:AH8,"T*")-COUNTIF(E8:AH8,"H")-COUNTIF(E8:AH8,"P") -> 20
C9: Jorge Gonçalves | D9: GONCALVES, JORGE | E9: P06 | F9: P06 | G9: P06 | H9: F | I9: F | J9: P14 | K9: P14 | L9: P14 | M9: P14 | N9: F | O9: F | P9: P06 | Q9: P06 | R9: P06 | S9: P06 | T9: F | U9: F | V9: P14 | W9: P14 | X9: P14 | Y9: P14 | Z9: F | AA9: F | AB9: P06 | AC9: P06 | AD9: P06 | AE9: P06 | AF9: F | AG9: F | AH9: P14 | AK9: =COUNTIF(E9:AH9, "UA") -> 0 | AL9: =AJ9-AK9 -> 0 | AO9: =COUNTIF(E9:AH9, "U") -> 0 | AP9: =AN9-AO9 -> 0 | AR9: =COUNTIF(E9:AH9,"P*")+COUNTIF(E9:AH9,"H*")+COUNTIF(E9:AH9,"T*")-COUNTIF(E9:AH9,"H")-COUNTIF(E9:AH9,"P") -> 20
C10: Sara Medeiros | D10: MEDEIROS, SARA | E10: P06 | F10: F | G10: F | H10: P14 | I10: P14 | J10: P14 | K10: P14 | L10: F | M10: F | N10: P06 | O10: P06 | P10: P06 | Q10: P06 | R10: F | S10: F | T10: P14 | U10: P14 | V10: P14 | W10: P14 | X10: F | Y10: F | Z10: P06 | AA10: P06 | AB10: P06 | AC10: P06 | AD10: F | AE10: F | AF10: P14 | AG10: P14 | AH10: P14 | AK10: =COUNTIF(E10:AH10, "UA") -> 0 | AL10: =AJ10-AK10 -> 0 | AO10: =COUNTIF(E10:AH10, "U") -> 0 | AP10: =AN10-AO10 -> 0 | AR10: =COUNTIF(E10:AH10,"P*")+COUNTIF(E10:AH10,"H*")+COUNTIF(E10:AH10,"T*")-COUNTIF(E10:AH10,"H")-COUNTIF(E10:AH10,"P") -> 20
C11: Catarina Pereira | D11: PEREIRA, CATARINA | E11: P14 | F11: P14 | G11: P14 | H11: F | I11: F | J11: P06 | K11: P06 | L11: P06 | M11: P06 | N11: F | O11: F | P11: P14 | Q11: P14 | R11: P14 | S11: P14 | T11: F | U11: F | V11: P06 | W11: P06 | X11: P06 | Y11: P06 | Z11: F | AA11: F | AB11: P14 | AC11: P14 | AD11: P14 | AE11: P14 | AF11: F | AG11: F | AH11: P06 | AK11: =COUNTIF(E11:AH11, "UA") -> 0 | AL11: =AJ11-AK11 -> 0 | AO11: =COUNTIF(E11:AH11, "U") -> 0 | AP11: =AN11-AO11 -> 0 | AR11: =COUNTIF(E11:AH11,"P*")+COUNTIF(E11:AH11,"H*")+COUNTIF(E11:AH11,"T*")-COUNTIF(E11:AH11,"H")-COUNTIF(E11:AH11,"P") -> 20
C12: Catia Martins | D12: MARTINS, CATIA | E12: F | F12: P14 | G12: P14 | H12: P14 | I12: P14 | J12: F | K12: F | L12: P06 | M12: P06 | N12: P06 | O12: P06 | P12: F | Q12: F | R12: P14 | S12: P14 | T12: P14 | U12: P14 | V12: F | W12: F | X12: P06 | Y12: P06 | Z12: P06 | AA12: P06 | AB12: F | AC12: F | AD12: P14 | AE12: P14 | AF12: P14 | AG12: P14 | AH12: F | AK12: =COUNTIF(E12:AH12, "UA") -> 0 | AL12: =AJ12-AK12 -> 0 | AO12: =COUNTIF(E12:AH12, "U") -> 0 | AP12: =AN12-AO12 -> 0 | AR12: =COUNTIF(E12:AH12,"P*")+COUNTIF(E12:AH12,"H*")+COUNTIF(E12:AH12,"T*")-COUNTIF(E12:AH12,"H")-COUNTIF(E12:AH12,"P") -> 20
B13: Remote Passenger Recovery Team | C13: Ricardo Bessa | D13: BESSA, RICARDO | E13: P14 | F13: P14 | G13: P14 | H13: F | I13: F | J13: P06 | K13: P06 | L13: P06 | M13: P06 | N13: F | O13: F | P13: P14 | Q13: P14 | R13: P14 | S13: P14 | T13: F | U13: F | V13: P06 | W13: P06 | X13: P06 | Y13: P06 | Z13: F | AA13: F | AB13: P14 | AC13: P14 | AD13: P14 | AE13: P14 | AF13: F | AG13: F | AH13: P06 | AK13: =COUNTIF(E13:AH13, "UA") -> 0 | AL13: =AJ13-AK13 -> 0 | AO13: =COUNTIF(E13:AH13, "U") -> 0 | AP13: =AN13-AO13 -> 0 | AR13: =COUNTIF(E13:AH13,"P*")+COUNTIF(E13:AH13,"H*")+COUNTIF(E13:AH13,"T*")-COUNTIF(E13:AH13,"H")-COUNTIF(E13:AH13,"P") -> 20
C14: Samuel Neves | D14: NEVES, SAMUEL | E14: P22 | F14: F | G14: F | H14: P14 | I14: P14 | J14: P14 | K14: P14 | L14: F | M14: F | N14: P06 | O14: P06 | P14: P06 | Q14: P06 | R14: F | S14: F | T14: P06 | U14: P06 | V14: P06 | W14: P06 | X14: F | Y14: F | Z14: P06 | AA14: P06 | AB14: P06 | AC14: P06 | AD14: F | AE14: F | AF14: P14 | AG14: P14 | AH14: P14 | AK14: =COUNTIF(E14:AH14, "UA") -> 0 | AL14: =AJ14-AK14 -> 0 | AO14: =COUNTIF(E14:AH14, "U") -> 0 | AP14: =AN14-AO14 -> 0 | AR14: =COUNTIF(E14:AH14,"P*")+COUNTIF(E14:AH14,"H*")+COUNTIF(E14:AH14,"T*")-COUNTIF(E14:AH14,"H")-COUNTIF(E14:AH14,"P") -> 20
C15: Ricardo Medeiros | D15: MEDEIROS, RICARDO | E15: F | F15: P22 | G15: P22 | H15: P22 | I15: P22 | J15: F | K15: F | L15: P14 | M15: P14 | N15: P14 | O15: P14 | P15: F | Q15: F | R15: P06 | S15: P06 | T15: P06 | U15: P06 | V15: F | W15: F | X15: P06 | Y15: P06 | Z15: P06 | AA15: P06 | AB15: F | AC15: F | AD15: P06 | AE15: P06 | AF15: P06 | AG15: P06 | AH15: F | AK15: =COUNTIF(E15:AH15, "UA") -> 0 | AL15: =AJ15-AK15 -> 0 | AO15: =COUNTIF(E15:AH15, "U") -> 0 | AP15: =AN15-AO15 -> 0 | AR15: =COUNTIF(E15:AH15,"P*")+COUNTIF(E15:AH15,"H*")+COUNTIF(E15:AH15,"T*")-COUNTIF(E15:AH15,"H")-COUNTIF(E15:AH15,"P") -> 20
C16: Joana Pinheiro | D16: PINHEIRO, JOANA | E16: P14 | F16: P14 | G16: P14 | H16: F | I16: F | J16: P22 | K16: P22 | L16: P22 | M16: P22 | N16: F | O16: F | P16: P14 | Q16: P14 | R16: P14 | S16: P14 | T16: F | U16: F | V16: P06 | W16: P06 | X16: P06 | Y16: P06 | Z16: F | AA16: F | AB16: P14 | AC16: P14 | AD16: P14 | AE16: P14 | AF16: F | AG16: F | AH16: P06 | AK16: =COUNTIF(E16:AH16, "UA") -> 0 | AL16: =AJ16-AK16 -> 0 | AO16: =COUNTIF(E16:AH16, "U") -> 0 | AP16: =AN16-AO16 -> 0 | AR16: =COUNTIF(E16:AH16,"P*")+COUNTIF(E16:AH16,"H*")+COUNTIF(E16:AH16,"T*")-COUNTIF(E16:AH16,"H")-COUNTIF(E16:AH16,"P") -> 20
C17: Bruna Lima | D17: LIMA, BRUNA | E17: P06 | F17: F | G17: F | H17: P06 | I17: P06 | J17: P06 | K17: P06 | L17: F | M17: F | N17: P22 | O17: P22 | P17: P22 | Q17: P22 | R17: F | S17: F | T17: P14 | U17: P14 | V17: P14 | W17: P14 | X17: F | Y17: F | Z17: P06 | AA17: P06 | AB17: P06 | AC17: P06 | AD17: F | AE17: F | AF17: P14 | AG17: P14 | AH17: P14 | AK17: =COUNTIF(E17:AH17, "UA") -> 0 | AL17: =AJ17-AK17 -> 0 | AO17: =COUNTIF(E17:AH17, "U") -> 0 | AP17: =AN17-AO17 -> 0 | AR17: =COUNTIF(E17:AH17,"P*")+COUNTIF(E17:AH17,"H*")+COUNTIF(E17:AH17,"T*")-COUNTIF(E17:AH17,"H")-COUNTIF(E17:AH17,"P") -> 20
C18: Ivo Latourrette | D18: LATOURRETTE, IVO | E18: F | F18: P06 | G18: P06 | H18: P06 | I18: P06 | J18: F | K18: F | L18: P06 | M18: P06 | N18: P06 | O18: P06 | P18: F | Q18: F | R18: P22 | S18: P22 | T18: P22 | U18: P22 | V18: F | W18: F | X18: P14 | Y18: P14 | Z18: P14 | AA18: P14 | AB18: F | AC18: F | AD18: P06 | AE18: P06 | AF18: P06 | AG18: P06 | AH18: F | AK18: =COUNTIF(E18:AH18, "UA") -> 0 | AL18: =AJ18-AK18 -> 0 | AO18: =COUNTIF(E18:AH18, "U") -> 0 | AP18: =AN18-AO18 -> 0 | AR18: =COUNTIF(E18:AH18,"P*")+COUNTIF(E18:AH18,"H*")+COUNTIF(E18:AH18,"T*")-COUNTIF(E18:AH18,"H")-COUNTIF(E18:AH18,"P") -> 20
C19: Inês Coelho | D19: COELHO, INES | E19: P14 | F19: P14 | G19: P14 | H19: F | I19: F | J19: P06 | K19: P06 | L19: P06 | M19: P06 | N19: F | O19: F | P19: P06 | Q19: P06 | R19: P06 | S19: P06 | T19: F | U19: F | V19: P22 | W19: P22 | X19: P22 | Y19: P22 | Z19: F | AA19: F | AB19: P14 | AC19: P14 | AD19: P14 | AE19: P14 | AF19: F | AG19: F | AH19: P06 | AK19: =COUNTIF(E19:AH19, "UA") -> 0 | AL19: =AJ19-AK19 -> 0 | AO19: =COUNTIF(E19:AH19, "U") -> 0 | AP19: =AN19-AO19 -> 0 | AR19: =COUNTIF(E19:AH19,"P*")+COUNTIF(E19:AH19,"H*")+COUNTIF(E19:AH19,"T*")-COUNTIF(E19:AH19,"H")-COUNTIF(E19:AH19,"P") -> 20
C20: Jose Alves | D20: ALVES, JOSE | E20: P06 | F20: F | G20: F | H20: P14 | I20: P14 | J20: P14 | K20: P14 | L20: F | M20: F | N20: P06 | O20: P06 | P20: P06 | Q20: P06 | R20: F | S20: F | T20: P06 | U20: P06 | V20: P06 | W20: P06 | X20: F | Y20: F | Z20: P22 | AA20: P22 | AB20: P22 | AC20: P22 | AD20: F | AE20: F | AF20: P14 | AG20: P14 | AH20: P14 | AK20: =COUNTIF(E20:AH20, "UA") -> 0 | AL20: =AJ20-AK20 -> 0 | AO20: =COUNTIF(E20:AH20, "U") -> 0 | AP20: =AN20-AO20 -> 0 | AR20: =COUNTIF(E20:AH20,"P*")+COUNTIF(E20:AH20,"H*")+COUNTIF(E20:AH20,"T*")-COUNTIF(E20:AH20,"H")-COUNTIF(E20:AH20,"P") -> 20
C21: Alefe Sobral | D21: SOBRAL, ALEFE | E21: F | F21: P06 | G21: P06 | H21: P06 | I21: P06 | J21: F | K21: F | L21: P14 | M21: P14 | N21: P14 | O21: P14 | P21: F | Q21: F | R21: P14 | S21: P14 | T21: P14 | U21: P14 | V21: F | W21: F | X21: P06 | Y21: P06 | Z21: P06 | AA21: P06 | AB21: F | AC21: F | AD21: P22 | AE21: P22 | AF21: P22 | AG21: P22 | AH21: F | AK21: =COUNTIF(E21:AH21, "UA") -> 0 | AL21: =AJ21-AK21 -> 0 | AO21: =COUNTIF(E21:AH21, "U") -> 0 | AP21: =AN21-AO21 -> 0 | AR21: =COUNTIF(E21:AH21,"P*")+COUNTIF(E21:AH21,"H*")+COUNTIF(E21:AH21,"T*")-COUNTIF(E21:AH21,"H")-COUNTIF(E21:AH21,"P") -> 20
C22: Gonçalo Pereira | D22: PEREIRA, GONCALO | E22: P14 | F22: P14 | G22: P14 | H22: F | I22: F | J22: P06 | K22: P06 | L22: P06 | M22: P06 | N22: F | O22: F | P22: P14 | Q22: P14 | R22: P14 | S22: P14 | T22: F | U22: F | V22: P06 | W22: P06 | X22: P06 | Y22: P06 | Z22: F | AA22: F | AB22: P06 | AC22: P06 | AD22: P06 | AE22: P06 | AF22: F | AG22: F | AH22: P22 | AK22: =COUNTIF(E22:AH22, "UA") -> 0 | AL22: =AJ22-AK22 -> 0 | AO22: =COUNTIF(E22:AH22, "U") -> 0 | AP22: =AN22-AO22 -> 0 | AR22: =COUNTIF(E22:AH22,"P*")+COUNTIF(E22:AH22,"H*")+COUNTIF(E22:AH22,"T*")-COUNTIF(E22:AH22,"H")-COUNTIF(E22:AH22,"P") -> 20
C23: Carlos Carvalhais | D23: CARVALHAIS, CARLOS | E23: P06 | F23: F | G23: F | H23: P14 | I23: P14 | J23: P14 | K23: P14 | L23: F | M23: F | N23: P06 | O23: P06 | P23: P06 | Q23: P06 | R23: F | S23: F | T23: P14 | U23: P14 | V23: P14 | W23: P14 | X23: F | Y23: F | Z23: P06 | AA23: P06 | AB23: P06 | AC23: P06 | AD23: F | AE23: F | AF23: P06 | AG23: P06 | AH23: P06 | AK23: =COUNTIF(E23:AH23, "UA") -> 0 | AL23: =AJ23-AK23 -> 0 | AO23: =COUNTIF(E23:AH23, "U") -> 0 | AP23: =AN23-AO23 -> 0 | AR23: =COUNTIF(E23:AH23,"P*")+COUNTIF(E23:AH23,"H*")+COUNTIF(E23:AH23,"T*")-COUNTIF(E23:AH23,"H")-COUNTIF(E23:AH23,"P") -> 20
C24: Ines Pilre | D24: PILRE, INES | E24: F | F24: P06 | G24: P06 | H24: P06 | I24: P06 | J24: F | K24: F | L24: P14 | M24: P14 | N24: P14 | O24: P14 | P24: F | Q24: F | R24: P06 | S24: P06 | T24: P06 | U24: P06 | V24: F | W24: F | X24: P14 | Y24: P14 | Z24: P14 | AA24: P14 | AB24: F | AC24: F | AD24: P06 | AE24: P06 | AF24: P06 | AG24: P06 | AH24: F | AK24: =COUNTIF(E24:AH24, "UA") -> 0 | AL24: =AJ24-AK24 -> 0 | AO24: =COUNTIF(E24:AH24, "U") -> 0 | AP24: =AN24-AO24 -> 0 | AR24: =COUNTIF(E24:AH24,"P*")+COUNTIF(E24:AH24,"H*")+COUNTIF(E24:AH24,"T*")-COUNTIF(E24:AH24,"H")-COUNTIF(E24:AH24,"P") -> 20
B25: Hubs Services Team | C25: Raquel Oliveira | D25: OLIVEIRA, RAQUEL ALEXANDRA | E25: P06 | F25: P06 | G25: P06 | H25: F | I25: F | J25: P22 | K25: P22 | L25: P22 | M25: P22 | N25: F | O25: F | P25: P14 | Q25: P14 | R25: P14 | S25: P14 | T25: F | U25: F | V25: P06 | W25: P06 | X25: P06 | Y25: P06 | Z25: F | AA25: F | AB25: P14 | AC25: P14 | AD25: P14 | AE25: P14 | AF25: F | AG25: F | AH25: P06 | AK25: =COUNTIF(E25:AH25, "UA") -> 0 | AL25: =AJ25-AK25 -> 0 | AO25: =COUNTIF(E25:AH25, "U") -> 0 | AP25: =AN25-AO25 -> 0 | AR25: =COUNTIF(E25:AH25,"P*")+COUNTIF(E25:AH25,"H*")+COUNTIF(E25:AH25,"T*")-COUNTIF(E25:AH25,"H")-COUNTIF(E25:AH25,"P") -> 20
C26: Rafael Silva | D26: SILVA, RAFAEL | E26: P06 | F26: F | G26: F | H26: P06 | I26: P06 | J26: B | K26: P06 | L26: F | M26: F | N26: P22 | O26: P22 | P26: P22 | Q26: P22 | R26: F | S26: F | T26: P14 | U26: P14 | V26: P14 | W26: P14 | X26: F | Y26: F | Z26: P06 | AA26: P06 | AB26: P06 | AC26: P06 | AD26: F | AE26: F | AF26: P14 | AG26: P14 | AH26: P14 | AK26: =COUNTIF(E26:AH26, "UA") -> 0 | AL26: =AJ26-AK26 -> 0 | AO26: =COUNTIF(E26:AH26, "U") -> 0 | AP26: =AN26-AO26 -> 0 | AR26: =COUNTIF(E26:AH26,"P*")+COUNTIF(E26:AH26,"H*")+COUNTIF(E26:AH26,"T*")-COUNTIF(E26:AH26,"H")-COUNTIF(E26:AH26,"P") -> 19
C27: Jose Borges | D27: BORGES, JOSE | E27: P14 | F27: P14 | G27: P14 | H27: F | I27: F | J27: P06 | K27: P06 | L27: P06 | M27: P06 | N27: F | O27: F | P27: P06 | Q27: P06 | R27: P06 | S27: P06 | T27: F | U27: F | V27: P22 | W27: P22 | X27: P22 | Y27: P22 | Z27: F | AA27: F | AB27: P14 | AC27: P14 | AD27: P14 | AE27: P14 | AF27: F | AG27: F | AH27: P06 | AK27: =COUNTIF(E27:AH27, "UA") -> 0 | AL27: =AJ27-AK27 -> 0 | AO27: =COUNTIF(E27:AH27, "U") -> 0 | AP27: =AN27-AO27 -> 0 | AR27: =COUNTIF(E27:AH27,"P*")+COUNTIF(E27:AH27,"H*")+COUNTIF(E27:AH27,"T*")-COUNTIF(E27:AH27,"H")-COUNTIF(E27:AH27,"P") -> 20
C28: Josue Fula | D28: FULA, JOSUE | E28: P06 | F28: F | G28: F | H28: P14 | I28: P14 | J28: P14 | K28: P14 | L28: F | M28: F | N28: P06 | O28: P06 | P28: P06 | Q28: P06 | R28: F | S28: F | T28: P06 | U28: P06 | V28: P06 | W28: P06 | X28: F | Y28: F | Z28: P22 | AA28: P22 | AB28: P22 | AC28: P22 | AD28: F | AE28: F | AF28: P14 | AG28: P14 | AH28: P14 | AK28: =COUNTIF(E28:AH28, "UA") -> 0 | AL28: =AJ28-AK28 -> 0 | AO28: =COUNTIF(E28:AH28, "U") -> 0 | AP28: =AN28-AO28 -> 0 | AR28: =COUNTIF(E28:AH28,"P*")+COUNTIF(E28:AH28,"H*")+COUNTIF(E28:AH28,"T*")-COUNTIF(E28:AH28,"H")-COUNTIF(E28:AH28,"P") -> 20
C29: Barbara Pereira | D29: PEREIRA, BARBARA | E29: F | F29: P06 | G29: P06 | H29: P06 | I29: P06 | J29: F | K29: F | L29: P14 | M29: P14 | N29: P14 | O29: P14 | P29: F | Q29: F | R29: P06 | S29: P06 | T29: P06 | U29: P06 | V29: F | W29: F | X29: P06 | Y29: P06 | Z29: P06 | AA29: P06 | AB29: F | AC29: F | AD29: P22 | AE29: P22 | AF29: P22 | AG29: P22 | AH29: F | AK29: =COUNTIF(E29:AH29, "UA") -> 0 | AL29: =AJ29-AK29 -> 0 | AO29: =COUNTIF(E29:AH29, "U") -> 0 | AP29: =AN29-AO29 -> 0 | AR29: =COUNTIF(E29:AH29,"P*")+COUNTIF(E29:AH29,"H*")+COUNTIF(E29:AH29,"T*")-COUNTIF(E29:AH29,"H")-COUNTIF(E29:AH29,"P") -> 20
C30: Dulani Monteiro | D30: MONTEIRO, DULANI | E30: P06 | F30: P06 | G30: P06 | H30: F | I30: F | J30: P06 | K30: P06 | L30: P06 | M30: P06 | N30: F | O30: F | P30: P14 | Q30: P14 | R30: P14 | S30: P14 | T30: F | U30: F | V30: P06 | W30: P06 | X30: P06 | Y30: P06 | Z30: F | AA30: F | AB30: P06 | AC30: P06 | AD30: P06 | AE30: P06 | AF30: F | AG30: F | AH30: P22 | AK30: =COUNTIF(E30:AH30, "UA") -> 0 | AL30: =AJ30-AK30 -> 0 | AO30: =COUNTIF(E30:AH30, "U") -> 0 | AP30: =AN30-AO30 -> 0 | AR30: =COUNTIF(E30:AH30,"P*")+COUNTIF(E30:AH30,"H*")+COUNTIF(E30:AH30,"T*")-COUNTIF(E30:AH30,"H")-COUNTIF(E30:AH30,"P") -> 20
C31: Diogo Arantes | D31: ARANTES, DIOGO | E31: P22 | F31: F | G31: F | H31: P14 | I31: P14 | J31: P14 | K31: P14 | L31: F | M31: F | N31: P06 | O31: P06 | P31: P06 | Q31: P06 | R31: F | S31: F | T31: P14 | U31: P14 | V31: P14 | W31: P14 | X31: F | Y31: F | Z31: P06 | AA31: P06 | AB31: P06 | AC31: P06 | AD31: F | AE31: F | AF31: P06 | AG31: P06 | AH31: P06 | AK31: =COUNTIF(E31:AH31, "UA") -> 0 | AL31: =AJ31-AK31 -> 0 | AO31: =COUNTIF(E31:AH31, "U") -> 0 | AP31: =AN31-AO31 -> 0 | AR31: =COUNTIF(E31:AH31,"P*")+COUNTIF(E31:AH31,"H*")+COUNTIF(E31:AH31,"T*")-COUNTIF(E31:AH31,"H")-COUNTIF(E31:AH31,"P") -> 20
C32: Jessica Martins | D32: MARTINS, JESSICA | E32: F | F32: P22 | G32: P22 | H32: P22 | I32: P22 | J32: F | K32: F | L32: P14 | M32: P14 | N32: P14 | O32: P14 | P32: F | Q32: F | R32: P06 | S32: P06 | T32: P06 | U32: P06 | V32: F | W32: F | X32: P14 | Y32: P14 | Z32: P14 | AA32: P14 | AB32: F | AC32: F | AD32: P06 | AE32: P06 | AF32: P06 | AG32: P06 | AH32: F | AK32: =COUNTIF(E32:AH32, "UA") -> 0 | AL32: =AJ32-AK32 -> 0 | AO32: =COUNTIF(E32:AH32, "U") -> 0 | AP32: =AN32-AO32 -> 0 | AR32: =COUNTIF(E32:AH32,"P*")+COUNTIF(E32:AH32,"H*")+COUNTIF(E32:AH32,"T*")-COUNTIF(E32:AH32,"H")-COUNTIF(E32:AH32,"P") -> 20
C33: Carla Ferreira | D33: FERREIRA, CARLA | E33: P14 | F33: P14 | G33: F | H33: F | I33: P06 | J33: P06 | K33: P06 | L33: P06 | M33: F | N33: F | O33: P14 | P33: P14 | Q33: P14 | R33: P14 | S33: F | T33: F | U33: P06 | V33: P06 | W33: P06 | X33: P06 | Y33: F | Z33: F | AA33: P14 | AB33: P14 | AC33: P14 | AD33: P14 | AE33: F | AF33: F | AG33: P06 | AH33: P06 | AK33: =COUNTIF(E33:AH33, "UA") -> 0 | AL33: =AJ33-AK33 -> 0 | AO33: =COUNTIF(E33:AH33, "U") -> 0 | AP33: =AN33-AO33 -> 0 | AR33: =COUNTIF(E33:AH33,"P*")+COUNTIF(E33:AH33,"H*")+COUNTIF(E33:AH33,"T*")-COUNTIF(E33:AH33,"H")-COUNTIF(E33:AH33,"P") -> 20
C34: Rafael Medina | D34: MEDINA, RAFAEL | E34: F | F34: F | G34: P14 | H34: P14 | I34: P14 | J34: P14 | K34: F | L34: F | M34: P06 | N34: P06 | O34: P06 | P34: P06 | Q34: F | R34: F | S34: P14 | T34: P14 | U34: B | V34: P14 | W34: F | X34: F | Y34: P06 | Z34: P06 | AA34: P06 | AB34: P06 | AC34: F | AD34: F | AE34: P14 | AF34: P14 | AG34: P14 | AH34: P14 | AK34: =COUNTIF(E34:AH34, "UA") -> 0 | AL34: =AJ34-AK34 -> 0 | AO34: =COUNTIF(E34:AH34, "U") -> 0 | AP34: =AN34-AO34 -> 0 | AR34: =COUNTIF(E34:AH34,"P*")+COUNTIF(E34:AH34,"H*")+COUNTIF(E34:AH34,"T*")-COUNTIF(E34:AH34,"H")-COUNTIF(E34:AH34,"P") -> 19
C35: Catia Neves | D35: NEVES, CATIA | E35: P06 | F35: P06 | G35: P06 | H35: P06 | I35: F | J35: F | K35: P14 | L35: P14 | M35: P14 | N35: P14 | O35: F | P35: F | Q35: P06 | R35: P06 | S35: P06 | T35: P06 | U35: F | V35: F | W35: P14 | X35: P14 | Y35: P14 | Z35: P14 | AA35: F | AB35: F | AC35: P06 | AD35: P06 | AE35: P06 | AF35: P06 | AG35: F | AH35: F | AK35: =COUNTIF(E35:AH35, "UA") -> 0 | AL35: =AJ35-AK35 -> 0 | AO35: =COUNTIF(E35:AH35, "U") -> 0 | AP35: =AN35-AO35 -> 0 | AR35: =COUNTIF(E35:AH35,"P*")+COUNTIF(E35:AH35,"H*")+COUNTIF(E35:AH35,"T*")-COUNTIF(E35:AH35,"H")-COUNTIF(E35:AH35,"P") -> 20
B36: LHX & Catering | C36: Ana Telma Carvalho | D36: CARVALHO, ANA | E36: P13 | F36: P13 | G36: P13 | H36: P13 | I36: F | J36: F | K36: H05 | L36: H05 | M36: H05 | N36: H05 | O36: F | P36: F | Q36: P13 | R36: P13 | S36: P13 | T36: P13 | U36: F | V36: F | W36: H05 | X36: H05 | Y36: H05 | Z36: H05 | AA36: F | AB36: F | AC36: P13 | AD36: P13 | AE36: P13 | AF36: P13 | AG36: F | AH36: F | AK36: =COUNTIF(E36:AH36, "UA") -> 0 | AL36: =AJ36-AK36 -> 0 | AO36: =COUNTIF(E36:AH36, "U") -> 0 | AP36: =AN36-AO36 -> 0 | AR36: =COUNTIF(E36:AH36,"P*")+COUNTIF(E36:AH36,"H*")+COUNTIF(E36:AH36,"T*")-COUNTIF(E36:AH36,"H")-COUNTIF(E36:AH36,"P") -> 20
C37: Catia Craveiro | D37: CRAVEIRO, CATIA | E37: F | F37: F | G37: H05 | H37: H05 | I37: H05 | J37: H05 | K37: F | L37: F | M37: P13 | N37: P13 | O37: P13 | P37: P13 | Q37: F | R37: F | S37: H05 | T37: H05 | U37: H05 | V37: H05 | W37: F | X37: F | Y37: P13 | Z37: P13 | AA37: P13 | AB37: P13 | AC37: F | AD37: F | AE37: H05 | AF37: H05 | AG37: H05 | AH37: H05 | AK37: =COUNTIF(E37:AH37, "UA") -> 0 | AL37: =AJ37-AK37 -> 0 | AO37: =COUNTIF(E37:AH37, "U") -> 0 | AP37: =AN37-AO37 -> 0 | AR37: =COUNTIF(E37:AH37,"P*")+COUNTIF(E37:AH37,"H*")+COUNTIF(E37:AH37,"T*")-COUNTIF(E37:AH37,"H")-COUNTIF(E37:AH37,"P") -> 20
C38: Maria Vitoria Almeida | D38: ALMEIDA, MARIA VITORIA | E38: H05 | F38: H05 | G38: F | H38: F | I38: P13 | J38: P13 | K38: P13 | L38: P13 | M38: F | N38: F | O38: H05 | P38: H05 | Q38: H05 | R38: H05 | S38: F | T38: F | U38: P13 | V38: P13 | W38: P13 | X38: P13 | Y38: F | Z38: F | AA38: B | AB38: H05 | AC38: H05 | AD38: H05 | AE38: F | AF38: F | AG38: P13 | AH38: P13 | AK38: =COUNTIF(E38:AH38, "UA") -> 0 | AL38: =AJ38-AK38 -> 0 | AO38: =COUNTIF(E38:AH38, "U") -> 0 | AP38: =AN38-AO38 -> 0 | AR38: =COUNTIF(E38:AH38,"P*")+COUNTIF(E38:AH38,"H*")+COUNTIF(E38:AH38,"T*")-COUNTIF(E38:AH38,"H")-COUNTIF(E38:AH38,"P") -> 19
C39: Jessica Santos | D39: SANTOS, JESSICA | E39: H05 | F39: H05 | G39: F | H39: F | I39: P13 | J39: P13 | K39: P13 | L39: P13 | M39: F | N39: F | O39: H05 | P39: H05 | Q39: H05 | R39: H05 | S39: F | T39: F | U39: P13 | V39: P13 | W39: P13 | X39: P13 | Y39: F | Z39: F | AA39: H05 | AB39: H05 | AC39: H05 | AD39: H05 | AE39: F | AF39: F | AG39: P13 | AH39: P13 | AK39: =COUNTIF(E39:AH39, "UA") -> 0 | AL39: =AJ39-AK39 -> 0 | AO39: =COUNTIF(E39:AH39, "U") -> 0 | AP39: =AN39-AO39 -> 0 | AR39: =COUNTIF(E39:AH39,"P*")+COUNTIF(E39:AH39,"H*")+COUNTIF(E39:AH39,"T*")-COUNTIF(E39:AH39,"H")-COUNTIF(E39:AH39,"P") -> 20
B40: INAD HUB/CG/DEPO | C40: Cristiana Ferreira | D40: FERREIRA, CRISTIANA MARGARIDA | E40: M | F40: M | G40: M | H40: M | I40: M | J40: M | K40: M | L40: M | M40: M | N40: M | O40: M | P40: M | Q40: M | R40: M | S40: M | T40: M | U40: M | V40: M | W40: M | X40: M | Y40: M | Z40: M | AA40: M | AB40: M | AC40: M | AD40: M | AE40: M | AF40: M | AG40: M | AH40: M | AK40: =COUNTIF(E40:AH40, "UA") -> 0 | AL40: =AJ40-AK40 -> 0 | AO40: =COUNTIF(E40:AH40, "U") -> 0 | AP40: =AN40-AO40 -> 0 | AR40: =COUNTIF(E40:AH40,"P*")+COUNTIF(E40:AH40,"H*")+COUNTIF(E40:AH40,"T*")-COUNTIF(E40:AH40,"H")-COUNTIF(E40:AH40,"P") -> 0
C41: Mauro Silva | D41: SILVA, MAURO | E41: P08/ | F41: P08/ | G41: P08/ | H41: P08/ | I41: P08/ | J41: F | K41: F | L41: P08/ | M41: P08/ | N41: P08/ | O41: P08/ | P41: P08/ | Q41: F | R41: F | S41: P08/ | T41: P08/ | U41: P08/ | V41: P08/ | W41: P08/ | X41: F | Y41: F | Z41: P08/ | AA41: P08/ | AB41: P08/ | AC41: P08/ | AD41: P08/ | AE41: F | AF41: F | AG41: P08/ | AH41: P08/ | AK41: =COUNTIF(E41:AH41, "UA") -> 0 | AL41: =AJ41-AK41 -> 0 | AO41: =COUNTIF(E41:AH41, "U") -> 0 | AP41: =AN41-AO41 -> 0 | AR41: =COUNTIF(E41:AH41,"P*")+COUNTIF(E41:AH41,"H*")+COUNTIF(E41:AH41,"T*")-COUNTIF(E41:AH41,"H")-COUNTIF(E41:AH41,"P") -> 22
C42: Tiago Abreu | D42: ABREU, TIAGO | E42: P08 | F42: P08 | G42: P08 | H42: P08 | I42: P08 | J42: F | K42: F | L42: P08 | M42: P08 | N42: P08 | O42: P08 | P42: P08 | Q42: F | R42: B | S42: B* | T42: P08 | U42: P08 | V42: P08 | W42: P08 | X42: F | Y42: F | Z42: P08 | AA42: P08 | AB42: P08 | AC42: P08 | AD42: P08 | AE42: F | AF42: F | AG42: P08 | AH42: P08 | AK42: =COUNTIF(E42:AH42, "UA") -> 0 | AL42: =AJ42-AK42 -> 0 | AO42: =COUNTIF(E42:AH42, "U") -> 0 | AP42: =AN42-AO42 -> 0 | AR42: =COUNTIF(E42:AH42,"P*")+COUNTIF(E42:AH42,"H*")+COUNTIF(E42:AH42,"T*")-COUNTIF(E42:AH42,"H")-COUNTIF(E42:AH42,"P") -> 21
C43: Maria Burca | D43: BURCA, MARIA | E43: F | F43: F | G43: P06 | H43: P06 | I43: P06 | J43: P06 | K43: F | L43: F | M43: P14 | N43: P14 | O43: P14 | P43: P14 | Q43: F | R43: F | S43: P06 | T43: P06 | U43: P06 | V43: P06 | W43: F | X43: F | Y43: P14 | Z43: P14 | AA43: P14 | AB43: P14 | AC43: F | AD43: F | AE43: P06 | AF43: P06 | AG43: P06 | AH43: P06 | AK43: =COUNTIF(E43:AH43, "UA") -> 0 | AL43: =AJ43-AK43 -> 0 | AO43: =COUNTIF(E43:AH43, "U") -> 0 | AP43: =AN43-AO43 -> 0 | AR43: =COUNTIF(E43:AH43,"P*")+COUNTIF(E43:AH43,"H*")+COUNTIF(E43:AH43,"T*")-COUNTIF(E43:AH43,"H")-COUNTIF(E43:AH43,"P") -> 20
C44: Tassiana Bastos | D44: BASTOS, TASSIANA | E44: F | F44: F | G44: P06 | H44: P06 | I44: P06 | J44: P06 | K44: F | L44: F | M44: P14 | N44: P14 | O44: P14 | P44: P14 | Q44: F | R44: F | S44: P06 | T44: P06 | U44: P06 | V44: P06 | W44: F | X44: F | Y44: P14 | Z44: P14 | AA44: P14 | AB44: P14 | AC44: F | AD44: F | AE44: P06 | AF44: P06 | AG44: P06 | AH44: P06 | AK44: =COUNTIF(E44:AH44, "UA") -> 0 | AL44: =AJ44-AK44 -> 0 | AO44: =COUNTIF(E44:AH44, "U") -> 0 | AP44: =AN44-AO44 -> 0 | AR44: =COUNTIF(E44:AH44,"P*")+COUNTIF(E44:AH44,"H*")+COUNTIF(E44:AH44,"T*")-COUNTIF(E44:AH44,"H")-COUNTIF(E44:AH44,"P") -> 20
C45: Barbara Martins | D45: MARTINS, BARBARA | E45: P14 | F45: P14 | G45: P14 | H45: P14 | I45: F | J45: F | K45: P06 | L45: P06 | M45: P06 | N45: P06 | O45: F | P45: F | Q45: P14 | R45: P14 | S45: P14 | T45: P14 | U45: F | V45: F | W45: P06 | X45: P06 | Y45: P06 | Z45: P06 | AA45: F | AB45: F | AC45: P14 | AD45: P14 | AE45: P14 | AF45: P14 | AG45: F | AH45: F | AK45: =COUNTIF(E45:AH45, "UA") -> 0 | AL45: =AJ45-AK45 -> 0 | AO45: =COUNTIF(E45:AH45, "U") -> 0 | AP45: =AN45-AO45 -> 0 | AR45: =COUNTIF(E45:AH45,"P*")+COUNTIF(E45:AH45,"H*")+COUNTIF(E45:AH45,"T*")-COUNTIF(E45:AH45,"H")-COUNTIF(E45:AH45,"P") -> 20
C46: Marcos Costa | D46: COSTA, MARCOS FELIPE | E46: P14 | F46: P14 | G46: P14 | H46: P14 | I46: F | J46: F | K46: P06 | L46: P06 | M46: P06 | N46: P06 | O46: F | P46: F | Q46: P14 | R46: P14 | S46: P14 | T46: P14 | U46: F | V46: F | W46: P06 | X46: P06 | Y46: P06 | Z46: P06 | AA46: F | AB46: F | AC46: P14 | AD46: P14 | AE46: P14 | AF46: P14 | AG46: F | AH46: F | AK46: =COUNTIF(E46:AH46, "UA") -> 0 | AL46: =AJ46-AK46 -> 0 | AO46: =COUNTIF(E46:AH46, "U") -> 0 | AP46: =AN46-AO46 -> 0 | AR46: =COUNTIF(E46:AH46,"P*")+COUNTIF(E46:AH46,"H*")+COUNTIF(E46:AH46,"T*")-COUNTIF(E46:AH46,"H")-COUNTIF(E46:AH46,"P") -> 20
C47: Tatiana Monteiro | D47: MONTEIRO, TATIANA | E47: P06 | F47: P06 | G47: F | H47: F | I47: P14 | J47: P14 | K47: P14 | L47: P14 | M47: F | N47: F | O47: P06 | P47: P06 | Q47: P06 | R47: P06 | S47: F | T47: F | U47: P14 | V47: P14 | W47: P14 | X47: P14 | Y47: F | Z47: F | AA47: P06 | AB47: P06 | AC47: P06 | AD47: P06 | AE47: F | AF47: F | AG47: P14 | AH47: P14 | AK47: =COUNTIF(E47:AH47, "UA") -> 0 | AL47: =AJ47-AK47 -> 0 | AO47: =COUNTIF(E47:AH47, "U") -> 0 | AP47: =AN47-AO47 -> 0 | AR47: =COUNTIF(E47:AH47,"P*")+COUNTIF(E47:AH47,"H*")+COUNTIF(E47:AH47,"T*")-COUNTIF(E47:AH47,"H")-COUNTIF(E47:AH47,"P") -> 20
B49: Servico | C49: TOTAL TURNO X | E49: =COUNTIF(C5:C47,$C$49) -> 0
C50: TOTAL TURNO X | E50: =COUNTIF(C5:C47,$C$50) -> 0
C51: TOTAL Dia | E51: =E49+E50 -> 0
E54: F | F54: Folga | K54: FJ | L54: Falta Justificada | Q54: Legenda | V54: Horário | Y54: Pausa
E55: A | F55: Folga de compensacao | K55: FINJ | L55: Falta Injustificada | Q55: H | R55: Home Office | U55: P22 | V55: 22h00-06h00 | Y55: 02h00 - 02h30
E56: H | F56: Feriado | K56: M | L56: Licenca | Q56: P | R56: Presencial | U56: P23 | V56: 23h00-07h00 | Y56: 03h00 - 03h30
E57: U | F57: Ferias | K57: P | L57: Licenca | Q57: - | R57: 45min | U57: H03/ | V57: 03h30-11h30 | Y57: 07h30 - 08h00
E58: UA | F58: Ferias do ano anterior | K58: S1 | L58: Licenca | Q58: / | R58: 30min | U58: H05 | V58: 05h00-13h00 | Y58: 09h00 - 09h30
E59: H | F59: Feriado nao aprovado | K59: K | L59: Ausente | Q59: * | R59: 15min | U59: H05/ | V59: 05h30-13h30 | Y59: 09h30 - 10h00
E60: U | F60: Dia de ferias nao aprovado | K60: K1 | L60: Ausente | U60: P05- | V60: 05h45-13h45 | Y60: 09h45 - 10h15
E61: B | F61: Birthday | K61: K2 | L61: Ausente | U61: P06 | V61: 06h00 - 14h00 | Y61: 10h00 - 10h30
E62: B* | F62: Birthday - dia alternativo | K62: K6 | L62: Ausente | U62: P06/ | V62: 06h30 - 14h30 | Y62: 10h30 - 11h00
E63: TR | F63: Training | K63: E | L63: Ausente | U63: P06- | V63: 06h45 - 14h45 | Y63: 10h45 - 11h15
E64: S3 | F64: Ausencia Especial | K64: EM | L64: Ausente | U64: P07 | V64: 07h00-15h00 | Y64: 11h00 - 11h30
E65: TB | F65: Team Building | K65: J | L65: Ausente | U65: P07* | V65: 07h15-15h15 | Y65: 11h15 - 11h45
E66: R | F66: Viagem em Servico | K66: NO | L66: Ausente | U66: P07/ | V66: 07h30 - 15h30 | Y66: 11h30 - 12h00
E67: D | F67: Viagem em Servico Alemanha | K67: CM1 | L67: Ausente | U67: P07- | V67: 07h45 - 15h45 | Y67: 11h45 - 12h15
E68: SE | F68: Servico Especial | K68: V | L68: Solidariedade | U68: P08 | V68: 08h00-16h00 | Y68: 12h00 - 12h30
U69: P08* | V69: 08h15-16h15 | Y69: 12h15 - 12h45
U70: P08/ | V70: 08h30-16h30 | Y70: 12h30 - 13h30
U71: P08- | V71: 08h45-16h45 | Y71: 12h45 - 13h15
U72: P09 | V72: 09h00-17h00 | Y72: 13h00 - 13h30
U73: P09* | V73: 09h15-17h15 | Y73: 13h15 - 13h45
U74: P10 | V74: 10h00-18h00 | Y74: 14h00 - 14h30
U75: P11 | V75: 11h00-19h00 | Y75: 15h00 - 15h30
U76: P12 | V76: 12h00-20h00 | Y76: 16h00 - 16h30
U77: P13 | V77: 13h00-21h00 | Y77: 17h00 - 17h30
U78: P14 | V78: 14h00-22h00 | Y78: 18h00 - 18h30
U79: P15 | V79: 15h00-23h00 | Y79: 19h00 - 19h30
U80: P16 | V80: 16h00-00h00 | Y80: 20h00 - 20h30
U81: H17 | V81: 17h00-01h00 | Y81: 21h00 - 21h30

Sheet JUL
B2: Not Finalized | C2: HUB Services | E2: LGSP - Lufthansa Ground Services Portugal NIF : 509 842 593 Atividade: CAE 52230.R3 Sede e local de trabalho: Avenida da Boavista ED.Burgo, 1837 sala 13.1 Horario de Funcionamento: 24/7 IRT: Não Aplicável | AK2: Ferias 2025 | AO2: Ferias 2026 | AS2: Dias Trabalhados
C3: Julho | E3: Qua | F3: Qui | G3: Sex | H3: Sab | I3: Dom | J3: Seg | K3: Ter | L3: Qua | M3: Qui | N3: Sex | O3: Sab | P3: Dom | Q3: Seg | R3: Ter | S3: Qua | T3: Qui | U3: Sex | V3: Sab | W3: Dom | X3: Seg | Y3: Ter | Z3: Qua | AA3: Qui | AB3: Sex | AC3: Sab | AD3: Dom | AE3: Seg | AF3: Ter | AG3: Qua | AH3: Qui | AI3: Sex
E4: 1 | F4: 2 | G4: 3 | H4: 4 | I4: 5 | J4: 6 | K4: 7 | L4: 8 | M4: 9 | N4: 10 | O4: 11 | P4: 12 | Q4: 13 | R4: 14 | S4: 15 | T4: 16 | U4: 17 | V4: 18 | W4: 19 | X4: 20 | Y4: 21 | Z4: 22 | AA4: 23 | AB4: 24 | AC4: 25 | AD4: 26 | AE4: 27 | AF4: 28 | AG4: 29 | AH4: 30 | AI4: 31 | AK4: 2025 | AL4: Used | AM4: Left | AO4: 2026 | AP4: Used | AQ4: Left
B5: Hub Services Supervision | C5: Catarina Ferreira | D5: FERREIRA, CATARINA | E5: F | F5: F | G5: P14 | H5: P14 | I5: P14 | J5: P14 | K5: F | L5: F | M5: P06 | N5: P06 | O5: P06 | P5: P06 | Q5: F | R5: F | S5: P14 | T5: P14 | U5: P14 | V5: P14 | W5: F | X5: F | Y5: P06 | Z5: P06 | AA5: P06 | AB5: P06 | AC5: F | AD5: F | AE5: P14 | AF5: P14 | AG5: P14 | AH5: P14 | AI5: F | AL5: =COUNTIF(E5:AI5, "UA") -> 0 | AM5: =AK5-AL5 -> 0 | AP5: =COUNTIF(E5:AI5, "U") -> 0 | AQ5: =AO5-AP5 -> 0 | AS5: =COUNTIF(E5:AI5,"P*")+COUNTIF(E5:AI5,"H*")+COUNTIF(E5:AI5,"T*")-COUNTIF(E5:AI5,"H")-COUNTIF(E5:AI5,"P") -> 20
C6: Miguel Pinto | D6: PINTO, MIGUEL | E6: P14 | F6: P14 | G6: F | H6: F | I6: P06 | J6: P06 | K6: P06 | L6: P06 | M6: F | N6: F | O6: P14 | P6: P14 | Q6: P14 | R6: P14 | S6: F | T6: F | U6: P06 | V6: P06 | W6: P06 | X6: P06 | Y6: F | Z6: F | AA6: P14 | AB6: P14 | AC6: P14 | AD6: P14 | AE6: F | AF6: F | AG6: P06 | AH6: P06 | AI6: P06 | AL6: =COUNTIF(E6:AI6, "UA") -> 0 | AM6: =AK6-AL6 -> 0 | AP6: =COUNTIF(E6:AI6, "U") -> 0 | AQ6: =AO6-AP6 -> 0 | AS6: =COUNTIF(E6:AI6,"P*")+COUNTIF(E6:AI6,"H*")+COUNTIF(E6:AI6,"T*")-COUNTIF(E6:AI6,"H")-COUNTIF(E6:AI6,"P") -> 21
C7: João Santos Silva | D7: SANTOS SILVA, JOAO | E7: F | F7: P14 | G7: P14 | H7: P14 | I7: P14 | J7: F | K7: F | L7: P06 | M7: P06 | N7: P06 | O7: P06 | P7: F | Q7: F | R7: P14 | S7: P14 | T7: P14 | U7: P14 | V7: F | W7: F | X7: P06 | Y7: P06 | Z7: P06 | AA7: P06 | AB7: F | AC7: F | AD7: P14 | AE7: P14 | AF7: P14 | AG7: P14 | AH7: F | AI7: F | AL7: =COUNTIF(E7:AI7, "UA") -> 0 | AM7: =AK7-AL7 -> 0 | AP7: =COUNTIF(E7:AI7, "U") -> 0 | AQ7: =AO7-AP7 -> 0 | AS7: =COUNTIF(E7:AI7,"P*")+COUNTIF(E7:AI7,"H*")+COUNTIF(E7:AI7,"T*")-COUNTIF(E7:AI7,"H")-COUNTIF(E7:AI7,"P") -> 20
C8: Ana Magalhães | D8: MAGALHAES, ANA CATARINA | E8: P06 | F8: F | G8: F | H8: P14 | I8: P14 | J8: P14 | K8: P14 | L8: F | M8: F | N8: P06 | O8: P06 | P8: P06 | Q8: P06 | R8: F | S8: F | T8: P14 | U8: P14 | V8: P14 | W8: P14 | X8: F | Y8: F | Z8: P06 | AA8: P06 | AB8: P06 | AC8: P06 | AD8: F | AE8: F | AF8: P14 | AG8: P14 | AH8: P14 | AI8: P14 | AL8: =COUNTIF(E8:AI8, "UA") -> 0 | AM8: =AK8-AL8 -> 0 | AP8: =COUNTIF(E8:AI8, "U") -> 0 | AQ8: =AO8-AP8 -> 0 | AS8: =COUNTIF(E8:AI8,"P*")+COUNTIF(E8:AI8,"H*")+COUNTIF(E8:AI8,"T*")-COUNTIF(E8:AI8,"H")-COUNTIF(E8:AI8,"P") -> 21
C9: Jorge Gonçalves | D9: GONCALVES, JORGE | E9: P14 | F9: P14 | G9: P14 | H9: F | I9: F | J9: P06 | K9: P06 | L9: P06 | M9: P06 | N9: F | O9: F | P9: P14 | Q9: P14 | R9: P14 | S9: P14 | T9: F | U9: F | V9: P06 | W9: P06 | X9: P06 | Y9: P06 | Z9: F | AA9: F | AB9: P14 | AC9: P14 | AD9: P14 | AE9: P14 | AF9: F | AG9: F | AH9: P06 | AI9: P06 | AL9: =COUNTIF(E9:AI9, "UA") -> 0 | AM9: =AK9-AL9 -> 0 | AP9: =COUNTIF(E9:AI9, "U") -> 0 | AQ9: =AO9-AP9 -> 0 | AS9: =COUNTIF(E9:AI9,"P*")+COUNTIF(E9:AI9,"H*")+COUNTIF(E9:AI9,"T*")-COUNTIF(E9:AI9,"H")-COUNTIF(E9:AI9,"P") -> 21
C10: Sara Medeiros | D10: MEDEIROS, SARA | E10: P14 | F10: F | G10: F | H10: P06 | I10: P06 | J10: P06 | K10: P06 | L10: F | M10: F | N10: P14 | O10: P14 | P10: P14 | Q10: P14 | R10: F | S10: F | T10: P06 | U10: P06 | V10: P06 | W10: P06 | X10: F | Y10: F | Z10: P14 | AA10: P14 | AB10: P14 | AC10: P14 | AD10: F | AE10: F | AF10: P06 | AG10: P06 | AH10: P06 | AI10: P06 | AL10: =COUNTIF(E10:AI10, "UA") -> 0 | AM10: =AK10-AL10 -> 0 | AP10: =COUNTIF(E10:AI10, "U") -> 0 | AQ10: =AO10-AP10 -> 0 | AS10: =COUNTIF(E10:AI10,"P*")+COUNTIF(E10:AI10,"H*")+COUNTIF(E10:AI10,"T*")-COUNTIF(E10:AI10,"H")-COUNTIF(E10:AI10,"P") -> 21
C11: Catarina Pereira | D11: PEREIRA, CATARINA | E11: P06 | F11: P06 | G11: P06 | H11: F | I11: F | J11: P14 | K11: P14 | L11: P14 | M11: P14 | N11: F | O11: F | P11: P06 | Q11: P06 | R11: P06 | S11: P06 | T11: F | U11: F | V11: P14 | W11: P14 | X11: P14 | Y11: P14 | Z11: F | AA11: F | AB11: P06 | AC11: P06 | AD11: P06 | AE11: P06 | AF11: F | AG11: F | AH11: P14 | AI11: P14 | AL11: =COUNTIF(E11:AI11, "UA") -> 0 | AM11: =AK11-AL11 -> 0 | AP11: =COUNTIF(E11:AI11, "U") -> 0 | AQ11: =AO11-AP11 -> 0 | AS11: =COUNTIF(E11:AI11,"P*")+COUNTIF(E11:AI11,"H*")+COUNTIF(E11:AI11,"T*")-COUNTIF(E11:AI11,"H")-COUNTIF(E11:AI11,"P") -> 21
C12: Catia Martins | D12: MARTINS, CATIA | E12: F | F12: P06 | G12: P06 | H12: P06 | I12: P06 | J12: F | K12: F | L12: P14 | M12: P14 | N12: P14 | O12: P14 | P12: F | Q12: F | R12: P06 | S12: P06 | T12: P06 | U12: P06 | V12: F | W12: F | X12: P14 | Y12: P14 | Z12: P14 | AA12: P14 | AB12: F | AC12: F | AD12: P06 | AE12: P06 | AF12: P06 | AG12: P06 | AH12: F | AI12: F | AL12: =COUNTIF(E12:AI12, "UA") -> 0 | AM12: =AK12-AL12 -> 0 | AP12: =COUNTIF(E12:AI12, "U") -> 0 | AQ12: =AO12-AP12 -> 0 | AS12: =COUNTIF(E12:AI12,"P*")+COUNTIF(E12:AI12,"H*")+COUNTIF(E12:AI12,"T*")-COUNTIF(E12:AI12,"H")-COUNTIF(E12:AI12,"P") -> 20
B13: Remote Passenger Recovery Team | C13: Ricardo Bessa | D13: BESSA, RICARDO | E13: P06 | F13: P06 | G13: P06 | H13: F | I13: F | J13: P06 | K13: P06 | L13: P06 | M13: P06 | N13: F | O13: F | P13: P22 | Q13: P22 | R13: P22 | S13: P22 | T13: F | U13: F | V13: P14 | W13: P14 | X13: P14 | Y13: P14 | Z13: F | AA13: F | AB13: P06 | AC13: P06 | AD13: P06 | AE13: P06 | AF13: F | AG13: F | AH13: P14 | AI13: P14 | AL13: =COUNTIF(E13:AI13, "UA") -> 0 | AM13: =AK13-AL13 -> 0 | AP13: =COUNTIF(E13:AI13, "U") -> 0 | AQ13: =AO13-AP13 -> 0 | AS13: =COUNTIF(E13:AI13,"P*")+COUNTIF(E13:AI13,"H*")+COUNTIF(E13:AI13,"T*")-COUNTIF(E13:AI13,"H")-COUNTIF(E13:AI13,"P") -> 21
C14: Samuel Neves | D14: NEVES, SAMUEL | E14: P14 | F14: F | G14: F | H14: P06 | I14: P06 | J14: P06 | K14: P06 | L14: F | M14: F | N14: P06 | O14: P06 | P14: P06 | Q14: P06 | R14: F | S14: F | T14: P22 | U14: P22 | V14: P22 | W14: P22 | X14: F | Y14: F | Z14: P14 | AA14: P14 | AB14: P14 | AC14: P14 | AD14: F | AE14: F | AF14: P06 | AG14: P06 | AH14: P06 | AI14: P06 | AL14: =COUNTIF(E14:AI14, "UA") -> 0 | AM14: =AK14-AL14 -> 0 | AP14: =COUNTIF(E14:AI14, "U") -> 0 | AQ14: =AO14-AP14 -> 0 | AS14: =COUNTIF(E14:AI14,"P*")+COUNTIF(E14:AI14,"H*")+COUNTIF(E14:AI14,"T*")-COUNTIF(E14:AI14,"H")-COUNTIF(E14:AI14,"P") -> 21
C15: Ricardo Medeiros | D15: MEDEIROS, RICARDO | E15: F | F15: P14 | G15: P14 | H15: P14 | I15: P14 | J15: F | K15: F | L15: P06 | M15: P06 | N15: P06 | O15: P06 | P15: F | Q15: F | R15: P06 | S15: P06 | T15: P06 | U15: P06 | V15: F | W15: F | X15: P22 | Y15: P22 | Z15: P22 | AA15: P22 | AB15: F | AC15: F | AD15: P14 | AE15: P14 | AF15: P14 | AG15: P14 | AH15: F | AI15: F | AL15: =COUNTIF(E15:AI15, "UA") -> 0 | AM15: =AK15-AL15 -> 0 | AP15: =COUNTIF(E15:AI15, "U") -> 0 | AQ15: =AO15-AP15 -> 0 | AS15: =COUNTIF(E15:AI15,"P*")+COUNTIF(E15:AI15,"H*")+COUNTIF(E15:AI15,"T*")-COUNTIF(E15:AI15,"H")-COUNTIF(E15:AI15,"P") -> 20
